epoch	left_pid	left_rxq	left_drops	right_pid	right_rxq	right_drops
1786945757.412479382	33	0	188	41	0	23
1786945757.542094892	33	0	188	41	0	23
1786945757.662158026	33	0	188	41	0	23
1786945757.781284934	33	0	188	41	0	23
1786945757.908037925	33	0	188	41	0	23
1786945758.027254117	33	0	188	41	0	23
1786945758.146445671	33	0	188	41	0	23
1786945758.269496534	33	0	188	41	0	23
1786945758.393972367	33	0	188	41	0	23
1786945758.518461928	33	0	188	41	0	23
1786945758.637914507	33	0	188	41	0	23
1786945758.757192780	33	0	188	41	0	23
1786945758.876637293	33	0	188	41	0	23
1786945759.009895637	33	0	188	41	0	23
1786945759.132793774	33	0	188	41	0	23
1786945759.256579851	33	0	188	41	0	23
1786945759.376314487	33	0	188	41	0	23
1786945759.497215172	33	0	188	41	0	23
1786945759.618316689	33	0	188	41	0	23
1786945759.742248690	33	0	188	41	0	23
1786945759.862660818	33	0	188	41	0	23
1786945759.983239728	33	0	188	41	0	23
1786945760.103907014	33	0	188	41	0	23
1786945760.224403120	33	0	188	41	0	23
1786945760.345333148	33	0	188	41	0	23
1786945760.466654958	33	0	188	41	0	23
1786945760.598564234	33	0	188	41	0	23
1786945760.719432038	33	0	188	41	0	23
1786945760.843805699	33	0	188	41	0	23
1786945760.964801337	33	0	188	41	0	23
1786945761.086470112	33	0	188	41	0	23
1786945761.207668158	33	0	188	41	0	23
1786945761.328769128	33	0	188	41	0	23
1786945761.450412187	33	0	188	41	0	23
1786945761.571150813	33	0	188	41	0	23
1786945761.703711384	33	0	188	41	0	23
1786945761.834149526	33	0	188	41	0	23
1786945761.955166125	33	0	188	41	0	23
1786945762.079923447	33	0	188	41	0	23
1786945762.204658475	33	0	188	41	0	23
1786945762.327359418	33	0	188	41	0	23
1786945762.449382524	33	0	188	41	0	23
1786945762.575840450	33	0	188	41	0	23
1786945762.697218340	33	0	188	41	0	23
1786945762.819383221	33	0	188	41	0	23
1786945762.940557047	33	0	188	41	0	23
1786945763.063974673	33	0	188	41	0	23
1786945763.184591857	33	0	188	41	0	23
1786945763.309781517	33	0	188	41	0	23
1786945763.439128273	33	0	188	41	0	23
1786945763.567051572	33	0	188	41	0	23
1786945763.692197813	33	0	188	41	0	23
1786945763.812946159	33	0	188	41	0	23
1786945763.933999408	33	0	188	41	0	23
1786945764.059341534	33	0	188	41	0	23
1786945764.179993011	33	0	188	41	0	23
1786945764.301389870	33	0	188	41	0	23
1786945764.422665645	33	0	188	41	0	23
1786945764.555422805	33	0	188	41	0	23
1786945764.676188859	33	0	188	41	0	23
1786945764.796786919	33	0	188	41	0	23
1786945764.917523505	33	0	188	41	0	23
1786945765.038557064	33	0	188	41	0	23
1786945765.159949836	33	0	188	41	0	23
1786945765.289163879	33	0	188	41	0	23
1786945765.414932914	33	0	188	41	0	23
1786945765.539094476	33	0	188	41	0	23
1786945765.659164444	33	0	188	41	0	23
1786945765.779085749	33	0	188	41	0	23
1786945765.902669067	33	0	188	41	0	23
1786945766.022764432	33	0	188	41	0	23
1786945766.150692742	33	0	188	41	0	23
1786945766.278207677	33	0	188	41	0	23
1786945766.398632690	33	0	188	41	0	23
1786945766.519622208	33	0	188	41	0	23
1786945766.639575261	33	0	188	41	0	23
1786945766.767194404	33	0	188	41	0	23
1786945766.890180025	33	0	188	41	0	23
1786945767.010058932	33	0	188	41	0	23
1786945767.129882451	33	0	188	41	0	23
1786945767.249555912	33	0	188	41	0	23
1786945767.370271597	33	0	188	41	0	23
1786945767.490889802	33	0	188	41	0	23
1786945767.610857024	33	0	188	41	0	23
1786945767.730747206	33	0	188	41	0	23
1786945767.849997972	33	0	188	41	0	23
1786945767.969146658	33	0	188	41	0	23
1786945768.092539628	33	0	188	41	0	23
1786945768.211661430	33	0	188	41	0	23
1786945768.330959595	33	0	188	41	0	23
1786945768.450612527	33	0	188	41	0	23
1786945768.570002502	33	0	188	41	0	23
1786945768.689095180	33	0	188	41	0	23
1786945768.811584653	33	0	188	41	0	23
1786945768.931258784	33	0	188	41	0	23
1786945769.054522027	33	0	188	41	0	23
1786945769.176592049	33	0	188	41	0	23
1786945769.296367403	33	0	188	41	0	23
1786945769.416181677	33	0	188	41	0	23
1786945769.539522090	33	0	188	41	0	23
1786945769.658528098	33	0	188	41	0	23
1786945769.777762852	33	0	188	41	0	23
1786945769.900816134	33	0	188	41	0	23
1786945770.019830569	33	0	188	41	0	23
1786945770.142482067	33	0	188	41	0	23
1786945770.262321655	33	0	188	41	0	23
1786945770.382292427	33	0	188	41	0	23
1786945770.502081024	33	0	188	41	0	23
1786945770.621611664	33	0	188	41	0	23
1786945770.740539736	33	0	188	41	0	23
1786945770.858886739	33	0	188	41	0	23
1786945770.977944472	33	0	188	41	0	23
1786945771.097319815	33	0	188	41	0	23
1786945771.216493169	33	0	188	41	0	23
1786945771.336020180	33	0	188	41	0	23
1786945771.456786351	33	0	188	41	0	23
1786945771.583689475	33	0	188	41	0	23
1786945771.703319482	33	0	188	41	0	23
1786945771.822493166	33	0	188	41	0	23
1786945771.946001889	33	0	188	41	0	23
1786945772.064542239	33	0	188	41	0	23
1786945772.187822359	33	0	188	41	0	23
1786945772.316511493	33	0	188	41	0	23
1786945772.455903050	33	0	188	41	0	23
1786945772.579526226	33	0	188	41	0	23
1786945772.706888192	33	0	188	41	0	23
1786945772.829322391	33	0	188	41	0	23
1786945772.948773975	33	0	188	41	0	23
1786945773.070563420	33	0	188	41	0	23
1786945773.192894232	33	0	188	41	0	23
1786945773.312881818	33	0	188	41	0	23
1786945773.435070464	33	0	188	41	0	23
1786945773.554481726	33	0	188	41	0	23
1786945773.674003102	33	0	188	41	0	23
1786945773.792844943	33	0	188	41	0	23
1786945773.911189344	33	0	188	41	0	23
1786945774.030175897	33	0	188	41	0	23
1786945774.149306527	33	2304	188	41	0	23
1786945774.268848646	33	0	188	41	0	23
1786945774.388855796	33	0	188	41	0	23
1786945774.516240326	33	0	188	41	0	23
1786945774.636231283	33	0	188	41	0	23
1786945774.755846169	33	0	188	41	0	23
1786945774.875425153	33	0	188	41	0	23
1786945774.994659935	33	0	188	41	0	23
1786945775.114000693	33	0	188	41	0	23
1786945775.236272068	33	0	188	41	0	23
1786945775.355754005	33	0	188	41	0	23
1786945775.475676340	33	0	188	41	0	23
1786945775.595234011	33	0	188	41	0	23
1786945775.714347956	33	0	188	41	0	23
1786945775.834032615	33	0	188	41	0	23
1786945775.953199117	33	0	188	41	0	23
1786945776.072249895	33	0	188	41	0	23
1786945776.191988929	33	0	188	41	0	23
1786945776.322459959	33	0	188	41	0	23
1786945776.452798712	33	0	188	41	0	23
1786945776.579369019	33	0	188	41	0	23
1786945776.703013868	33	0	188	41	0	23
1786945776.822623247	33	0	188	41	0	23
1786945776.945768279	33	0	188	41	0	23
1786945777.064575997	33	0	188	41	0	23
1786945777.183719575	33	0	188	41	0	23
1786945777.303152101	33	0	188	41	0	23
1786945777.437432537	33	0	188	41	0	23
1786945777.556711310	33	0	188	41	0	23
1786945777.675541088	33	0	188	41	0	23
1786945777.794392588	33	0	188	41	0	23
1786945777.921873286	33	0	188	41	0	23
1786945778.044715310	33	0	188	41	0	23
1786945778.164238212	33	0	188	41	0	23
1786945778.291321664	33	0	188	41	0	23
1786945778.418247229	33	0	188	41	0	23
1786945778.542555858	33	0	188	41	0	23
1786945778.665747933	33	0	188	41	0	23
1786945778.784864751	33	0	188	41	0	23
1786945778.904321115	33	0	188	41	0	23
1786945779.023670178	33	0	188	41	0	23
1786945779.143152787	33	0	188	41	0	23
1786945779.271566062	33	0	188	41	0	23
1786945779.390599185	33	0	188	41	0	23
1786945779.510163154	33	0	188	41	0	23
1786945779.640739644	33	0	188	41	0	23
1786945779.760300278	33	0	188	41	0	23
1786945779.879716404	33	0	188	41	0	23
1786945780.002694661	33	0	188	41	0	23
1786945780.121874560	33	0	188	41	0	23
1786945780.241010840	33	0	188	41	0	23
1786945780.360499397	33	0	188	41	0	23
1786945780.480007108	33	0	188	41	0	23
1786945780.603070950	33	0	188	41	0	23
1786945780.726908263	33	0	188	41	0	23
1786945780.846584986	33	0	188	41	0	23
1786945780.965959056	33	0	188	41	0	23
1786945781.093053137	33	0	188	41	0	23
1786945781.212607053	33	0	188	41	0	23
1786945781.333109123	33	0	188	41	0	23
1786945781.457254552	33	0	188	41	0	23
1786945781.581171509	33	0	188	41	0	23
1786945781.700528285	33	0	188	41	0	23
1786945781.823417747	33	0	188	41	0	23
1786945781.942795677	33	0	188	41	0	23
1786945782.066414214	33	0	188	41	0	23
1786945782.189108613	33	0	188	41	0	23
1786945782.312370060	33	0	188	41	0	23
1786945782.436461186	33	0	188	41	0	23
1786945782.555702425	33	0	188	41	0	23
1786945782.680141123	33	0	188	41	0	23
1786945782.799165859	33	0	188	41	0	23
1786945782.918299441	33	0	188	41	0	23
1786945783.037301290	33	0	188	41	0	23
1786945783.159392359	33	0	188	41	0	23
1786945783.282867688	33	0	188	41	0	23
1786945783.409235670	33	0	188	41	0	23
1786945783.532877493	33	0	188	41	0	23
1786945783.667873010	33	0	188	41	0	23
1786945783.787369702	33	0	188	41	0	23
1786945783.909628714	33	0	188	41	0	23
1786945784.040827342	33	0	188	41	0	23
1786945784.159857044	33	0	188	41	0	23
1786945784.279414950	33	0	188	41	0	23
1786945784.406269807	33	0	188	41	0	23
1786945784.532782363	33	0	188	41	0	23
1786945784.655152994	33	0	188	41	0	23
1786945784.774547726	33	0	188	41	0	23
1786945784.904202244	33	0	188	41	0	23
1786945785.028807216	33	0	188	41	0	23
1786945785.149804521	33	0	188	41	0	23
1786945785.274863457	33	0	188	41	0	23
1786945785.395863296	33	0	188	41	0	23
1786945785.517226084	33	0	188	41	0	23
1786945785.638900248	33	0	188	41	0	23
1786945785.763336248	33	0	188	41	0	23
1786945785.883901175	33	0	188	41	0	23
1786945786.008350702	33	0	188	41	0	23
1786945786.133490319	33	0	188	41	0	23
1786945786.257771072	33	0	188	41	0	23
1786945786.382920265	33	0	188	41	0	23
1786945786.511539079	33	0	188	41	0	23
1786945786.632310605	33	0	188	41	0	23
1786945786.753502560	33	0	188	41	0	23
1786945786.875003668	33	0	188	41	0	23
1786945786.999691668	33	0	188	41	0	23
1786945787.120660912	33	0	188	41	0	23
1786945787.241478540	33	0	188	41	0	23
1786945787.362547763	33	0	188	41	0	23
1786945787.491443494	33	0	188	41	0	23
1786945787.616258237	33	0	188	41	0	23
1786945787.737122429	33	0	188	41	2304	23
1786945787.858043172	33	0	188	41	0	23
1786945787.991014727	33	0	188	41	0	23
1786945788.111928892	33	0	188	41	0	23
1786945788.232808277	33	0	188	41	0	23
1786945788.358293814	33	0	188	41	0	23
1786945788.486629707	33	0	188	41	0	23
1786945788.607621192	33	0	188	41	0	23
1786945788.728851434	33	0	188	41	0	23
1786945788.849742199	33	0	188	41	0	23
1786945788.974239841	33	0	188	41	0	23
1786945789.095746700	33	0	188	41	0	23
1786945789.217140410	33	0	188	41	0	23
1786945789.338623563	33	0	188	41	0	23
1786945789.466190904	33	0	188	41	0	23
1786945789.592027878	33	0	188	41	0	23
1786945789.720492516	33	0	188	41	0	23
1786945789.849064007	33	0	188	41	0	23
1786945789.973236054	33	0	188	41	0	23
1786945790.094237035	33	0	188	41	0	23
1786945790.215139454	33	0	188	41	0	23
1786945790.336768562	33	0	188	41	0	23
1786945790.458061548	33	0	188	41	0	23
1786945790.579031507	33	0	188	41	0	23
1786945790.699723431	33	0	188	41	0	23
1786945790.820510346	33	0	188	41	0	23
1786945790.941095978	33	0	188	41	0	23
1786945791.065099790	33	0	188	41	0	23
1786945791.199630349	33	0	188	41	0	23
1786945791.320729313	33	0	188	41	0	23
1786945791.446255935	33	0	188	41	0	23
1786945791.567109327	33	0	188	41	0	23
1786945791.692529286	33	0	188	41	0	23
1786945791.817011641	33	0	188	41	0	23
1786945791.945907954	33	0	188	41	0	23
1786945792.066852874	33	0	188	41	0	23
1786945792.187883298	33	0	188	41	0	23
1786945792.313697090	33	0	188	41	0	23
1786945792.434806509	33	0	188	41	0	23
1786945792.555784551	33	0	188	41	0	23
1786945792.679612206	33	0	188	41	0	23
1786945792.800682563	33	0	188	41	0	23
1786945792.921372574	33	0	188	41	0	23
1786945793.045950404	33	0	188	41	0	23
1786945793.166673539	33	0	188	41	0	23
1786945793.297820283	33	0	188	41	0	23
1786945793.419316146	33	0	188	41	0	23
1786945793.547186095	33	0	188	41	0	23
1786945793.667960077	33	0	188	41	0	23
1786945793.788597358	33	0	188	41	0	23
1786945793.909564683	33	0	188	41	0	23
1786945794.033859320	33	0	188	41	0	23
1786945794.158635181	33	0	188	41	0	23
1786945794.280417633	33	0	188	41	0	23
1786945794.402052467	33	2304	188	41	0	23
1786945794.522974068	33	0	188	41	0	23
1786945794.647775751	33	0	188	41	0	23
1786945794.768833625	33	0	188	41	0	23
1786945794.889946110	33	0	188	41	0	23
1786945795.010880588	33	0	188	41	0	23
1786945795.135761068	33	0	188	41	0	23
1786945795.257547385	33	0	188	41	0	23
1786945795.378787389	33	0	188	41	0	23
1786945795.503773102	33	0	188	41	0	23
1786945795.632955415	33	0	188	41	0	23
1786945795.758220146	33	0	188	41	0	23
1786945795.879185795	33	0	188	41	0	23
1786945796.000550428	33	0	188	41	0	23
1786945796.125435448	33	0	188	41	0	23
1786945796.246410082	33	0	188	41	0	23
1786945796.384666639	33	0	188	41	0	23
1786945796.515600215	33	0	188	41	0	23
1786945796.645012580	33	0	188	41	0	23
1786945796.771607679	33	0	188	41	0	23
1786945796.893699085	33	0	188	41	0	23
1786945797.021533289	33	0	188	41	0	23
1786945797.142542060	33	0	188	41	0	23
1786945797.268548735	33	0	188	41	0	23
1786945797.401169205	33	0	188	41	0	23
1786945797.522781248	33	0	188	41	0	23
1786945797.643505872	33	0	188	41	0	23
1786945797.768382973	33	0	188	41	0	23
1786945797.889725513	33	0	188	41	0	23
1786945798.012099117	33	0	188	41	0	23
1786945798.133278670	33	0	188	41	0	23
1786945798.254871519	33	0	188	41	0	23
1786945798.383463549	33	0	188	41	0	23
1786945798.508415256	33	0	188	41	0	23
1786945798.633550909	33	0	188	41	0	23
1786945798.755047275	33	0	188	41	0	23
1786945798.876165424	33	0	188	41	0	23
1786945798.997090656	33	0	188	41	0	23
1786945799.117671841	33	0	188	41	0	23
1786945799.248261404	33	0	188	41	0	23
1786945799.373579006	33	0	188	41	0	23
1786945799.503349353	33	0	188	41	0	23
1786945799.624426861	33	0	188	41	0	23
1786945799.746592562	33	0	188	41	0	23
1786945799.867266891	33	0	188	41	0	23
1786945799.991159720	33	0	188	41	0	23
1786945800.112096379	33	0	188	41	0	23
1786945800.232919928	33	0	188	41	0	23
1786945800.357153656	33	0	188	41	0	23
1786945800.481886385	33	0	188	41	0	23
1786945800.605814280	33	0	188	41	0	23
1786945800.726745139	33	0	188	41	0	23
1786945800.847949413	33	0	188	41	0	23
1786945800.968921545	33	0	188	41	0	23
1786945801.090079345	33	0	188	41	0	23
1786945801.214479944	33	0	188	41	0	23
1786945801.335720249	33	0	188	41	0	23
1786945801.457326613	33	0	188	41	0	23
1786945801.578852155	33	0	188	41	0	23
1786945801.705924777	33	0	188	41	0	23
1786945801.830380329	33	0	188	41	0	23
1786945801.954894654	33	0	188	41	0	23
1786945802.075616171	33	0	188	41	0	23
1786945802.196559219	33	0	188	41	0	23
1786945802.318100497	33	0	188	41	0	23
1786945802.439676652	33	0	188	41	0	23
1786945802.571235500	33	0	188	41	0	23
1786945802.696506239	33	0	188	41	0	23
1786945802.824733921	33	0	188	41	0	23
1786945802.945505076	33	0	188	41	0	23
1786945803.069737371	33	0	188	41	0	23
1786945803.190596226	33	0	188	41	0	23
1786945803.319070009	33	0	188	41	0	23
1786945803.440624693	33	0	188	41	0	23
1786945803.561658332	33	0	188	41	0	23
1786945803.686663628	33	0	188	41	0	23
1786945803.807502556	33	0	188	41	0	23
1786945803.928633205	33	0	188	41	0	23
1786945804.049746394	33	0	188	41	0	23
1786945804.174517366	33	0	188	41	0	23
1786945804.295480692	33	0	188	41	0	23
1786945804.421148525	33	0	188	41	0	23
1786945804.542230970	33	0	188	41	0	23
1786945804.667639688	33	0	188	41	0	23
1786945804.788646368	33	0	188	41	0	23
1786945804.913176990	33	0	188	41	0	23
1786945805.041726895	33	0	188	41	0	23
1786945805.166773859	33	0	188	41	0	23
1786945805.288020289	33	0	188	41	0	23
1786945805.409372685	33	0	188	41	0	23
1786945805.531242658	33	0	188	41	0	23
1786945805.652445277	33	0	188	41	0	23
1786945805.773731952	33	0	188	41	0	23
1786945805.894845099	33	0	188	41	0	23
1786945806.016804939	33	0	188	41	0	23
1786945806.141760531	33	0	188	41	0	23
1786945806.266375141	33	0	188	41	0	23
1786945806.387559090	33	0	188	41	0	23
1786945806.508893105	33	0	188	41	0	23
1786945806.629884768	33	0	188	41	0	23
1786945806.750855392	33	0	188	41	0	23
1786945806.871710773	33	0	188	41	0	23
1786945806.996566295	33	0	188	41	0	23
1786945807.118363499	33	0	188	41	0	23
1786945807.239196949	33	0	188	41	0	23
1786945807.363299633	33	0	188	41	0	23
1786945807.488913999	33	0	188	41	0	23
1786945807.609689543	33	0	188	41	0	23
1786945807.730567687	33	0	188	41	0	23
1786945807.851231537	33	0	188	41	0	23
1786945807.976585433	33	0	188	41	0	23
1786945808.097525880	33	0	188	41	0	23
1786945808.219309567	33	0	188	41	0	23
1786945808.340467182	33	0	188	41	0	23
1786945808.469680503	33	0	188	41	0	23
1786945808.597615406	33	0	188	41	0	23
1786945808.726708927	33	0	188	41	0	23
1786945808.852419472	33	0	188	41	0	23
1786945808.974008851	33	0	188	41	0	23
1786945809.095533874	33	0	188	41	0	23
1786945809.220501821	33	0	188	41	0	23
1786945809.341681651	33	0	188	41	0	23
1786945809.471068912	33	0	188	41	0	23
1786945809.605164372	33	0	188	41	0	23
1786945809.731012824	33	0	188	41	0	23
1786945809.851950895	33	0	188	41	0	23
1786945809.980545021	33	0	188	41	0	23
1786945810.105697859	33	0	188	41	0	23
1786945810.230252541	33	0	188	41	0	23
1786945810.351798998	33	0	188	41	2304	23
1786945810.476584978	33	0	188	41	0	23
1786945810.597098786	33	0	188	41	0	23
1786945810.717771411	33	0	188	41	0	23
1786945810.838564372	33	0	188	41	0	23
1786945810.959418283	33	0	188	41	0	23
1786945811.083750015	33	0	188	41	0	23
1786945811.209060952	33	0	188	41	0	23
1786945811.332697040	33	0	188	41	0	23
1786945811.453891586	33	0	188	41	0	23
1786945811.574786736	33	0	188	41	0	23
1786945811.703414183	33	0	188	41	0	23
1786945811.824300068	33	0	188	41	0	23
1786945811.945079421	33	0	188	41	0	23
1786945812.066787113	33	0	188	41	0	23
1786945812.187993420	33	0	188	41	0	23
1786945812.309127071	33	0	188	41	0	23
1786945812.437343017	33	0	188	41	0	23
1786945812.560142547	33	0	188	41	0	23
1786945812.681094731	33	0	188	41	0	23
1786945812.802631998	33	0	188	41	0	23
1786945812.923474298	33	0	188	41	0	23
1786945813.044246447	33	0	188	41	0	23
1786945813.165149183	33	0	188	41	0	23
1786945813.289948300	33	0	188	41	0	23
1786945813.419067799	33	0	188	41	0	23
1786945813.543855467	33	0	188	41	0	23
1786945813.664928218	33	0	188	41	0	23
1786945813.785701126	33	0	188	41	0	23
1786945813.908594206	33	0	188	41	0	23
1786945814.033531509	33	0	188	41	2304	23
1786945814.157539018	33	0	188	41	0	23
1786945814.287038043	33	0	188	41	0	23
1786945814.408916942	33	0	188	41	0	23
1786945814.531613240	33	0	188	41	0	23
1786945814.652874645	33	0	188	41	0	23
1786945814.773522291	33	0	188	41	0	23
1786945814.895077822	33	0	188	41	0	23
1786945815.034991004	33	0	188	41	0	23
1786945815.156008876	33	0	188	41	0	23
1786945815.281019780	33	0	188	41	0	23
1786945815.409262892	33	0	188	41	0	23
1786945815.552728229	33	0	188	41	0	23
1786945815.673873927	33	0	188	41	0	23
1786945815.798724182	33	0	188	41	0	23
1786945815.923537847	33	0	188	41	0	23
1786945816.049514500	33	0	188	41	0	23
1786945816.170791339	33	0	188	41	0	23
1786945816.295668851	33	0	188	41	0	23
1786945816.417457047	33	0	188	41	0	23
1786945816.538723535	33	0	188	41	0	23
1786945816.659637661	33	0	188	41	0	23
1786945816.780123726	33	0	188	41	0	23
1786945816.901348598	33	0	188	41	0	23
1786945817.030694353	33	0	188	41	0	23
1786945817.164114872	33	0	188	41	0	23
1786945817.285502392	33	0	188	41	0	23
1786945817.406646398	33	0	188	41	2304	23
1786945817.528437866	33	0	188	41	0	23
1786945817.649471756	33	0	188	41	0	23
1786945817.770456065	33	0	188	41	0	23
1786945817.890991340	33	0	188	41	0	23
1786945818.012447943	33	0	188	41	0	23
1786945818.133425900	33	0	188	41	0	23
1786945818.258444883	33	0	188	41	0	23
1786945818.379782490	33	0	188	41	0	23
1786945818.502418201	33	0	188	41	0	23
1786945818.624230159	33	0	188	41	0	23
1786945818.745300889	33	0	188	41	0	23
1786945818.866217459	33	0	188	41	0	23
1786945818.995938395	33	0	188	41	0	23
1786945819.121228532	33	0	188	41	0	23
1786945819.246422759	33	0	188	41	0	23
1786945819.375485002	33	0	188	41	0	23
1786945819.496725600	33	0	188	41	0	23
1786945819.639096389	33	0	188	41	0	23
1786945819.759919595	33	0	188	41	0	23
1786945819.885507065	33	0	188	41	0	23
1786945820.011248600	33	0	188	41	0	23
1786945820.132221477	33	0	188	41	0	23
1786945820.253235665	33	0	188	41	0	23
1786945820.381138588	33	0	188	41	0	23
1786945820.502397066	33	0	188	41	0	23
1786945820.624991642	33	0	188	41	0	23
1786945820.746672424	33	0	188	41	0	23
1786945820.867546581	33	0	188	41	0	23
1786945820.991930991	33	0	188	41	0	23
1786945821.116662679	33	0	188	41	0	23
1786945821.241011111	33	0	188	41	0	23
1786945821.362289636	33	0	188	41	0	23
1786945821.483665550	33	0	188	41	0	23
1786945821.608146892	33	0	188	41	0	23
1786945821.729148153	33	0	188	41	0	23
1786945821.849721999	33	0	188	41	0	23
1786945821.971409093	33	0	188	41	0	23
1786945822.092094516	33	0	188	41	0	23
1786945822.213156025	33	0	188	41	0	23
1786945822.333971837	33	0	188	41	0	23
1786945822.455446182	33	0	188	41	0	23
1786945822.577248809	33	0	188	41	0	23
1786945822.701593689	33	0	188	41	0	23
1786945822.822887684	33	0	188	41	0	23
1786945822.948366776	33	0	188	41	0	23
1786945823.069881972	33	0	188	41	0	23
1786945823.194880591	33	0	188	41	0	23
1786945823.323164166	33	0	188	41	0	23
1786945823.444346872	33	0	188	41	0	23
1786945823.566085050	33	0	188	41	0	23
1786945823.690651328	33	0	188	41	0	23
1786945823.812278545	33	0	188	41	0	23
1786945823.933547014	33	0	188	41	0	23
1786945824.058796852	33	0	188	41	0	23
1786945824.187712542	33	0	188	41	0	23
1786945824.311158441	33	0	188	41	0	23
1786945824.432838408	33	0	188	41	0	23
1786945824.554852128	33	0	188	41	0	23
1786945824.676274716	33	0	188	41	0	23
1786945824.800995256	33	0	188	41	0	23
1786945824.921804974	33	0	188	41	0	23
1786945825.043419987	33	0	188	41	0	23
1786945825.176396974	33	0	188	41	0	23
1786945825.299835644	33	0	188	41	0	23
1786945825.421391870	33	0	188	41	0	23
1786945825.550220898	33	0	188	41	0	23
1786945825.670698627	33	0	188	41	0	23
1786945825.791640428	33	0	188	41	0	23
1786945825.925504651	33	0	188	41	0	23
1786945826.050759145	33	0	188	41	0	23
1786945826.172232164	33	0	188	41	0	23
1786945826.293346007	33	0	188	41	0	23
1786945826.414984957	33	0	188	41	0	23
1786945826.544061740	33	0	188	41	0	23
1786945826.669314344	33	2304	188	41	0	23
1786945826.798756610	33	0	188	41	0	23
1786945826.928351454	33	0	188	41	0	23
1786945827.057726309	33	0	188	41	0	23
1786945827.182927768	33	0	188	41	0	23
1786945827.303802748	33	0	188	41	0	23
1786945827.426118574	33	0	188	41	0	23
1786945827.551514690	33	0	188	41	0	23
1786945827.677539093	33	0	188	41	0	23
1786945827.798530718	33	0	188	41	0	23
1786945827.926891079	33	0	188	41	0	23
1786945828.052491080	33	0	188	41	0	23
1786945828.182201439	33	0	188	41	0	23
1786945828.308949525	33	0	188	41	0	23
1786945828.438250747	33	0	188	41	0	23
1786945828.560011013	33	0	188	41	0	23
1786945828.693465224	33	0	188	41	0	23
1786945828.819151963	33	0	188	41	0	23
1786945828.940041480	33	0	188	41	0	23
1786945829.065180629	33	0	188	41	0	23
1786945829.194569706	33	0	188	41	0	23
1786945829.319848528	33	0	188	41	0	23
1786945829.441032409	33	0	188	41	0	23
1786945829.579013687	33	0	188	41	0	23
1786945829.703598151	33	0	188	41	0	23
1786945829.824232089	33	0	188	41	0	23
1786945829.949600860	33	0	188	41	0	23
1786945830.070657843	33	0	188	41	0	23
1786945830.191323476	33	0	188	41	0	23
1786945830.312994523	33	0	188	41	0	23
1786945830.434701035	33	0	188	41	0	23
1786945830.562640270	33	0	188	41	0	23
1786945830.691100428	33	0	188	41	0	23
1786945830.812218810	33	0	188	41	0	23
1786945830.933262059	33	0	188	41	0	23
1786945831.057736154	33	0	188	41	0	23
1786945831.184023759	33	0	188	41	0	23
1786945831.305201777	33	0	188	41	0	23
1786945831.431074321	33	0	188	41	0	23
1786945831.562328182	33	0	188	41	0	23
1786945831.683963255	33	0	188	41	0	23
1786945831.810147486	33	0	188	41	0	23
1786945831.930883688	33	0	188	41	0	23
1786945832.055634160	33	0	188	41	2304	23
1786945832.176564554	33	0	188	41	0	23
1786945832.297519101	33	0	188	41	0	23
1786945832.418835420	33	0	188	41	0	23
1786945832.546928249	33	0	188	41	0	23
1786945832.671840167	33	0	188	41	0	23
1786945832.793441747	33	0	188	41	0	23
1786945832.925613556	33	0	188	41	0	23
1786945833.053410397	33	0	188	41	0	23
1786945833.174330673	33	0	188	41	0	23
1786945833.295969114	33	0	188	41	0	23
1786945833.423644648	33	0	188	41	0	23
1786945833.548402532	33	0	188	41	0	23
1786945833.679947867	33	0	188	41	0	23
1786945833.803564443	33	0	188	41	0	23
1786945833.925809273	33	0	188	41	0	23
1786945834.047336917	33	0	188	41	0	23
1786945834.172321915	33	0	188	41	0	23
1786945834.301617793	33	0	188	41	0	23
1786945834.436483808	33	0	188	41	0	23
1786945834.561483546	33	0	188	41	0	23
1786945834.685706324	33	0	188	41	0	23
1786945834.807381165	33	0	188	41	0	23
1786945834.932567419	33	0	188	41	0	23
1786945835.053784129	33	0	188	41	0	23
1786945835.174768752	33	0	188	41	0	23
1786945835.296049626	33	0	188	41	0	23
1786945835.418641053	33	0	188	41	0	23
1786945835.540767915	33	0	188	41	0	23
1786945835.662544551	33	0	188	41	0	23
1786945835.783949937	33	0	188	41	0	23
1786945835.914239202	33	0	188	41	0	23
1786945836.035752752	33	0	188	41	0	23
1786945836.157932368	33	0	188	41	0	23
1786945836.280612705	33	0	188	41	0	23
1786945836.405122575	33	0	188	41	0	23
1786945836.528373826	33	0	188	41	0	23
1786945836.650699530	33	0	188	41	0	23
1786945836.772942994	33	0	188	41	0	23
1786945836.895465928	33	0	188	41	0	23
1786945837.017213351	33	0	188	41	0	23
1786945837.139749898	33	0	188	41	0	23
1786945837.261946708	33	0	188	41	0	23
1786945837.386663117	33	0	188	41	0	23
1786945837.516696108	33	0	188	41	0	23
1786945837.643388595	33	0	188	41	0	23
1786945837.767589939	33	0	188	41	0	23
1786945837.890320110	33	0	188	41	0	23
1786945838.011584834	33	0	188	41	0	23
1786945838.137041974	33	0	188	41	0	23
1786945838.258547245	33	0	188	41	0	23
1786945838.382310964	33	0	188	41	0	23
1786945838.510015719	33	0	188	41	0	23
1786945838.632168040	33	0	188	41	0	23
1786945838.754553248	33	0	188	41	0	23
1786945838.876297793	33	0	188	41	0	23
1786945839.001856923	33	0	188	41	0	23
1786945839.127354305	33	0	188	41	0	23
1786945839.248863649	33	0	188	41	0	23
1786945839.373134946	33	0	188	41	0	23
1786945839.495068285	33	0	188	41	0	23
1786945839.616639548	33	0	188	41	0	23
1786945839.738315858	33	0	188	41	0	23
1786945839.859633364	33	0	188	41	0	23
1786945839.981200404	33	0	188	41	0	23
1786945840.102870371	33	0	188	41	0	23
1786945840.233076687	33	0	188	41	0	23
1786945840.358948071	33	0	188	41	0	23
1786945840.483896024	33	0	188	41	0	23
1786945840.609269342	33	0	188	41	0	23
1786945840.739271847	33	0	188	41	0	23
1786945840.864458763	33	0	188	41	0	23
1786945840.985803727	33	0	188	41	0	23
1786945841.110728754	33	0	188	41	0	23
1786945841.232508399	33	0	188	41	0	23
1786945841.355811861	33	0	188	41	0	23
1786945841.478236981	33	0	188	41	0	23
1786945841.600155230	33	0	188	41	0	23
1786945841.721489242	33	0	188	41	0	23
1786945841.842814945	33	0	188	41	0	23
1786945841.974211536	33	0	188	41	0	23
1786945842.095419921	33	0	188	41	0	23
1786945842.217030744	33	0	188	41	0	23
1786945842.341320649	33	0	188	41	0	23
1786945842.462754239	33	0	188	41	0	23
1786945842.591789090	33	0	188	41	0	23
1786945842.713160769	33	0	188	41	0	23
1786945842.835055225	33	0	188	41	0	23
1786945842.959876093	33	0	188	41	0	23
1786945843.081237577	33	0	188	41	0	23
1786945843.202329454	33	0	188	41	0	23
1786945843.325815472	33	0	188	41	0	23
1786945843.454270608	33	0	188	41	0	23
1786945843.575770591	33	2304	188	41	0	23
1786945843.697952620	33	0	188	41	0	23
1786945843.819194769	33	0	188	41	0	23
1786945843.940653086	33	0	188	41	0	23
1786945844.061954357	33	0	188	41	0	23
1786945844.187250831	33	0	188	41	0	23
1786945844.308879278	33	0	188	41	0	23
1786945844.430503489	33	0	188	41	0	23
1786945844.552344046	33	0	188	41	0	23
1786945844.673169457	33	0	188	41	0	23
1786945844.794287163	33	0	188	41	0	23
1786945844.915342687	33	0	188	41	0	23
1786945845.036734934	33	0	188	41	0	23
1786945845.158163165	33	0	188	41	0	23
1786945845.279523041	33	0	188	41	0	23
1786945845.401355100	33	0	188	41	0	23
1786945845.533399385	33	0	188	41	0	23
1786945845.662005502	33	0	188	41	0	23
1786945845.786864408	33	0	188	41	0	23
1786945845.912044914	33	0	188	41	0	23
1786945846.037712586	33	0	188	41	0	23
1786945846.158830593	33	0	188	41	0	23
1786945846.283856581	33	0	188	41	0	23
1786945846.412832410	33	0	188	41	0	23
1786945846.541587246	33	0	188	41	0	23
1786945846.676959521	33	0	188	41	0	23
1786945846.798540684	33	0	188	41	0	23
1786945846.922893867	33	0	188	41	0	23
1786945847.046126177	33	0	188	41	0	23
1786945847.166660180	33	0	188	41	0	23
1786945847.286909153	33	0	188	41	0	23
1786945847.414919402	33	0	188	41	0	23
1786945847.546650189	33	0	188	41	0	23
1786945847.667327195	33	0	188	41	0	23
1786945847.795997049	33	0	188	41	0	23
1786945847.924534856	33	0	188	41	0	23
1786945848.045073158	33	0	188	41	0	23
1786945848.164793426	33	0	188	41	0	23
1786945848.285214355	33	0	188	41	0	23
1786945848.412776291	33	0	188	41	0	23
1786945848.534220017	33	0	188	41	0	23
1786945848.672056710	33	0	188	41	0	23
1786945848.796569813	33	0	188	41	0	23
1786945848.916913633	33	0	188	41	0	23
1786945849.053749186	33	0	188	41	0	23
1786945849.183099098	33	0	188	41	0	23
1786945849.303498663	33	0	188	41	0	23
1786945849.424049927	33	2304	188	41	0	23
1786945849.545095782	33	0	188	41	0	23
1786945849.677026076	33	0	188	41	0	23
1786945849.802056962	33	0	188	41	0	23
1786945849.922572078	33	2304	188	41	0	23
1786945850.043305191	33	0	188	41	0	23
1786945850.163735053	33	0	188	41	0	23
1786945850.284281329	33	0	188	41	0	23
1786945850.404748762	33	0	188	41	0	23
1786945850.526075716	33	0	188	41	0	23
1786945850.647476611	33	0	188	41	0	23
1786945850.768040122	33	0	188	41	0	23
1786945850.888033076	33	0	188	41	0	23
1786945851.012583429	33	0	188	41	0	23
1786945851.142481864	33	0	188	41	0	23
1786945851.265523707	33	0	188	41	0	23
1786945851.386530259	33	0	188	41	0	23
1786945851.514837666	33	0	188	41	0	23
1786945851.635412214	33	0	188	41	0	23
1786945851.764537369	33	0	188	41	0	23
1786945851.884999580	33	0	188	41	0	23
1786945852.005350578	33	0	188	41	0	23
1786945852.126013456	33	0	188	41	0	23
1786945852.249854327	33	0	188	41	0	23
1786945852.370710779	33	0	188	41	0	23
1786945852.491650701	33	0	188	41	0	23
1786945852.612682854	33	0	188	41	0	23
1786945852.733708361	33	0	188	41	0	23
1786945852.854106176	33	0	188	41	0	23
1786945852.974853811	33	0	188	41	2304	23
1786945853.095297311	33	0	188	41	0	23
1786945853.216043465	33	0	188	41	0	23
1786945853.337049607	33	0	188	41	0	23
1786945853.457978857	33	0	188	41	0	23
1786945853.578787963	33	0	188	41	0	23
1786945853.699923720	33	0	188	41	0	23
1786945853.819937433	33	0	188	41	0	23
1786945853.940681684	33	0	188	41	0	23
1786945854.068531942	33	0	188	41	0	23
1786945854.189247800	33	0	188	41	0	23
1786945854.316512833	33	0	188	41	0	23
1786945854.437269110	33	0	188	41	0	23
1786945854.558066120	33	0	188	41	0	23
1786945854.678661894	33	2304	188	41	0	23
1786945854.798996106	33	0	188	41	0	23
1786945854.919813246	33	0	188	41	0	23
1786945855.040090685	33	0	188	41	0	23
1786945855.160693949	33	0	188	41	0	23
1786945855.281223321	33	0	188	41	0	23
1786945855.405647312	33	0	188	41	0	23
1786945855.526062923	33	0	188	41	0	23
1786945855.646790657	33	0	188	41	0	23
1786945855.771119692	33	0	188	41	0	23
1786945855.895188401	33	0	188	41	0	23
1786945856.015834305	33	0	188	41	0	23
1786945856.139876363	33	0	188	41	2304	23
1786945856.260584319	33	0	188	41	0	23
1786945856.381688243	33	0	188	41	0	23
1786945856.506250388	33	0	188	41	0	23
1786945856.627224299	33	0	188	41	0	23
1786945856.747708233	33	0	188	41	0	23
1786945856.868535974	33	0	188	41	0	23
1786945856.996047353	33	0	188	41	0	23
1786945857.116647660	33	0	188	41	0	23
1786945857.244809856	33	0	188	41	0	23
1786945857.376705098	33	0	188	41	0	23
1786945857.504201474	33	0	188	41	0	23
1786945857.628471770	33	0	188	41	2304	23
1786945857.748851935	33	0	188	41	0	23
1786945857.869468180	33	0	188	41	0	23
1786945857.990048375	33	0	188	41	0	23
1786945858.110717781	33	0	188	41	0	23
1786945858.231321122	33	0	188	41	0	23
1786945858.351828353	33	0	188	41	0	23
1786945858.474385226	33	0	188	41	0	23
1786945858.599503059	33	0	188	41	0	23
1786945858.719614503	33	0	188	41	0	23
1786945858.840229822	33	0	188	41	0	23
1786945858.961064946	33	0	188	41	0	23
1786945859.085615885	33	0	188	41	0	23
1786945859.209818424	33	0	188	41	0	23
1786945859.330880435	33	0	188	41	0	23
1786945859.459291726	33	0	188	41	0	23
1786945859.580530252	33	0	188	41	0	23
1786945859.701158329	33	0	188	41	0	23
1786945859.821066400	33	0	188	41	0	23
1786945859.948792829	33	0	188	41	0	23
1786945860.069490202	33	0	188	41	2304	23
1786945860.194441876	33	0	188	41	0	23
1786945860.319126033	33	0	188	41	0	23
1786945860.439984529	33	0	188	41	0	23
1786945860.560575450	33	0	188	41	0	23
1786945860.681122898	33	0	188	41	0	23
1786945860.801803859	33	0	188	41	0	23
1786945860.926506686	33	0	188	41	0	23
1786945861.046905973	33	0	188	41	0	23
1786945861.167187039	33	0	188	41	0	23
1786945861.287896648	33	0	188	41	0	23
1786945861.408467249	33	0	188	41	0	23
1786945861.536444980	33	0	188	41	0	23
1786945861.661400184	33	0	188	41	0	23
1786945861.793470964	33	0	188	41	0	23
1786945861.913926228	33	0	188	41	0	23
1786945862.034405987	33	0	188	41	0	23
1786945862.163589381	33	0	188	41	0	23
1786945862.284097201	33	0	188	41	0	23
1786945862.404655837	33	0	188	41	0	23
1786945862.525359604	33	0	188	41	0	23
1786945862.654019842	33	0	188	41	0	23
1786945862.774729978	33	0	188	41	0	23
1786945862.895781437	33	0	188	41	0	23
1786945863.016579088	33	0	188	41	0	23
1786945863.137071657	33	0	188	41	0	23
1786945863.258400442	33	0	188	41	0	23
1786945863.379053391	33	0	188	41	0	23
1786945863.500002226	33	0	188	41	0	23
1786945863.628620225	33	0	188	41	0	23
1786945863.761393351	33	0	188	41	0	23
1786945863.882921985	33	0	188	41	0	23
1786945864.003334419	33	0	188	41	0	23
1786945864.124562867	33	0	188	41	0	23
1786945864.244852611	33	0	188	41	0	23
1786945864.366035372	33	0	188	41	0	23
1786945864.487014988	33	0	188	41	0	23
1786945864.610651958	33	0	188	41	0	23
1786945864.742666123	33	0	188	41	0	23
1786945864.872337629	33	0	188	41	0	23
1786945865.003975392	33	0	188	41	0	23
1786945865.124123052	33	0	188	41	0	23
1786945865.249518205	33	0	188	41	0	23
1786945865.369906697	33	0	188	41	0	23
1786945865.490343707	33	0	188	41	0	23
1786945865.610987219	33	0	188	41	0	23
1786945865.739091770	33	0	188	41	0	23
1786945865.860123460	33	0	188	41	0	23
1786945865.980950547	33	0	188	41	0	23
1786945866.101926747	33	0	188	41	0	23
1786945866.222566829	33	0	188	41	0	23
1786945866.346508287	33	0	188	41	0	23
1786945866.467693911	33	0	188	41	0	23
1786945866.588357869	33	0	188	41	0	23
1786945866.709036833	33	0	188	41	0	23
1786945866.829526123	33	0	188	41	0	23
1786945866.950154785	33	0	188	41	0	23
1786945867.074414955	33	0	188	41	0	23
1786945867.195156456	33	0	188	41	0	23
1786945867.315526050	33	0	188	41	0	23
1786945867.439754078	33	0	188	41	0	23
1786945867.564156755	33	0	188	41	0	23
1786945867.684764901	33	0	188	41	0	23
1786945867.804988061	33	0	188	41	0	23
1786945867.925516448	33	0	188	41	0	23
1786945868.045815107	33	0	188	41	0	23
1786945868.174009536	33	0	188	41	0	23
1786945868.299035657	33	0	188	41	0	23
1786945868.426640019	33	2304	188	41	0	23
1786945868.548676323	33	0	188	41	0	23
1786945868.673191795	33	0	188	41	0	23
1786945868.793622072	33	0	188	41	0	23
1786945868.921162756	33	0	188	41	0	23
1786945869.045685626	33	0	188	41	0	23
1786945869.166421879	33	0	188	41	0	23
1786945869.290082412	33	0	188	41	0	23
1786945869.416890840	33	0	188	41	0	23
1786945869.543506922	33	0	188	41	0	23
1786945869.662974090	33	0	188	41	0	23
1786945869.786674573	33	0	188	41	0	23
1786945869.906709987	33	0	188	41	0	23
1786945870.026350399	33	0	188	41	0	23
1786945870.152803845	33	0	188	41	0	23
1786945870.272569024	33	0	188	41	0	23
1786945870.392508514	33	0	188	41	0	23
1786945870.517015852	33	0	188	41	0	23
1786945870.647911857	33	0	188	41	0	23
1786945870.775586537	33	0	188	41	0	23
1786945870.894962903	33	0	188	41	0	23
1786945871.014380281	33	0	188	41	0	23
1786945871.134770726	33	0	188	41	0	23
1786945871.254336579	33	0	188	41	0	23
1786945871.381944353	33	0	188	41	0	23
1786945871.501468095	33	0	188	41	0	23
1786945871.632587411	33	0	188	41	0	23
1786945871.759786348	33	0	188	41	0	23
1786945871.879897242	33	0	188	41	0	23
1786945872.000066041	33	0	188	41	0	23
1786945872.119820027	33	2304	188	41	0	23
1786945872.243994645	33	0	188	41	0	23
1786945872.364187313	33	0	188	41	0	23
1786945872.488639124	33	0	188	41	0	23
1786945872.609434780	33	0	188	41	0	23
1786945872.739283216	33	0	188	41	0	23
1786945872.859074080	33	0	188	41	0	23
1786945872.986440760	33	0	188	41	0	23
1786945873.107844014	33	0	188	41	0	23
1786945873.227338787	33	0	188	41	0	23
1786945873.346703012	33	0	188	41	0	23
1786945873.467279544	33	0	188	41	0	23
1786945873.587251102	33	0	188	41	0	23
1786945873.706912660	33	0	188	41	0	23
1786945873.827527429	33	0	188	41	0	23
1786945873.946945371	33	0	188	41	0	23
1786945874.066543866	33	0	188	41	0	23
1786945874.186192647	33	0	188	41	0	23
1786945874.305911797	33	0	188	41	0	23
1786945874.425898225	33	0	188	41	0	23
1786945874.545907447	33	0	188	41	0	23
1786945874.665853332	33	0	188	41	0	23
1786945874.793955060	33	0	188	41	0	23
1786945874.917458594	33	0	188	41	0	23
1786945875.047542229	33	0	188	41	0	23
1786945875.176333161	33	0	188	41	0	23
1786945875.296244307	33	0	188	41	0	23
1786945875.426962827	33	0	188	41	0	23
1786945875.550198151	33	0	188	41	0	23
1786945875.677784905	33	0	188	41	0	23
1786945875.810237968	33	0	188	41	0	23
1786945875.929600959	33	0	188	41	0	23
1786945876.049013478	33	0	188	41	0	23
1786945876.168716015	33	0	188	41	0	23
1786945876.288424438	33	0	188	41	0	23
1786945876.411887878	33	0	188	41	0	23
1786945876.540236767	33	0	188	41	0	23
1786945876.664098825	33	0	188	41	0	23
1786945876.788306613	33	0	188	41	0	23
1786945876.908226845	33	0	188	41	0	23
1786945877.032581500	33	0	188	41	0	23
1786945877.152406444	33	0	188	41	0	23
1786945877.278264382	33	0	188	41	0	23
1786945877.401332634	33	0	188	41	0	23
1786945877.521387831	33	0	188	41	0	23
1786945877.640949822	33	0	188	41	0	23
1786945877.760616805	33	0	188	41	0	23
1786945877.879950110	33	0	188	41	0	23
1786945877.999810896	33	0	188	41	0	23
1786945878.119185528	33	0	188	41	0	23
1786945878.239015390	33	0	188	41	0	23
1786945878.366641819	33	0	188	41	0	23
1786945878.489646237	33	0	188	41	0	23
1786945878.609498495	33	0	188	41	0	23
1786945878.733186306	33	0	188	41	0	23
1786945878.852439496	33	0	188	41	0	23
1786945878.971574336	33	0	188	41	0	23
1786945879.099410354	33	0	188	41	0	23
1786945879.223933974	33	0	188	41	0	23
1786945879.347049846	33	0	188	41	0	23
1786945879.467047467	33	0	188	41	0	23
1786945879.586442147	33	0	188	41	0	23
1786945879.706250692	33	0	188	41	0	23
1786945879.829680659	33	0	188	41	2304	23
1786945879.949361427	33	0	188	41	0	23
1786945880.068772575	33	0	188	41	0	23
1786945880.188618171	33	0	188	41	0	23
1786945880.307413653	33	0	188	41	0	23
1786945880.426903889	33	0	188	41	0	23
1786945880.546923560	33	0	188	41	0	23
1786945880.666879244	33	0	188	41	0	23
1786945880.786872227	33	0	188	41	0	23
1786945880.907247043	33	0	188	41	0	23
1786945881.026999740	33	0	188	41	0	23
1786945881.150904004	33	0	188	41	0	23
1786945881.274063376	33	0	188	41	0	23
1786945881.401451827	33	0	188	41	0	23
1786945881.521449742	33	0	188	41	0	23
1786945881.652118775	33	0	188	41	0	23
1786945881.772007182	33	0	188	41	0	23
1786945881.891992884	33	0	188	41	0	23
1786945882.015017654	33	0	188	41	0	23
1786945882.134198503	33	0	188	41	0	23
1786945882.254007609	33	0	188	41	0	23
1786945882.381047493	33	0	188	41	0	23
1786945882.508437472	33	0	188	41	0	23
1786945882.628216191	33	0	188	41	0	23
1786945882.748197261	33	0	188	41	0	23
1786945882.869256829	33	0	188	41	0	23
1786945882.992791648	33	0	188	41	0	23
1786945883.112756959	33	0	188	41	0	23
1786945883.232797245	33	0	188	41	0	23
1786945883.360984493	33	0	188	41	0	23
1786945883.488196426	33	0	188	41	0	23
1786945883.611636957	33	0	188	41	0	23
1786945883.734944369	33	0	188	41	0	23
1786945883.858552685	33	0	188	41	0	23
1786945883.982527315	33	0	188	41	0	23
1786945884.105350721	33	0	188	41	0	23
1786945884.229274678	33	0	188	41	0	23
1786945884.349471968	33	0	188	41	0	23
1786945884.473317243	33	0	188	41	0	23
1786945884.605591033	33	0	188	41	0	23
1786945884.726034985	33	0	188	41	0	23
1786945884.846353933	33	0	188	41	0	23
1786945884.966212747	33	0	188	41	0	23
1786945885.090495263	33	0	188	41	0	23
1786945885.213125380	33	0	188	41	0	23
1786945885.332103387	33	0	188	41	0	23
1786945885.456163055	33	0	188	41	0	23
1786945885.579289861	33	0	188	41	0	23
1786945885.705934469	33	0	188	41	0	23
1786945885.832276582	33	0	188	41	0	23
1786945885.956587914	33	0	188	41	0	23
1786945886.079486138	33	0	188	41	0	23
1786945886.198538949	33	0	188	41	0	23
1786945886.326579956	33	0	188	41	0	23
1786945886.446526499	33	0	188	41	0	23
1786945886.566447894	33	0	188	41	0	23
1786945886.686465035	33	0	188	41	0	23
1786945886.806345376	33	0	188	41	0	23
1786945886.931217708	33	0	188	41	0	23
1786945887.054321014	33	0	188	41	0	23
1786945887.175016762	33	0	188	41	0	23
1786945887.294846777	33	0	188	41	0	23
1786945887.418161972	33	0	188	41	0	23
1786945887.538069194	33	0	188	41	0	23
1786945887.658123058	33	0	188	41	0	23
1786945887.778096251	33	0	188	41	0	23
1786945887.906537710	33	0	188	41	0	23
1786945888.025775370	33	0	188	41	0	23
1786945888.149306780	33	0	188	41	0	23
1786945888.269305096	33	0	188	41	0	23
1786945888.389122476	33	0	188	41	0	23
1786945888.513911420	33	0	188	41	0	23
1786945888.638080981	33	0	188	41	0	23
1786945888.757963040	33	0	188	41	0	23
1786945888.877872827	33	0	188	41	0	23
1786945888.998438516	33	0	188	41	0	23
1786945889.118572179	33	0	188	41	0	23
1786945889.238576023	33	0	188	41	0	23
1786945889.358324819	33	0	188	41	0	23
1786945889.478329647	33	0	188	41	0	23
1786945889.597979665	33	0	188	41	0	23
1786945889.717921111	33	0	188	41	0	23
1786945889.845443195	33	0	188	41	0	23
1786945889.965315693	33	0	188	41	0	23
1786945890.085183906	33	0	188	41	0	23
1786945890.208508461	33	0	188	41	0	23
1786945890.327962287	33	0	188	41	0	23
1786945890.447943003	33	0	188	41	0	23
1786945890.568070046	33	0	188	41	0	23
1786945890.687842638	33	0	188	41	0	23
1786945890.811275598	33	0	188	41	0	23
1786945890.931073230	33	0	188	41	0	23
1786945891.050861471	33	0	188	41	0	23
1786945891.170665703	33	0	188	41	0	23
1786945891.290617484	33	0	188	41	0	23
1786945891.410854615	33	0	188	41	0	23
1786945891.534089210	33	0	188	41	0	23
1786945891.653801375	33	0	188	41	0	23
1786945891.781025144	33	0	188	41	0	23
1786945891.904003662	33	0	188	41	0	23
1786945892.023166074	33	0	188	41	0	23
1786945892.142776190	33	0	188	41	0	23
1786945892.266384215	33	0	188	41	0	23
1786945892.392948600	33	0	188	41	0	23
1786945892.521645727	33	0	188	41	0	23
1786945892.644737279	33	0	188	41	0	23
1786945892.764001828	33	0	188	41	0	23
1786945892.883911584	33	0	188	41	0	23
1786945893.003888246	33	0	188	41	0	23
1786945893.127492114	33	0	188	41	0	23
1786945893.251084315	33	0	188	41	0	23
1786945893.374633791	33	0	188	41	0	23
1786945893.494040635	33	0	188	41	0	23
1786945893.613725193	33	0	188	41	0	23
1786945893.741147947	33	0	188	41	0	23
1786945893.861239213	33	0	188	41	0	23
1786945893.984377443	33	0	188	41	0	23
1786945894.104211890	33	0	188	41	0	23
1786945894.224166844	33	0	188	41	0	23
1786945894.343875148	33	0	188	41	0	23
1786945894.467647796	33	0	188	41	0	23
1786945894.594578661	33	0	188	41	0	23
1786945894.718189214	33	0	188	41	0	23
1786945894.845022289	33	0	188	41	0	23
1786945894.968815148	33	0	188	41	0	23
1786945895.095721291	33	0	188	41	0	23
1786945895.220048576	33	0	188	41	0	23
1786945895.339607566	33	0	188	41	0	23
1786945895.467389378	33	0	188	41	0	23
1786945895.587374171	33	0	188	41	0	23
1786945895.707249125	33	0	188	41	0	23
1786945895.831401890	33	0	188	41	0	23
1786945895.959660688	33	0	188	41	0	23
1786945896.084539181	33	0	188	41	0	23
1786945896.206420905	33	0	188	41	0	23
1786945896.326747079	33	0	188	41	0	23
1786945896.450890338	33	0	188	41	0	23
1786945896.571054225	33	0	188	41	0	23
1786945896.691068351	33	0	188	41	0	23
1786945896.814843018	33	0	188	41	0	23
1786945896.944503713	33	0	188	41	0	23
1786945897.067767556	33	0	188	41	0	23
1786945897.194450920	33	0	188	41	0	23
1786945897.314079264	33	0	188	41	0	23
1786945897.433664024	33	0	188	41	0	23
1786945897.557145538	33	0	188	41	0	23
1786945897.676927947	33	0	188	41	0	23
1786945897.801034116	33	0	188	41	0	23
1786945897.924129841	33	0	188	41	0	23
1786945898.043518071	33	0	188	41	0	23
1786945898.163475177	33	0	188	41	0	23
1786945898.283611231	33	0	188	41	0	23
1786945898.404322565	33	0	188	41	0	23
1786945898.529311123	33	0	188	41	0	23
1786945898.652820336	33	0	188	41	0	23
1786945898.781233011	33	0	188	41	0	23
1786945898.900488257	33	0	188	41	0	23
1786945899.028550577	33	0	188	41	0	23
1786945899.151358136	33	0	188	41	0	23
1786945899.270753393	33	0	188	41	0	23
1786945899.394056120	33	0	188	41	0	23
1786945899.518044783	33	0	188	41	0	23
1786945899.640409032	33	0	188	41	0	23
1786945899.768900452	33	0	188	41	0	23
1786945899.888877432	33	0	188	41	2304	23
1786945900.017175894	33	0	188	41	0	23
1786945900.135972100	33	0	188	41	0	23
1786945900.255765626	33	0	188	41	0	23
1786945900.375897469	33	0	188	41	0	23
1786945900.495969493	33	0	188	41	0	23
1786945900.615883558	33	0	188	41	0	23
1786945900.735873405	33	0	188	41	0	23
1786945900.855831796	33	0	188	41	0	23
1786945900.975592491	33	0	188	41	0	23
1786945901.095879908	33	0	188	41	0	23
1786945901.219875581	33	0	188	41	0	23
1786945901.344279249	33	0	188	41	0	23
1786945901.463962874	33	0	188	41	0	23
1786945901.588071823	33	0	188	41	0	23
1786945901.718520677	33	0	188	41	0	23
1786945901.837924710	33	0	188	41	0	23
1786945901.961964922	33	0	188	41	0	23
1786945902.089192926	33	0	188	41	0	23
1786945902.211956004	33	0	188	41	0	23
1786945902.335085759	33	0	188	41	0	23
1786945902.454854568	33	0	188	41	0	23
1786945902.578239342	33	0	188	41	0	23
1786945902.700627233	33	0	188	41	0	23
1786945902.823219609	33	0	188	41	0	23
1786945902.942854707	33	0	188	41	0	23
1786945903.073236713	33	0	188	41	0	23
1786945903.204420687	33	0	188	41	0	23
1786945903.330296497	33	0	188	41	0	23
1786945903.450255219	33	0	188	41	0	23
1786945903.584404019	33	0	188	41	0	23
1786945903.704157749	33	0	188	41	0	23
1786945903.827280383	33	0	188	41	0	23
1786945903.947016982	33	0	188	41	0	23
1786945904.067965469	33	0	188	41	0	23
1786945904.187885086	33	0	188	41	0	23
1786945904.314248699	33	0	188	41	0	23
1786945904.434067676	33	0	188	41	0	23
1786945904.554075882	33	0	188	41	0	23
1786945904.680760687	33	0	188	41	0	23
1786945904.800797934	33	0	188	41	0	23
1786945904.920128236	33	0	188	41	0	23
1786945905.043509109	33	0	188	41	0	23
1786945905.168443949	33	0	188	41	0	23
1786945905.292186128	33	0	188	41	0	23
1786945905.415724544	33	0	188	41	0	23
1786945905.535716250	33	0	188	41	0	23
1786945905.655063484	33	0	188	41	0	23
1786945905.782024962	33	0	188	41	0	23
1786945905.901361868	33	0	188	41	0	23
1786945906.020731222	33	0	188	41	0	23
1786945906.140159915	33	0	188	41	0	23
1786945906.259957686	33	0	188	41	0	23
1786945906.384144236	33	0	188	41	0	23
1786945906.503712945	33	0	188	41	0	23
1786945906.623683692	33	0	188	41	0	23
1786945906.743239794	33	0	188	41	0	23
1786945906.862306170	33	0	188	41	0	23
1786945906.982005032	33	0	188	41	0	23
1786945907.105498430	33	0	188	41	0	23
1786945907.225461266	33	0	188	41	0	23
1786945907.345504742	33	0	188	41	0	23
1786945907.465441016	33	0	188	41	0	23
1786945907.585489613	33	0	188	41	0	23
1786945907.708634667	33	0	188	41	0	23
1786945907.832316360	33	0	188	41	0	23
1786945907.952257162	33	0	188	41	0	23
1786945908.072196738	33	0	188	41	0	23
1786945908.192129774	33	0	188	41	0	23
1786945908.317253523	33	0	188	41	0	23
1786945908.437359247	33	0	188	41	0	23
1786945908.557529163	33	0	188	41	0	23
1786945908.681219685	33	0	188	41	0	23
1786945908.801080737	33	0	188	41	0	23
1786945908.920398420	33	0	188	41	0	23
1786945909.044399043	33	0	188	41	0	23
1786945909.163928919	33	0	188	41	0	23
1786945909.283953623	33	0	188	41	0	23
1786945909.403772031	33	0	188	41	0	23
1786945909.524207096	33	0	188	41	0	23
1786945909.652702421	33	0	188	41	0	23
1786945909.772596127	33	0	188	41	0	23
1786945909.892559242	33	0	188	41	0	23
1786945910.017157733	33	0	188	41	0	23
1786945910.144624291	33	0	188	41	0	23
1786945910.268258243	33	0	188	41	0	23
1786945910.398227909	33	0	188	41	0	23
1786945910.518065381	33	0	188	41	0	23
1786945910.637542465	33	0	188	41	0	23
1786945910.758163247	33	0	188	41	0	23
1786945910.878046360	33	0	188	41	0	23
1786945910.997856322	33	0	188	41	0	23
1786945911.117145211	33	0	188	41	0	23
1786945911.245063068	33	0	188	41	0	23
1786945911.365511497	33	0	188	41	0	23
1786945911.485275909	33	0	188	41	0	23
1786945911.620262337	33	0	188	41	0	23
1786945911.747306393	33	0	188	41	0	23
1786945911.866571962	33	0	188	41	0	23
1786945912.003534784	33	0	188	41	0	23
1786945912.127516979	33	0	188	41	0	23
1786945912.250862045	33	0	188	41	0	23
1786945912.370834310	33	0	188	41	0	23
1786945912.490892724	33	0	188	41	0	23
1786945912.618327836	33	0	188	41	0	23
1786945912.749725759	33	0	188	41	0	23
1786945912.881051822	33	0	188	41	0	23
1786945913.001124364	33	0	188	41	0	23
1786945913.120882039	33	0	188	41	0	23
1786945913.240845412	33	0	188	41	0	23
1786945913.360918349	33	0	188	41	0	23
1786945913.482788936	33	0	188	41	0	23
1786945913.602692974	33	0	188	41	0	23
1786945913.729124029	33	0	188	41	0	23
1786945913.853016079	33	0	188	41	0	23
1786945913.977293571	33	0	188	41	0	23
1786945914.097127167	33	0	188	41	0	23
1786945914.227435440	33	0	188	41	0	23
1786945914.351558695	33	0	188	41	0	23
1786945914.471293568	33	0	188	41	0	23
1786945914.591154326	33	0	188	41	0	23
1786945914.722711881	33	0	188	41	0	23
1786945914.848754870	33	0	188	41	0	23
1786945914.972023038	33	0	188	41	0	23
1786945915.099045938	33	0	188	41	0	23
1786945915.222099684	33	0	188	41	0	23
1786945915.341847552	33	0	188	41	0	23
1786945915.461492947	33	0	188	41	0	23
1786945915.585028050	33	0	188	41	0	23
1786945915.704580715	33	0	188	41	0	23
1786945915.824506780	33	0	188	41	0	23
1786945915.944441902	33	0	188	41	0	23
1786945916.067797643	33	0	188	41	0	23
1786945916.194546631	33	0	188	41	0	23
1786945916.321970220	33	0	188	41	0	23
1786945916.441499634	33	0	188	41	0	23
1786945916.560808936	33	0	188	41	0	23
1786945916.680875671	33	0	188	41	0	23
1786945916.800732741	33	0	188	41	0	23
1786945916.920531100	33	0	188	41	0	23
1786945917.040295930	33	0	188	41	0	23
1786945917.160159543	33	0	188	41	0	23
1786945917.280178422	33	0	188	41	0	23
1786945917.400104225	33	0	188	41	0	23
1786945917.520333349	33	0	188	41	0	23
1786945917.640470459	33	0	188	41	0	23
1786945917.764444951	33	0	188	41	0	23
1786945917.883728100	33	0	188	41	0	23
1786945918.003818320	33	0	188	41	0	23
1786945918.127075430	33	0	188	41	0	23
1786945918.250978527	33	0	188	41	0	23
1786945918.370634087	33	0	188	41	0	23
1786945918.494272257	33	0	188	41	0	23
1786945918.614188713	33	0	188	41	0	23
1786945918.733926100	33	0	188	41	0	23
1786945918.853362873	33	0	188	41	0	23
1786945918.977306278	33	0	188	41	0	23
1786945919.097213533	33	0	188	41	2304	23
1786945919.217280367	33	0	188	41	0	23
1786945919.337326570	33	0	188	41	0	23
1786945919.457209558	33	0	188	41	0	23
1786945919.577134973	33	0	188	41	0	23
1786945919.697176796	33	0	188	41	0	23
1786945919.821938747	33	0	188	41	0	23
1786945919.946637500	33	0	188	41	0	23
1786945920.066370303	33	0	188	41	0	23
1786945920.192158157	33	0	188	41	0	23
1786945920.311641747	33	0	188	41	0	23
1786945920.431591544	33	0	188	41	0	23
1786945920.551405693	33	0	188	41	0	23
1786945920.670656015	33	0	188	41	0	23
1786945920.798089603	33	0	188	41	0	23
1786945920.924865454	33	0	188	41	0	23
1786945921.044645046	33	0	188	41	0	23
1786945921.164192386	33	0	188	41	0	23
1786945921.291097597	33	0	188	41	0	23
1786945921.410470166	33	0	188	41	0	23
1786945921.530014535	33	0	188	41	0	23
1786945921.649949069	33	0	188	41	0	23
1786945921.769712109	33	0	188	41	0	23
1786945921.889317506	33	0	188	41	0	23
1786945922.008870338	33	0	188	41	0	23
1786945922.128563892	33	0	188	41	0	23
1786945922.248026286	33	0	188	41	0	23
1786945922.367047040	33	0	188	41	0	23
1786945922.486272301	33	0	188	41	0	23
1786945922.613383315	33	0	188	41	0	23
1786945922.736680207	33	0	188	41	2304	23
1786945922.860300192	33	0	188	41	0	23
1786945922.979943023	33	0	188	41	0	23
1786945923.107609493	33	0	188	41	0	23
1786945923.227785355	33	0	188	41	0	23
1786945923.347038630	33	0	188	41	0	23
1786945923.466393946	33	0	188	41	0	23
1786945923.585936204	33	0	188	41	0	23
1786945923.709679987	33	0	188	41	0	23
1786945923.828360795	33	0	188	41	0	23
1786945923.948074074	33	0	188	41	0	23
1786945924.067641943	33	0	188	41	0	23
1786945924.187331990	33	0	188	41	0	23
1786945924.306891706	33	0	188	41	0	23
1786945924.434326233	33	0	188	41	0	23
1786945924.557204175	33	0	188	41	0	23
1786945924.676729567	33	0	188	41	0	23
1786945924.799077335	33	0	188	41	0	23
1786945924.918237719	33	0	188	41	0	23
1786945925.037954893	33	0	188	41	0	23
1786945925.157544557	33	0	188	41	0	23
1786945925.277134062	33	0	188	41	0	23
1786945925.401205757	33	0	188	41	0	23
1786945925.525035163	33	0	188	41	0	23
1786945925.644811109	33	0	188	41	0	23
1786945925.764183033	33	0	188	41	0	23
1786945925.883805850	33	0	188	41	0	23
1786945926.003331668	33	0	188	41	0	23
1786945926.130851471	33	0	188	41	0	23
1786945926.258312810	33	0	188	41	0	23
1786945926.378121694	33	0	188	41	0	23
1786945926.501680365	33	0	188	41	0	23
1786945926.621535970	33	0	188	41	0	23
1786945926.744158105	33	0	188	41	0	23
1786945926.871521055	33	0	188	41	0	23
1786945926.994099140	33	0	188	41	0	23
1786945927.113709208	33	0	188	41	0	23
1786945927.236203978	33	0	188	41	0	23
1786945927.355620497	33	0	188	41	0	23
1786945927.479244283	33	0	188	41	0	23
1786945927.602083373	33	0	188	41	0	23
1786945927.729180668	33	0	188	41	2304	23
1786945927.851306200	33	0	188	41	0	23
1786945927.974475637	33	0	188	41	0	23
1786945928.101273004	33	0	188	41	0	23
1786945928.221028319	33	0	188	41	0	23
1786945928.340494472	33	0	188	41	0	23
1786945928.464134410	33	0	188	41	0	23
1786945928.591862518	33	0	188	41	0	23
1786945928.717569030	33	0	188	41	0	23
1786945928.845029344	33	0	188	41	0	23
1786945928.964565801	33	0	188	41	0	23
1786945929.087774481	33	0	188	41	0	23
1786945929.206858273	33	0	188	41	0	23
1786945929.330230145	33	0	188	41	0	23
1786945929.456611561	33	0	188	41	0	23
1786945929.576218420	33	0	188	41	0	23
1786945929.700172194	33	0	188	41	0	23
1786945929.822564249	33	0	188	41	0	23
1786945929.946300526	33	0	188	41	0	23
1786945930.066014197	33	0	188	41	0	23
1786945930.185538270	33	0	188	41	0	23
1786945930.304592127	33	0	188	41	0	23
1786945930.424013219	33	0	188	41	0	23
1786945930.543546587	33	0	188	41	0	23
1786945930.670149867	33	0	188	41	0	23
1786945930.793022263	33	0	188	41	0	23
1786945930.916189756	33	0	188	41	0	23
1786945931.035373602	33	0	188	41	0	23
1786945931.158350106	33	0	188	41	0	23
1786945931.277937626	33	0	188	41	0	23
1786945931.397489574	33	0	188	41	0	23
1786945931.520875699	33	0	188	41	0	23
1786945931.640880386	33	0	188	41	0	23
1786945931.763941995	33	0	188	41	0	23
1786945931.883471522	33	0	188	41	0	23
1786945932.009886590	33	0	188	41	0	23
1786945932.129443018	33	0	188	41	0	23
1786945932.249164442	33	0	188	41	0	23
1786945932.368764471	33	0	188	41	0	23
1786945932.488614787	33	0	188	41	0	23
1786945932.614486014	33	0	188	41	0	23
1786945932.741524454	33	0	188	41	0	23
1786945932.868422751	33	0	188	41	0	23
1786945932.987864259	33	0	188	41	0	23
1786945933.106857496	33	0	188	41	0	23
1786945933.226272654	33	0	188	41	0	23
1786945933.345542364	33	0	188	41	0	23
1786945933.468670797	33	0	188	41	0	23
1786945933.588214583	33	0	188	41	0	23
1786945933.707933188	33	0	188	41	0	23
1786945933.826933460	33	0	188	41	0	23
1786945933.946434790	33	0	188	41	0	23
1786945934.070152078	33	0	188	41	0	23
1786945934.191963546	33	0	188	41	0	23
1786945934.311549267	33	0	188	41	0	23
1786945934.431260794	33	0	188	41	0	23
1786945934.550990023	33	0	188	41	0	23
1786945934.671195330	33	0	188	41	0	23
1786945934.790665220	33	0	188	41	0	23
1786945934.913824943	33	0	188	41	0	23
1786945935.032789739	33	2304	188	41	0	23
1786945935.156286644	33	0	188	41	0	23
1786945935.278092618	33	0	188	41	0	23
1786945935.397551814	33	0	188	41	0	23
1786945935.521294586	33	0	188	41	0	23
1786945935.648753804	33	0	188	41	0	23
1786945935.768414748	33	0	188	41	0	23
1786945935.887806002	33	0	188	41	0	23
1786945936.007350570	33	0	188	41	0	23
1786945936.127050332	33	0	188	41	0	23
1786945936.250833409	33	0	188	41	0	23
1786945936.370101808	33	0	188	41	0	23
1786945936.489380484	33	0	188	41	0	23
1786945936.609340529	33	0	188	41	0	23
1786945936.728558009	33	0	188	41	0	23
1786945936.852131487	33	0	188	41	0	23
1786945936.979331165	33	0	188	41	0	23
1786945937.103346195	33	0	188	41	0	23
1786945937.223797603	33	0	188	41	0	23
1786945937.347568130	33	0	188	41	0	23
1786945937.467145199	33	0	188	41	0	23
1786945937.590993203	33	0	188	41	0	23
1786945937.714518757	33	0	188	41	0	23
1786945937.834316880	33	0	188	41	0	23
1786945937.953978438	33	0	188	41	0	23
1786945938.073634642	33	0	188	41	0	23
1786945938.193417428	33	0	188	41	0	23
1786945938.314698887	33	0	188	41	0	23
1786945938.436291479	33	0	188	41	0	23
1786945938.555838297	33	0	188	41	0	23
1786945938.676064786	33	0	188	41	0	23
1786945938.802920886	33	0	188	41	0	23
1786945938.922440668	33	0	188	41	0	23
1786945939.041763974	33	0	188	41	0	23
1786945939.161650312	33	0	188	41	0	23
1786945939.285738269	33	0	188	41	0	23
1786945939.405472750	33	0	188	41	0	23
1786945939.525637207	33	0	188	41	0	23
1786945939.649562509	33	0	188	41	0	23
1786945939.768660107	33	0	188	41	0	23
1786945939.891381310	33	0	188	41	0	23
1786945940.011024538	33	0	188	41	0	23
1786945940.130586312	33	0	188	41	0	23
1786945940.250352736	33	0	188	41	0	23
1786945940.369983145	33	0	188	41	0	23
1786945940.493725567	33	0	188	41	0	23
1786945940.619551209	33	0	188	41	0	23
1786945940.738762411	33	0	188	41	0	23
1786945940.866043814	33	0	188	41	0	23
1786945940.988207285	33	0	188	41	0	23
1786945941.111215542	33	0	188	41	0	23
1786945941.230805617	33	0	188	41	0	23
1786945941.349916043	33	0	188	41	0	23
1786945941.469467887	33	0	188	41	0	23
1786945941.592933778	33	0	188	41	0	23
1786945941.715533932	33	0	188	41	0	23
1786945941.845026825	33	0	188	41	0	23
1786945941.964742763	33	0	188	41	0	23
1786945942.083786980	33	0	188	41	0	23
1786945942.203350192	33	0	188	41	0	23
1786945942.329180357	33	0	188	41	0	23
1786945942.448912034	33	0	188	41	0	23
1786945942.568567650	33	0	188	41	0	23
1786945942.691443429	33	0	188	41	0	23
1786945942.810450894	33	0	188	41	0	23
1786945942.930040737	33	0	188	41	0	23
1786945943.049757780	33	0	188	41	0	23
1786945943.169608259	33	0	188	41	0	23
1786945943.289579671	33	0	188	41	0	23
1786945943.409395212	33	0	188	41	0	23
1786945943.529826628	33	0	188	41	0	23
1786945943.651420530	33	0	188	41	0	23
1786945943.771679133	33	0	188	41	0	23
1786945943.891080018	33	0	188	41	0	23
1786945944.010812490	33	0	188	41	0	23
1786945944.130740487	33	0	188	41	0	23
1786945944.250682871	33	0	188	41	0	23
1786945944.378375146	33	0	188	41	0	23
1786945944.498457633	33	0	188	41	0	23
1786945944.621929238	33	0	188	41	0	23
1786945944.741935226	33	0	188	41	0	23
1786945944.861643879	33	0	188	41	0	23
1786945944.981197030	33	0	188	41	0	23
1786945945.101004038	33	0	188	41	0	23
1786945945.220332882	33	0	188	41	0	23
1786945945.346981640	33	0	188	41	0	23
1786945945.468198989	33	0	188	41	0	23
1786945945.587215962	33	0	188	41	0	23
1786945945.706921770	33	0	188	41	0	23
1786945945.830467169	33	0	188	41	0	23
1786945945.952863740	33	0	188	41	0	23
1786945946.072348026	33	0	188	41	0	23
1786945946.192155585	33	0	188	41	0	23
1786945946.315944063	33	0	188	41	0	23
1786945946.435420310	33	0	188	41	0	23
1786945946.555166022	33	0	188	41	0	23
1786945946.675183633	33	0	188	41	0	23
1786945946.806333671	33	0	188	41	0	23
1786945946.925333686	33	0	188	41	0	23
1786945947.045153044	33	0	188	41	0	23
1786945947.168639771	33	0	188	41	0	23
1786945947.288223442	33	0	188	41	0	23
1786945947.407927529	33	0	188	41	0	23
1786945947.527998147	33	0	188	41	0	23
1786945947.647875860	33	0	188	41	0	23
1786945947.778219150	33	0	188	41	0	23
1786945947.897743720	33	0	188	41	0	23
1786945948.020685236	33	0	188	41	0	23
1786945948.144362190	33	0	188	41	0	23
1786945948.264341631	33	0	188	41	0	23
1786945948.387912939	33	0	188	41	0	23
1786945948.507361220	33	0	188	41	0	23
1786945948.627105190	33	0	188	41	0	23
1786945948.757824353	33	0	188	41	0	23
1786945948.877023738	33	0	188	41	0	23
1786945948.996194386	33	0	188	41	0	23
1786945949.115916209	33	0	188	41	0	23
1786945949.235567977	33	0	188	41	0	23
1786945949.355264875	33	0	188	41	0	23
1786945949.486289204	33	0	188	41	0	23
1786945949.613461282	33	0	188	41	0	23
1786945949.736876626	33	0	188	41	0	23
1786945949.860401984	33	0	188	41	0	23
1786945949.979873702	33	0	188	41	0	23
1786945950.111340321	33	0	188	41	0	23
1786945950.239693508	33	0	188	41	0	23
1786945950.359151245	33	0	188	41	0	23
1786945950.482527204	33	0	188	41	0	23
1786945950.605860623	33	0	188	41	0	23
1786945950.729113768	33	0	188	41	0	23
1786945950.852143274	33	0	188	41	0	23
1786945950.971546067	33	0	188	41	0	23
1786945951.095436501	33	0	188	41	0	23
1786945951.218152341	33	0	188	41	0	23
1786945951.337268310	33	0	188	41	0	23
1786945951.456765381	33	0	188	41	0	23
1786945951.576688135	33	0	188	41	0	23
1786945951.696327104	33	0	188	41	0	23
1786945951.816034130	33	0	188	41	0	23
1786945951.938946274	33	0	188	41	0	23
1786945952.058615073	33	0	188	41	0	23
1786945952.178168825	33	0	188	41	0	23
1786945952.301479732	33	0	188	41	0	23
1786945952.428008444	33	0	188	41	0	23
1786945952.547716440	33	0	188	41	0	23
1786945952.671536329	33	0	188	41	0	23
1786945952.791307070	33	0	188	41	0	23
1786945952.910817665	33	0	188	41	0	23
1786945953.030264280	33	0	188	41	0	23
1786945953.157528582	33	0	188	41	0	23
1786945953.284175018	33	0	188	41	0	23
1786945953.403759402	33	0	188	41	0	23
1786945953.526441641	33	0	188	41	0	23
1786945953.653516009	33	0	188	41	0	23
1786945953.773286324	33	0	188	41	0	23
1786945953.899934771	33	0	188	41	0	23
1786945954.028217991	33	0	188	41	0	23
1786945954.147699599	33	0	188	41	0	23
1786945954.266755428	33	0	188	41	0	23
1786945954.386415102	33	0	188	41	0	23
1786945954.505496700	33	0	188	41	0	23
1786945954.625435243	33	0	188	41	0	23
1786945954.748928107	33	0	188	41	2304	23
1786945954.875438356	33	0	188	41	0	23
1786945954.998408631	33	0	188	41	0	23
1786945955.132278630	33	0	188	41	0	23
1786945955.251774937	33	0	188	41	0	23
1786945955.370923564	33	0	188	41	0	23
1786945955.494222235	33	0	188	41	0	23
1786945955.613572032	33	0	188	41	0	23
1786945955.732801238	33	0	188	41	0	23
1786945955.852320985	33	0	188	41	0	23
1786945955.971807183	33	0	188	41	0	23
1786945956.095064932	33	0	188	41	0	23
1786945956.218052747	33	0	188	41	0	23
1786945956.351208148	33	0	188	41	0	23
1786945956.484033429	33	0	188	41	0	23
1786945956.603528144	33	0	188	41	0	23
1786945956.726289492	33	0	188	41	0	23
1786945956.845952867	33	0	188	41	0	23
1786945956.976650442	33	0	188	41	0	23
1786945957.107581321	33	0	188	41	0	23
1786945957.227178286	33	0	188	41	0	23
1786945957.346831531	33	0	188	41	0	23
1786945957.466467835	33	0	188	41	0	23
1786945957.585871795	33	0	188	41	0	23
1786945957.708801895	33	0	188	41	0	23
1786945957.832097726	33	0	188	41	0	23
1786945957.954464917	33	0	188	41	0	23
1786945958.074263809	33	0	188	41	0	23
1786945958.193627300	33	0	188	41	0	23
1786945958.313247913	33	0	188	41	0	23
1786945958.436900371	33	0	188	41	0	23
1786945958.556351161	33	0	188	41	0	23
1786945958.682890398	33	0	188	41	0	23
1786945958.803307953	33	0	188	41	0	23
1786945958.933629314	33	0	188	41	0	23
1786945959.053808484	33	0	188	41	0	23
1786945959.177057252	33	0	188	41	0	23
1786945959.299693521	33	0	188	41	0	23
1786945959.419260898	33	0	188	41	0	23
1786945959.546333649	33	0	188	41	0	23
1786945959.665501308	33	0	188	41	0	23
1786945959.785064582	33	0	188	41	0	23
1786945959.904670753	33	0	188	41	0	23
1786945960.024175616	33	0	188	41	0	23
1786945960.147224949	33	0	188	41	0	23
1786945960.266142949	33	0	188	41	0	23
1786945960.385942502	33	0	188	41	0	23
1786945960.509563913	33	0	188	41	0	23
1786945960.629207633	33	0	188	41	0	23
1786945960.748348959	33	0	188	41	0	23
1786945960.867712837	33	0	188	41	0	23
1786945960.986976098	33	0	188	41	0	23
1786945961.110870430	33	0	188	41	0	23
1786945961.230630481	33	0	188	41	0	23
1786945961.350179909	33	2304	188	41	0	23
1786945961.480135558	33	0	188	41	0	23
1786945961.603201847	33	0	188	41	0	23
1786945961.726763595	33	0	188	41	0	23
1786945961.846800260	33	0	188	41	0	23
1786945961.966560227	33	0	188	41	0	23
1786945962.086187833	33	0	188	41	0	23
1786945962.210084805	33	0	188	41	0	23
1786945962.329052087	33	0	188	41	0	23
1786945962.452375070	33	0	188	41	0	23
1786945962.572172438	33	0	188	41	0	23
1786945962.692664153	33	0	188	41	0	23
1786945962.817049742	33	0	188	41	0	23
1786945962.937075365	33	0	188	41	0	23
1786945963.056949262	33	0	188	41	0	23
1786945963.179333890	33	0	188	41	0	23
1786945963.298933899	33	0	188	41	0	23
1786945963.418589577	33	0	188	41	2304	23
1786945963.538393543	33	0	188	41	0	23
1786945963.658088970	33	0	188	41	0	23
1786945963.777787229	33	0	188	41	0	23
1786945963.897599088	33	0	188	41	0	23
1786945964.017848378	33	0	188	41	0	23
1786945964.142408241	33	0	188	41	0	23
1786945964.266413107	33	0	188	41	0	23
1786945964.385876603	33	0	188	41	0	23
1786945964.509529697	33	0	188	41	0	23
1786945964.633853073	33	0	188	41	0	23
1786945964.753585756	33	0	188	41	0	23
1786945964.878250252	33	0	188	41	0	23
1786945965.006202952	33	0	188	41	0	23
1786945965.125647770	33	0	188	41	0	23
1786945965.249562362	33	0	188	41	0	23
1786945965.369502715	33	0	188	41	0	23
1786945965.489441909	33	0	188	41	0	23
1786945965.609974445	33	0	188	41	0	23
1786945965.736811505	33	0	188	41	0	23
1786945965.866926750	33	0	188	41	0	23
1786945965.986165736	33	0	188	41	0	23
1786945966.105825882	33	0	188	41	0	23
1786945966.225661223	33	0	188	41	0	23
1786945966.345578951	33	0	188	41	0	23
1786945966.465196419	33	0	188	41	0	23
1786945966.588593095	33	0	188	41	0	23
1786945966.708144120	33	0	188	41	0	23
1786945966.827882682	33	0	188	41	0	23
1786945966.947548367	33	0	188	41	0	23
1786945967.067093190	33	0	188	41	0	23
1786945967.197053731	33	0	188	41	0	23
1786945967.320523743	33	0	188	41	0	23
1786945967.446921197	33	0	188	41	0	23
1786945967.566621769	33	0	188	41	0	23
1786945967.689612855	33	0	188	41	0	23
1786945967.809701109	33	0	188	41	0	23
1786945967.929679489	33	0	188	41	0	23
1786945968.054237962	33	0	188	41	0	23
1786945968.174127328	33	0	188	41	0	23
1786945968.296947560	33	0	188	41	0	23
1786945968.416677861	33	0	188	41	0	23
1786945968.539769853	33	0	188	41	0	23
1786945968.662720165	33	0	188	41	0	23
1786945968.782524999	33	0	188	41	0	23
1786945968.902543154	33	0	188	41	0	23
1786945969.022202410	33	0	188	41	0	23
1786945969.141947174	33	0	188	41	0	23
1786945969.264650134	33	0	188	41	0	23
1786945969.395229242	33	0	188	41	0	23
1786945969.518329249	33	0	188	41	0	23
1786945969.648210283	33	0	188	41	0	23
1786945969.774629326	33	0	188	41	0	23
1786945969.894182706	33	0	188	41	0	23
1786945970.017542106	33	0	188	41	0	23
1786945970.140011364	33	0	188	41	0	23
1786945970.259743568	33	0	188	41	0	23
1786945970.387244028	33	0	188	41	0	23
1786945970.511294025	33	0	188	41	0	23
1786945970.634190286	33	0	188	41	0	23
1786945970.753792725	33	0	188	41	0	23
1786945970.880527852	33	0	188	41	0	23
1786945971.000201193	33	0	188	41	0	23
1786945971.119857721	33	0	188	41	0	23
1786945971.243181372	33	0	188	41	0	23
1786945971.362566725	33	0	188	41	0	23
1786945971.485311530	33	0	188	41	0	23
1786945971.608561038	33	0	188	41	0	23
1786945971.727785090	33	0	188	41	0	23
1786945971.847344904	33	0	188	41	0	23
1786945971.974796413	33	0	188	41	0	23
1786945972.093992727	33	0	188	41	0	23
1786945972.216904867	33	0	188	41	0	23
1786945972.340408894	33	0	188	41	0	23
1786945972.463594612	33	0	188	41	0	23
1786945972.593708474	33	0	188	41	0	23
1786945972.717012320	33	0	188	41	0	23
1786945972.836797458	33	0	188	41	0	23
1786945972.956486798	33	0	188	41	0	23
1786945973.076183258	33	0	188	41	0	23
1786945973.199026983	33	0	188	41	0	23
1786945973.317970984	33	0	188	41	0	23
1786945973.437521202	33	0	188	41	0	23
1786945973.557704560	33	0	188	41	0	23
1786945973.677436339	33	0	188	41	0	23
1786945973.797149345	33	0	188	41	0	23
1786945973.916817492	33	0	188	41	0	23
1786945974.043371188	33	0	188	41	0	23
1786945974.162927329	33	0	188	41	0	23
1786945974.282645004	33	0	188	41	0	23
1786945974.405938446	33	0	188	41	0	23
1786945974.526417938	33	0	188	41	0	23
1786945974.646809449	33	0	188	41	0	23
1786945974.765818427	33	0	188	41	0	23
1786945974.892878844	33	0	188	41	0	23
1786945975.012667999	33	0	188	41	0	23
1786945975.132458751	33	0	188	41	0	23
1786945975.255739767	33	0	188	41	0	23
1786945975.383310608	33	0	188	41	0	23
1786945975.502602529	33	0	188	41	0	23
1786945975.622215542	33	0	188	41	0	23
1786945975.741739887	33	0	188	41	0	23
1786945975.860896134	33	0	188	41	0	23
1786945975.980626484	33	0	188	41	0	23
1786945976.100151972	33	0	188	41	0	23
1786945976.219779950	33	0	188	41	0	23
1786945976.339516484	33	0	188	41	0	23
1786945976.459326372	33	0	188	41	0	23
1786945976.578611651	33	0	188	41	0	23
1786945976.702817955	33	0	188	41	0	23
1786945976.830546676	33	0	188	41	0	23
1786945976.954444885	33	0	188	41	0	23
1786945977.073857426	33	0	188	41	0	23
1786945977.193111670	33	0	188	41	0	23
1786945977.315746813	33	0	188	41	0	23
1786945977.447791425	33	0	188	41	0	23
1786945977.571319748	33	0	188	41	0	23
1786945977.698397340	33	0	188	41	0	23
1786945977.818182935	33	0	188	41	0	23
1786945977.942889774	33	0	188	41	0	23
1786945978.062340736	33	0	188	41	0	23
1786945978.181756481	33	0	188	41	0	23
1786945978.301596661	33	0	188	41	0	23
1786945978.424493064	33	0	188	41	0	23
1786945978.547381558	33	0	188	41	0	23
1786945978.667228966	33	0	188	41	0	23
1786945978.789827062	33	0	188	41	0	23
1786945978.908732985	33	0	188	41	0	23
1786945979.028332958	33	0	188	41	0	23
1786945979.147880800	33	0	188	41	0	23
1786945979.267616635	33	0	188	41	0	23
1786945979.387307816	33	0	188	41	0	23
1786945979.507152660	33	0	188	41	0	23
1786945979.630144126	33	0	188	41	0	23
1786945979.764981532	33	0	188	41	0	23
1786945979.891775241	33	0	188	41	0	23
1786945980.011012864	33	0	188	41	0	23
1786945980.130705172	33	0	188	41	0	23
1786945980.253152045	33	0	188	41	0	23
1786945980.378912118	33	0	188	41	0	23
1786945980.498533440	33	0	188	41	0	23
1786945980.625083878	33	0	188	41	0	23
1786945980.744184141	33	0	188	41	0	23
1786945980.863821782	33	0	188	41	0	23
1786945980.986635372	33	0	188	41	0	23
1786945981.109601809	33	0	188	41	0	23
1786945981.248190844	33	0	188	41	0	23
1786945981.368041557	33	0	188	41	0	23
1786945981.487496865	33	0	188	41	0	23
1786945981.607593764	33	0	188	41	0	23
1786945981.730236746	33	0	188	41	0	23
1786945981.853529364	33	0	188	41	0	23
1786945981.975948136	33	0	188	41	0	23
1786945982.095788731	33	0	188	41	0	23
1786945982.215668606	33	0	188	41	0	23
1786945982.335333565	33	0	188	41	0	23
1786945982.455301540	33	0	188	41	0	23
1786945982.575151120	33	0	188	41	0	23
1786945982.694948584	33	0	188	41	0	23
1786945982.818281187	33	0	188	41	0	23
1786945982.937297356	33	0	188	41	0	23
1786945983.056793934	33	0	188	41	0	23
1786945983.184326336	33	0	188	41	0	23
1786945983.306969362	33	0	188	41	0	23
1786945983.426656912	33	0	188	41	0	23
1786945983.546323458	33	0	188	41	0	23
1786945983.670202444	33	0	188	41	0	23
1786945983.789368920	33	0	188	41	0	23
1786945983.912358276	33	0	188	41	0	23
1786945984.039278481	33	0	188	41	2304	23
1786945984.158535191	33	0	188	41	0	23
1786945984.281823383	33	0	188	41	0	23
1786945984.409293040	33	0	188	41	0	23
1786945984.528421588	33	0	188	41	0	23
1786945984.648325824	33	0	188	41	0	23
1786945984.775669458	33	0	188	41	0	23
1786945984.895370373	33	0	188	41	2304	23
1786945985.014314453	33	0	188	41	0	23
1786945985.133961376	33	0	188	41	0	23
1786945985.253876207	33	0	188	41	0	23
1786945985.377408875	33	0	188	41	0	23
1786945985.503466980	33	0	188	41	0	23
1786945985.630821803	33	0	188	41	0	23
1786945985.750390298	33	0	188	41	0	23
1786945985.869669445	33	0	188	41	0	23
1786945985.993084376	33	0	188	41	0	23
1786945986.116188182	33	0	188	41	0	23
1786945986.235167733	33	0	188	41	0	23
1786945986.354739914	33	0	188	41	0	23
1786945986.478248000	33	0	188	41	0	23
1786945986.598074634	33	0	188	41	0	23
1786945986.718081390	33	0	188	41	0	23
1786945986.841396415	33	0	188	41	0	23
1786945986.960727397	33	0	188	41	0	23
1786945987.083915518	33	0	188	41	0	23
1786945987.203573563	33	0	188	41	0	23
1786945987.326659067	33	0	188	41	0	23
1786945987.445896691	33	0	188	41	0	23
1786945987.569936088	33	0	188	41	0	23
1786945987.689657014	33	0	188	41	0	23
1786945987.809542947	33	0	188	41	0	23
1786945987.932761124	33	0	188	41	0	23
1786945988.055860092	33	0	188	41	0	23
1786945988.181959626	33	0	188	41	0	23
1786945988.305536368	33	0	188	41	0	23
1786945988.428624868	33	0	188	41	0	23
1786945988.552693211	33	0	188	41	0	23
1786945988.675870436	33	0	188	41	0	23
1786945988.799127118	33	0	188	41	0	23
1786945988.918109295	33	0	188	41	0	23
1786945989.037508122	33	0	188	41	0	23
1786945989.157212953	33	0	188	41	2304	23
1786945989.276903888	33	0	188	41	0	23
1786945989.400462281	33	0	188	41	0	23
1786945989.520243416	33	0	188	41	0	23
1786945989.640606664	33	0	188	41	0	23
1786945989.763507977	33	0	188	41	0	23
1786945989.883340340	33	0	188	41	0	23
1786945990.003111429	33	0	188	41	0	23
1786945990.122879908	33	0	188	41	0	23
1786945990.246692394	33	0	188	41	0	23
1786945990.366515408	33	0	188	41	0	23
1786945990.492245102	33	0	188	41	0	23
1786945990.615883094	33	0	188	41	0	23
1786945990.739467615	33	0	188	41	0	23
1786945990.863294338	33	0	188	41	0	23
1786945990.990649889	33	0	188	41	0	23
1786945991.110070081	33	0	188	41	0	23
1786945991.229299531	33	0	188	41	0	23
1786945991.352849321	33	0	188	41	0	23
1786945991.472034406	33	0	188	41	0	23
1786945991.591831547	33	0	188	41	0	23
1786945991.715502478	33	0	188	41	0	23
1786945991.835121203	33	0	188	41	0	23
1786945991.959073314	33	0	188	41	0	23
1786945992.086756012	33	0	188	41	0	23
1786945992.205977694	33	0	188	41	0	23
1786945992.327018568	33	0	188	41	0	23
1786945992.450632638	33	0	188	41	0	23
1786945992.572197632	33	0	188	41	0	23
1786945992.691937737	33	0	188	41	0	23
1786945992.811794604	33	0	188	41	0	23
1786945992.931283382	33	0	188	41	0	23
1786945993.050728350	33	0	188	41	0	23
1786945993.170309983	33	0	188	41	0	23
1786945993.290024278	33	0	188	41	0	23
1786945993.414097659	33	0	188	41	0	23
1786945993.533668335	33	0	188	41	0	23
1786945993.657538086	33	0	188	41	0	23
1786945993.776699254	33	0	188	41	0	23
1786945993.896426810	33	0	188	41	0	23
1786945994.015908819	33	0	188	41	0	23
1786945994.138607130	33	0	188	41	0	23
1786945994.269287914	33	0	188	41	0	23
1786945994.388049349	33	0	188	41	0	23
1786945994.507702648	33	0	188	41	0	23
1786945994.627179661	33	0	188	41	0	23
1786945994.746966314	33	0	188	41	0	23
1786945994.866748414	33	0	188	41	0	23
1786945994.993891633	33	0	188	41	0	23
1786945995.113140816	33	0	188	41	0	23
1786945995.232837470	33	0	188	41	0	23
1786945995.356096357	33	0	188	41	0	23
1786945995.479466226	33	0	188	41	0	23
1786945995.598669752	33	0	188	41	0	23
1786945995.722488027	33	0	188	41	0	23
1786945995.852891209	33	0	188	41	0	23
1786945995.978997847	33	0	188	41	0	23
1786945996.098341080	33	0	188	41	0	23
1786945996.221782225	33	0	188	41	0	23
1786945996.348550652	33	0	188	41	0	23
1786945996.478903339	33	0	188	41	0	23
1786945996.602195704	33	0	188	41	0	23
1786945996.722204116	33	0	188	41	0	23
1786945996.841662635	33	0	188	41	0	23
1786945996.968909830	33	0	188	41	0	23
1786945997.096272538	33	0	188	41	0	23
1786945997.216254445	33	0	188	41	0	23
1786945997.335582494	33	0	188	41	0	23
1786945997.458846880	33	0	188	41	0	23
1786945997.578920365	33	0	188	41	0	23
1786945997.698765393	33	0	188	41	0	23
1786945997.821615824	33	0	188	41	0	23
1786945997.941721364	33	0	188	41	0	23
1786945998.065220536	33	0	188	41	0	23
1786945998.185852953	33	0	188	41	0	23
1786945998.305535172	33	0	188	41	0	23
1786945998.425461606	33	0	188	41	0	23
1786945998.545287528	33	0	188	41	0	23
1786945998.665131552	33	0	188	41	0	23
1786945998.785997078	33	0	188	41	0	23
1786945998.914047703	33	0	188	41	0	23
1786945999.040757392	33	0	188	41	0	23
1786945999.160414831	33	0	188	41	0	23
1786945999.280120830	33	0	188	41	0	23
1786945999.399644463	33	0	188	41	0	23
1786945999.519444931	33	0	188	41	0	23
1786945999.639331849	33	0	188	41	0	23
1786945999.766728940	33	0	188	41	0	23
1786945999.886446781	33	0	188	41	0	23
1786946000.017318463	33	0	188	41	0	23
1786946000.140919747	33	0	188	41	0	23
1786946000.267861085	33	0	188	41	0	23
1786946000.387745042	33	0	188	41	0	23
1786946000.507399268	33	0	188	41	0	23
1786946000.627414095	33	0	188	41	0	23
1786946000.747482862	33	0	188	41	0	23
1786946000.873872323	33	0	188	41	0	23
1786946000.994126624	33	0	188	41	0	23
1786946001.113791104	33	0	188	41	0	23
1786946001.233409909	33	0	188	41	0	23
1786946001.353172821	33	0	188	41	0	23
1786946001.473374790	33	0	188	41	0	23
1786946001.593098124	33	0	188	41	0	23
1786946001.712805053	33	0	188	41	0	23
1786946001.832423318	33	0	188	41	0	23
1786946001.958789737	33	0	188	41	0	23
1786946002.078458667	33	0	188	41	0	23
1786946002.198018067	33	0	188	41	0	23
1786946002.323892202	33	0	188	41	0	23
1786946002.450852737	33	0	188	41	0	23
1786946002.577152000	33	0	188	41	0	23
1786946002.696728274	33	0	188	41	0	23
1786946002.819689760	33	0	188	41	0	23
1786946002.946205403	33	0	188	41	0	23
1786946003.073417665	33	0	188	41	0	23
1786946003.200384281	33	0	188	41	0	23
1786946003.323396823	33	0	188	41	0	23
1786946003.442736540	33	0	188	41	0	23
1786946003.561937595	33	2304	188	41	0	23
1786946003.681725135	33	0	188	41	0	23
1786946003.801427998	33	0	188	41	0	23
1786946003.921132682	33	0	188	41	0	23
1786946004.040778618	33	0	188	41	0	23
1786946004.160603893	33	0	188	41	0	23
1786946004.280579707	33	0	188	41	0	23
1786946004.400159489	33	0	188	41	0	23
1786946004.523033452	33	0	188	41	0	23
1786946004.642750659	33	2304	188	41	0	23
1786946004.766441912	33	0	188	41	0	23
1786946004.886280762	33	0	188	41	0	23
1786946005.009610653	33	0	188	41	0	23
1786946005.133242994	33	0	188	41	0	23
1786946005.252994161	33	0	188	41	0	23
1786946005.372807977	33	0	188	41	0	23
1786946005.492694897	33	0	188	41	0	23
1786946005.615591906	33	0	188	41	0	23
1786946005.735944763	33	0	188	41	0	23
1786946005.858785815	33	0	188	41	0	23
1786946005.978494182	33	0	188	41	0	23
1786946006.098033985	33	0	188	41	0	23
1786946006.217844275	33	0	188	41	0	23
1786946006.340373176	33	0	188	41	0	23
1786946006.459517773	33	0	188	41	0	23
1786946006.578903673	33	0	188	41	0	23
1786946006.698908543	33	0	188	41	0	23
1786946006.818870092	33	0	188	41	0	23
1786946006.938602383	33	2304	188	41	0	23
1786946007.057740383	33	0	188	41	0	23
1786946007.177203896	33	0	188	41	0	23
1786946007.296726006	33	0	188	41	0	23
1786946007.420025268	33	0	188	41	0	23
1786946007.543411146	33	0	188	41	0	23
1786946007.663024871	33	0	188	41	0	23
1786946007.782605595	33	0	188	41	0	23
1786946007.901778062	33	0	188	41	0	23
1786946008.021200716	33	0	188	41	0	23
1786946008.140734401	33	0	188	41	0	23
1786946008.260675317	33	0	188	41	0	23
1786946008.380498935	33	0	188	41	0	23
1786946008.503738036	33	0	188	41	0	23
1786946008.629816161	33	0	188	41	0	23
1786946008.749299422	33	0	188	41	0	23
1786946008.872333729	33	0	188	41	0	23
1786946008.992280567	33	0	188	41	0	23
1786946009.112299006	33	0	188	41	0	23
1786946009.232064638	33	0	188	41	0	23
1786946009.359270207	33	0	188	41	0	23
1786946009.479120280	33	0	188	41	0	23
1786946009.598172746	33	0	188	41	0	23
1786946009.717823168	33	0	188	41	0	23
1786946009.837774557	33	0	188	41	0	23
1786946009.961107925	33	0	188	41	0	23
1786946010.080451499	33	0	188	41	0	23
1786946010.200157760	33	0	188	41	0	23
1786946010.319213360	33	0	188	41	0	23
1786946010.438784718	33	0	188	41	0	23
1786946010.558520988	33	0	188	41	0	23
1786946010.678384210	33	0	188	41	0	23
1786946010.805104372	33	0	188	41	0	23
1786946010.924697786	33	0	188	41	0	23
1786946011.044410419	33	0	188	41	0	23
1786946011.164138906	33	0	188	41	0	23
1786946011.283752840	33	0	188	41	0	23
1786946011.403383334	33	0	188	41	0	23
1786946011.523244423	33	0	188	41	0	23
1786946011.653353761	33	0	188	41	0	23
1786946011.772646382	33	0	188	41	0	23
1786946011.895350789	33	0	188	41	0	23
1786946012.018455433	33	0	188	41	0	23
1786946012.137654719	33	0	188	41	0	23
1786946012.256548426	33	0	188	41	0	23
1786946012.376416708	33	0	188	41	0	23
1786946012.496135525	33	0	188	41	0	23
1786946012.615953628	33	0	188	41	0	23
1786946012.741977319	33	0	188	41	0	23
1786946012.865310744	33	0	188	41	0	23
1786946012.984749588	33	0	188	41	0	23
1786946013.104073312	33	0	188	41	0	23
1786946013.231479791	33	0	188	41	0	23
1786946013.350976031	33	0	188	41	0	23
1786946013.470636093	33	0	188	41	0	23
1786946013.590395184	33	0	188	41	0	23
1786946013.710051652	33	0	188	41	0	23
1786946013.833099991	33	0	188	41	0	23
1786946013.952911601	33	0	188	41	0	23
1786946014.080783559	33	0	188	41	0	23
1786946014.208395164	33	0	188	41	0	23
1786946014.332207913	33	0	188	41	0	23
1786946014.451750789	33	0	188	41	0	23
1786946014.575365726	33	0	188	41	0	23
1786946014.698801479	33	0	188	41	0	23
1786946014.818618321	33	0	188	41	0	23
1786946014.938339933	33	0	188	41	2304	23
1786946015.058031302	33	0	188	41	0	23
1786946015.177701628	33	0	188	41	0	23
1786946015.297411485	33	0	188	41	0	23
1786946015.420536305	33	0	188	41	0	23
1786946015.551192143	33	0	188	41	0	23
1786946015.670704089	33	0	188	41	0	23
1786946015.790635864	33	0	188	41	0	23
1786946015.910060996	33	0	188	41	0	23
1786946016.033463676	33	0	188	41	0	23
1786946016.159551845	33	0	188	41	0	23
1786946016.279262381	33	0	188	41	0	23
1786946016.399059283	33	0	188	41	0	23
1786946016.526395961	33	0	188	41	0	23
1786946016.647556751	33	0	188	41	0	23
1786946016.767098854	33	0	188	41	0	23
1786946016.886608150	33	0	188	41	0	23
1786946017.006372095	33	0	188	41	0	23
1786946017.126007612	33	0	188	41	0	23
1786946017.245753454	33	0	188	41	0	23
1786946017.376734657	33	0	188	41	0	23
1786946017.496363125	33	0	188	41	0	23
1786946017.619238248	33	0	188	41	0	23
1786946017.740696450	33	0	188	41	0	23
1786946017.860887865	33	0	188	41	0	23
1786946017.980320094	33	0	188	41	0	23
1786946018.099631618	33	0	188	41	0	23
1786946018.223088740	33	0	188	41	0	23
1786946018.342795731	33	0	188	41	0	23
1786946018.462384214	33	0	188	41	0	23
1786946018.582109338	33	0	188	41	0	23
1786946018.705466769	33	0	188	41	0	23
1786946018.825123569	33	0	188	41	0	23
1786946018.944212146	33	0	188	41	0	23
1786946019.063838879	33	0	188	41	0	23
1786946019.183525339	33	0	188	41	0	23
1786946019.303269939	33	0	188	41	0	23
1786946019.433717303	33	0	188	41	0	23
1786946019.553307686	33	0	188	41	0	23
1786946019.673020261	33	0	188	41	0	23
1786946019.801295770	33	0	188	41	0	23
1786946019.932054804	33	0	188	41	0	23
1786946020.051752909	33	0	188	41	0	23
1786946020.171442085	33	0	188	41	0	23
1786946020.290363968	33	0	188	41	0	23
1786946020.410052419	33	0	188	41	0	23
1786946020.529806998	33	0	188	41	0	23
1786946020.653917942	33	0	188	41	0	23
1786946020.777004060	33	0	188	41	0	23
1786946020.899992247	33	0	188	41	0	23
1786946021.027274466	33	0	188	41	0	23
1786946021.146826661	33	0	188	41	0	23
1786946021.266088578	33	0	188	41	0	23
1786946021.389679320	33	0	188	41	0	23
1786946021.513149411	33	0	188	41	0	23
1786946021.632939827	33	0	188	41	0	23
1786946021.756179867	33	0	188	41	0	23
1786946021.885540077	33	0	188	41	0	23
1786946022.005085203	33	0	188	41	0	23
1786946022.128049506	33	0	188	41	0	23
1786946022.247483111	33	0	188	41	0	23
1786946022.367389813	33	0	188	41	0	23
1786946022.487138148	33	0	188	41	0	23
1786946022.619092346	33	0	188	41	0	23
1786946022.742071120	33	0	188	41	0	23
1786946022.869529879	33	0	188	41	0	23
1786946022.995384600	33	0	188	41	0	23
1786946023.114510037	33	0	188	41	0	23
1786946023.242060773	33	0	188	41	0	23
1786946023.365165322	33	0	188	41	0	23
1786946023.487665867	33	0	188	41	0	23
1786946023.615455469	33	0	188	41	0	23
1786946023.738221758	33	0	188	41	0	23
1786946023.862377833	33	0	188	41	0	23
1786946023.985167052	33	0	188	41	0	23
1786946024.107953881	33	0	188	41	0	23
1786946024.228136309	33	0	188	41	0	23
1786946024.347877587	33	0	188	41	0	23
1786946024.474403146	33	0	188	41	0	23
1786946024.600388544	33	0	188	41	0	23
1786946024.726970744	33	0	188	41	0	23
1786946024.846103025	33	0	188	41	0	23
1786946024.965895311	33	0	188	41	0	23
1786946025.099838293	33	0	188	41	0	23
1786946025.221671604	33	0	188	41	0	23
1786946025.351520005	33	0	188	41	0	23
1786946025.470791220	33	0	188	41	0	23
1786946025.590629571	33	0	188	41	0	23
1786946025.711058540	33	0	188	41	0	23
1786946025.830373366	33	0	188	41	0	23
1786946025.950206458	33	0	188	41	0	23
1786946026.074892782	33	0	188	41	0	23
1786946026.198366877	33	0	188	41	0	23
1786946026.318371925	33	0	188	41	0	23
1786946026.438862441	33	0	188	41	0	23
1786946026.558717877	33	0	188	41	0	23
1786946026.678518310	33	0	188	41	0	23
1786946026.801952604	33	0	188	41	0	23
1786946026.921600124	33	0	188	41	0	23
1786946027.049139282	33	0	188	41	0	23
1786946027.172523307	33	0	188	41	0	23
1786946027.292216843	33	0	188	41	0	23
1786946027.411921340	33	0	188	41	0	23
1786946027.531527175	33	0	188	41	0	23
1786946027.650937738	33	0	188	41	0	23
1786946027.770300426	33	0	188	41	0	23
1786946027.890103692	33	0	188	41	2304	23
1786946028.010116755	33	0	188	41	0	23
1786946028.133404712	33	0	188	41	0	23
1786946028.256852671	33	0	188	41	0	23
1786946028.376196377	33	0	188	41	0	23
1786946028.495686105	33	0	188	41	0	23
1786946028.618636393	33	0	188	41	0	23
1786946028.738393753	33	0	188	41	0	23
1786946028.861416437	33	0	188	41	0	23
1786946028.981054914	33	0	188	41	0	23
1786946029.100766178	33	0	188	41	0	23
1786946029.219984385	33	0	188	41	0	23
1786946029.343305713	33	0	188	41	0	23
1786946029.470959687	33	0	188	41	0	23
1786946029.590170136	33	0	188	41	0	23
1786946029.709793336	33	0	188	41	0	23
1786946029.829666912	33	0	188	41	0	23
1786946029.953528642	33	0	188	41	0	23
1786946030.072946453	33	0	188	41	0	23
1786946030.192597998	33	0	188	41	0	23
1786946030.312346159	33	0	188	41	0	23
1786946030.435172976	33	0	188	41	0	23
1786946030.558438250	33	2304	188	41	0	23
1786946030.678160631	33	0	188	41	0	23
1786946030.801094287	33	0	188	41	0	23
1786946030.920794367	33	0	188	41	0	23
1786946031.044099174	33	0	188	41	0	23
1786946031.163241169	33	0	188	41	0	23
1786946031.282311987	33	0	188	41	0	23
1786946031.401871285	33	0	188	41	0	23
1786946031.530351702	33	0	188	41	0	23
1786946031.650068504	33	0	188	41	0	23
1786946031.769331193	33	0	188	41	0	23
1786946031.888096957	33	0	188	41	0	23
1786946032.015368528	33	0	188	41	0	23
1786946032.134802653	33	0	188	41	0	23
1786946032.253977142	33	0	188	41	0	23
1786946032.373271755	33	0	188	41	0	23
1786946032.496831949	33	0	188	41	0	23
1786946032.619853428	33	0	188	41	0	23
1786946032.739537390	33	0	188	41	0	23
1786946032.859148046	33	0	188	41	0	23
1786946032.987025994	33	0	188	41	0	23
1786946033.107051995	33	0	188	41	0	23
1786946033.233752231	33	0	188	41	0	23
1786946033.353359253	33	0	188	41	0	23
1786946033.480610388	33	0	188	41	0	23
1786946033.599826503	33	0	188	41	0	23
1786946033.719274259	33	0	188	41	0	23
1786946033.839027315	33	0	188	41	0	23
1786946033.958872645	33	0	188	41	0	23
1786946034.082036367	33	0	188	41	0	23
1786946034.201865699	33	0	188	41	0	23
1786946034.321743164	33	0	188	41	0	23
1786946034.448551430	33	0	188	41	0	23
1786946034.568321766	33	0	188	41	0	23
1786946034.687567578	33	0	188	41	0	23
1786946034.807436353	33	0	188	41	0	23
1786946034.934415867	33	0	188	41	0	23
1786946035.054077877	33	0	188	41	0	23
1786946035.175906303	33	0	188	41	0	23
1786946035.295677799	33	0	188	41	0	23
1786946035.422577208	33	0	188	41	0	23
1786946035.541878939	33	0	188	41	0	23
1786946035.661307160	33	0	188	41	0	23
1786946035.790649413	33	0	188	41	0	23
1786946035.910475387	33	0	188	41	0	23
1786946036.030639850	33	0	188	41	0	23
1786946036.157129742	33	0	188	41	0	23
1786946036.276672661	33	0	188	41	0	23
1786946036.396552612	33	0	188	41	0	23
1786946036.516388794	33	0	188	41	0	23
1786946036.636215447	33	0	188	41	0	23
1786946036.755123207	33	0	188	41	0	23
1786946036.875387161	33	0	188	41	0	23
1786946036.994476066	33	0	188	41	0	23
1786946037.113513671	33	0	188	41	0	23
1786946037.233268992	33	0	188	41	0	23
1786946037.352851629	33	0	188	41	0	23
1786946037.483883333	33	0	188	41	0	23
1786946037.603098238	33	0	188	41	0	23
1786946037.722772101	33	0	188	41	0	23
1786946037.842382261	33	0	188	41	0	23
1786946037.962018413	33	0	188	41	0	23
1786946038.088447869	33	0	188	41	0	23
1786946038.212181112	33	0	188	41	0	23
1786946038.335442356	33	0	188	41	0	23
1786946038.454857587	33	0	188	41	0	23
1786946038.578346651	33	0	188	41	0	23
1786946038.697336949	33	0	188	41	0	23
1786946038.820433142	33	0	188	41	0	23
1786946038.940267590	33	0	188	41	0	23
1786946039.060045460	33	0	188	41	0	23
1786946039.179830620	33	0	188	41	0	23
1786946039.299796922	33	0	188	41	0	23
1786946039.419490867	33	0	188	41	0	23
1786946039.547371960	33	0	188	41	0	23
1786946039.666918228	33	0	188	41	0	23
1786946039.786717804	33	0	188	41	0	23
1786946039.910206911	33	0	188	41	0	23
1786946040.030039447	33	0	188	41	0	23
1786946040.149859443	33	0	188	41	0	23
1786946040.277618153	33	0	188	41	0	23
1786946040.400086341	33	0	188	41	0	23
1786946040.523853403	33	0	188	41	0	23
1786946040.652752977	33	0	188	41	0	23
1786946040.778120748	33	2304	188	41	0	23
1786946040.903302823	33	0	188	41	0	23
1786946041.031215442	33	0	188	41	0	23
1786946041.156143332	33	0	188	41	0	23
1786946041.277360892	33	0	188	41	0	23
1786946041.399114887	33	0	188	41	0	23
1786946041.524576784	33	0	188	41	0	23
1786946041.646082302	33	0	188	41	0	23
1786946041.771171999	33	0	188	41	0	23
1786946041.892170627	33	0	188	41	0	23
1786946042.013383253	33	0	188	41	0	23
1786946042.134787477	33	0	188	41	0	23
1786946042.255973253	33	0	188	41	0	23
1786946042.377327685	33	0	188	41	0	23
1786946042.498524203	33	0	188	41	0	23
1786946042.620143973	33	0	188	41	0	23
1786946042.748521660	33	0	188	41	0	23
1786946042.873635579	33	0	188	41	0	23
1786946042.995107466	33	0	188	41	0	23
1786946043.116441344	33	0	188	41	0	23
1786946043.241208731	33	0	188	41	0	23
1786946043.361822639	33	0	188	41	0	23
1786946043.483258783	33	0	188	41	0	23
1786946043.604579507	33	0	188	41	0	23
1786946043.726302179	33	0	188	41	0	23
1786946043.850683919	33	0	188	41	0	23
1786946043.974483346	33	0	188	41	0	23
1786946044.098098778	33	0	188	41	0	23
1786946044.219426353	33	0	188	41	0	23
1786946044.340527871	33	0	188	41	0	23
1786946044.469061995	33	0	188	41	0	23
1786946044.601775621	33	0	188	41	0	23
1786946044.727385662	33	0	188	41	0	23
1786946044.851826473	33	0	188	41	0	23
1786946044.973117147	33	0	188	41	0	23
1786946045.094728223	33	0	188	41	0	23
1786946045.215528727	33	0	188	41	0	23
1786946045.348536457	33	0	188	41	0	23
1786946045.473215615	33	0	188	41	0	23
1786946045.599126301	33	0	188	41	0	23
1786946045.724556924	33	0	188	41	0	23
1786946045.849459055	33	0	188	41	0	23
1786946045.978396440	33	2304	188	41	0	23
1786946046.099636333	33	0	188	41	0	23
1786946046.231862901	33	0	188	41	0	23
1786946046.360900781	33	0	188	41	0	23
1786946046.481888329	33	0	188	41	0	23
1786946046.610442074	33	0	188	41	0	23
1786946046.734991943	33	0	188	41	0	23
1786946046.856858911	33	0	188	41	0	23
1786946046.985659648	33	0	188	41	2304	23
1786946047.110559778	33	0	188	41	0	23
1786946047.238900820	33	0	188	41	0	23
1786946047.360580616	33	0	188	41	0	23
1786946047.482262052	33	0	188	41	0	23
1786946047.610910049	33	0	188	41	0	23
1786946047.732085558	33	0	188	41	0	23
1786946047.853602820	33	0	188	41	0	23
1786946047.974690782	33	0	188	41	0	23
1786946048.096159512	33	0	188	41	0	23
1786946048.224535691	33	0	188	41	0	23
1786946048.345547589	33	0	188	41	0	23
1786946048.467289465	33	0	188	41	0	23
1786946048.588283817	33	0	188	41	0	23
1786946048.710162679	33	0	188	41	0	23
1786946048.831453271	33	0	188	41	0	23
1786946048.960239796	33	0	188	41	0	23
1786946049.086006762	33	0	188	41	0	23
1786946049.207990461	33	0	188	41	0	23
1786946049.329573489	33	0	188	41	0	23
1786946049.450688926	33	0	188	41	0	23
1786946049.575551439	33	0	188	41	0	23
1786946049.697263176	33	0	188	41	0	23
1786946049.825317550	33	0	188	41	0	23
1786946049.946720721	33	0	188	41	0	23
1786946050.071518404	33	0	188	41	0	23
1786946050.192983925	33	0	188	41	0	23
1786946050.320862068	33	0	188	41	0	23
1786946050.441723843	33	0	188	41	0	23
1786946050.563270542	33	0	188	41	0	23
1786946050.684198356	33	0	188	41	0	23
1786946050.805437482	33	0	188	41	0	23
1786946050.926933361	33	0	188	41	0	23
1786946051.048248534	33	0	188	41	0	23
1786946051.172929094	33	0	188	41	0	23
1786946051.297700088	33	0	188	41	0	23
1786946051.419380737	33	0	188	41	0	23
1786946051.540334679	33	0	188	41	0	23
1786946051.671747797	33	0	188	41	0	23
1786946051.792689448	33	0	188	41	0	23
1786946051.920446735	33	0	188	41	0	23
1786946052.041614047	33	0	188	41	0	23
1786946052.166020540	33	0	188	41	0	23
1786946052.294149804	33	0	188	41	0	23
1786946052.415566005	33	0	188	41	0	23
1786946052.540085256	33	0	188	41	0	23
1786946052.661488914	33	0	188	41	0	23
1786946052.790352134	33	0	188	41	0	23
1786946052.915231804	33	0	188	41	0	23
1786946053.043878820	33	0	188	41	0	23
1786946053.165017581	33	0	188	41	0	23
1786946053.294093203	33	0	188	41	0	23
1786946053.421862182	33	0	188	41	0	23
1786946053.546207565	33	0	188	41	0	23
1786946053.667078155	33	0	188	41	0	23
1786946053.788655904	33	0	188	41	0	23
1786946053.917280365	33	0	188	41	0	23
1786946054.045490834	33	0	188	41	0	23
1786946054.166929782	33	0	188	41	0	23
1786946054.294519802	33	0	188	41	0	23
1786946054.415645104	33	0	188	41	0	23
1786946054.539788721	33	0	188	41	0	23
1786946054.667819175	33	0	188	41	0	23
1786946054.797035344	33	0	188	41	0	23
1786946054.918746579	33	0	188	41	0	23
1786946055.044036574	33	0	188	41	0	23
1786946055.165649290	33	0	188	41	0	23
1786946055.290453325	33	0	188	41	0	23
1786946055.411239184	33	0	188	41	0	23
1786946055.532972250	33	0	188	41	0	23
1786946055.664935620	33	0	188	41	0	23
1786946055.796551551	33	0	188	41	0	23
1786946055.935146480	33	0	188	41	0	23
1786946056.056657321	33	0	188	41	0	23
1786946056.177626872	33	0	188	41	0	23
1786946056.299037792	33	0	188	41	0	23
1786946056.427868091	33	0	188	41	0	23
1786946056.549443607	33	0	188	41	0	23
1786946056.678372703	33	0	188	41	0	23
1786946056.799534624	33	2304	188	41	0	23
1786946056.927238741	33	0	188	41	0	23
1786946057.048482988	33	0	188	41	0	23
1786946057.170037421	33	0	188	41	0	23
1786946057.291581083	33	0	188	41	0	23
1786946057.418063562	33	0	188	41	0	23
1786946057.539331618	33	0	188	41	0	23
1786946057.661131694	33	0	188	41	0	23
1786946057.791768544	33	0	188	41	0	23
1786946057.916825954	33	0	188	41	0	23
1786946058.044502751	33	0	188	41	0	23
1786946058.165389005	33	0	188	41	0	23
1786946058.286911022	33	0	188	41	0	23
1786946058.415288253	33	0	188	41	0	23
1786946058.537306383	33	0	188	41	0	23
1786946058.658545951	33	0	188	41	0	23
1786946058.790563109	33	0	188	41	0	23
1786946058.911838073	33	0	188	41	0	23
1786946059.033186486	33	0	188	41	2304	23
1786946059.159334833	33	0	188	41	0	23
1786946059.280570762	33	0	188	41	0	23
1786946059.401852444	33	0	188	41	0	23
1786946059.523692614	33	0	188	41	0	23
1786946059.645154941	33	0	188	41	0	23
1786946059.773527389	33	0	188	41	0	23
1786946059.906895783	33	0	188	41	0	23
1786946060.032447098	33	0	188	41	0	23
1786946060.154023298	33	0	188	41	0	23
1786946060.282666780	33	0	188	41	0	23
1786946060.411731605	33	0	188	41	0	23
1786946060.533324648	33	0	188	41	0	23
1786946060.654721050	33	0	188	41	0	23
1786946060.780011393	33	0	188	41	0	23
1786946060.909563321	33	0	188	41	0	23
1786946061.034682214	33	0	188	41	0	23
1786946061.159371470	33	0	188	41	0	23
1786946061.284209258	33	0	188	41	2304	23
1786946061.412960599	33	0	188	41	0	23
1786946061.538510596	33	0	188	41	0	23
1786946061.660230762	33	0	188	41	0	23
1786946061.784958105	33	0	188	41	0	23
1786946061.914242420	33	0	188	41	0	23
1786946062.047324722	33	0	188	41	0	23
1786946062.168229496	33	0	188	41	0	23
1786946062.297234294	33	0	188	41	0	23
1786946062.422260471	33	0	188	41	0	23
1786946062.548072281	33	0	188	41	0	23
1786946062.679427067	33	0	188	41	0	23
1786946062.804369127	33	0	188	41	0	23
1786946062.925580898	33	0	188	41	0	23
1786946063.065442892	33	0	188	41	0	23
1786946063.198805602	33	0	188	41	0	23
1786946063.336578276	33	0	188	41	0	23
1786946063.457404411	33	0	188	41	0	23
1786946063.578839385	33	0	188	41	0	23
1786946063.700113512	33	0	188	41	0	23
1786946063.821294838	33	0	188	41	0	23
1786946063.942370017	33	0	188	41	0	23
1786946064.071414025	33	0	188	41	0	23
1786946064.192759032	33	0	188	41	0	23
1786946064.321472119	33	0	188	41	0	23
1786946064.446473130	33	0	188	41	0	23
1786946064.568210174	33	0	188	41	0	23
1786946064.693314586	33	0	188	41	0	23
1786946064.814711742	33	0	188	41	0	23
1786946064.942802334	33	0	188	41	0	23
1786946065.064850281	33	0	188	41	0	23
1786946065.186238578	33	0	188	41	0	23
1786946065.318777435	33	0	188	41	0	23
1786946065.447397801	33	0	188	41	0	23
1786946065.572754767	33	0	188	41	0	23
1786946065.694494785	33	0	188	41	0	23
1786946065.823466563	33	0	188	41	0	23
1786946065.948249589	33	0	188	41	0	23
1786946066.069560095	33	0	188	41	0	23
1786946066.205356093	33	0	188	41	0	23
1786946066.330156521	33	0	188	41	0	23
1786946066.457828422	33	0	188	41	0	23
1786946066.590870770	33	0	188	41	0	23
1786946066.718729762	33	0	188	41	0	23
1786946066.844020303	33	0	188	41	0	23
1786946066.965283905	33	0	188	41	0	23
1786946067.087967731	33	0	188	41	0	23
1786946067.208936886	33	0	188	41	0	23
1786946067.341336122	33	0	188	41	0	23
1786946067.462628444	33	0	188	41	0	23
1786946067.587565764	33	0	188	41	0	23
1786946067.716500861	33	0	188	41	0	23
1786946067.838306126	33	0	188	41	0	23
1786946067.959759843	33	0	188	41	0	23
1786946068.095518704	33	0	188	41	0	23
1786946068.228652401	33	0	188	41	0	23
1786946068.353803966	33	0	188	41	0	23
1786946068.474892076	33	0	188	41	0	23
1786946068.603403628	33	0	188	41	0	23
1786946068.734954224	33	0	188	41	0	23
1786946068.859828315	33	0	188	41	0	23
1786946068.985173027	33	0	188	41	0	23
1786946069.105911997	33	0	188	41	0	23
1786946069.227451380	33	0	188	41	0	23
1786946069.359489484	33	0	188	41	0	23
1786946069.483861741	33	0	188	41	0	23
1786946069.608957502	33	0	188	41	0	23
1786946069.730083883	33	0	188	41	0	23
1786946069.854122667	33	0	188	41	0	23
1786946069.982436136	33	0	188	41	0	23
1786946070.103688793	33	0	188	41	0	23
1786946070.225414519	33	0	188	41	0	23
1786946070.354241267	33	0	188	41	0	23
1786946070.475389731	33	0	188	41	0	23
1786946070.596902138	33	0	188	41	0	23
1786946070.718149164	33	0	188	41	0	23
1786946070.847077012	33	0	188	41	0	23
1786946070.968091612	33	0	188	41	0	23
1786946071.096550175	33	0	188	41	0	23
1786946071.221455645	33	0	188	41	0	23
1786946071.342814390	33	0	188	41	0	23
1786946071.475488126	33	0	188	41	0	23
1786946071.596530955	33	0	188	41	0	23
1786946071.732392101	33	0	188	41	2304	23
1786946071.853707236	33	0	188	41	0	23
1786946071.981702993	33	0	188	41	0	23
1786946072.109156770	33	0	188	41	0	23
1786946072.230083853	33	0	188	41	0	23
1786946072.359033233	33	0	188	41	0	23
1786946072.481003511	33	0	188	41	0	23
1786946072.602510596	33	0	188	41	0	23
1786946072.730243030	33	0	188	41	0	23
1786946072.858566473	33	0	188	41	0	23
1786946072.979920148	33	0	188	41	0	23
1786946073.100912394	33	0	188	41	0	23
1786946073.222604836	33	0	188	41	0	23
1786946073.344099065	33	0	188	41	0	23
1786946073.465354132	33	0	188	41	0	23
1786946073.586862859	33	0	188	41	0	23
1786946073.712220715	33	0	188	41	0	23
1786946073.833594678	33	0	188	41	0	23
1786946073.958477779	33	0	188	41	0	23
1786946074.086114993	33	0	188	41	0	23
1786946074.214836355	33	0	188	41	0	23
1786946074.343207017	33	0	188	41	0	23
1786946074.471730198	33	0	188	41	0	23
1786946074.596225919	33	0	188	41	0	23
1786946074.720628966	33	0	188	41	0	23
1786946074.848383760	33	0	188	41	0	23
1786946074.969871937	33	0	188	41	0	23
1786946075.097874495	33	0	188	41	0	23
1786946075.219217529	33	0	188	41	0	23
1786946075.340596508	33	0	188	41	0	23
1786946075.464722540	33	0	188	41	0	23
1786946075.600382611	33	0	188	41	0	23
1786946075.725300453	33	0	188	41	0	23
1786946075.846470627	33	0	188	41	0	23
1786946075.967946126	33	0	188	41	0	23
1786946076.089039521	33	0	188	41	0	23
1786946076.214198294	33	0	188	41	0	23
1786946076.335983527	33	0	188	41	0	23
1786946076.460572559	33	0	188	41	0	23
1786946076.581584373	33	0	188	41	0	23
1786946076.703049437	33	0	188	41	0	23
1786946076.828008737	33	0	188	41	0	23
1786946076.953174375	33	0	188	41	0	23
1786946077.074379132	33	0	188	41	0	23
1786946077.195709144	33	0	188	41	0	23
1786946077.324140770	33	0	188	41	0	23
1786946077.445242551	33	0	188	41	0	23
1786946077.566964107	33	0	188	41	0	23
1786946077.687636865	33	0	188	41	0	23
1786946077.817273177	33	0	188	41	0	23
1786946077.938551673	33	0	188	41	0	23
1786946078.059963804	33	0	188	41	0	23
1786946078.184566604	33	0	188	41	0	23
1786946078.305711134	33	0	188	41	0	23
1786946078.431226968	33	0	188	41	0	23
1786946078.552883002	33	0	188	41	0	23
1786946078.676464259	33	0	188	41	0	23
1786946078.798624399	33	0	188	41	0	23
1786946078.921627353	33	0	188	41	0	23
1786946079.043027389	33	0	188	41	0	23
1786946079.168748901	33	0	188	41	0	23
1786946079.289728733	33	0	188	41	0	23
1786946079.414200720	33	0	188	41	0	23
1786946079.535590997	33	0	188	41	0	23
1786946079.661588616	33	0	188	41	0	23
1786946079.783097727	33	0	188	41	0	23
1786946079.908183400	33	0	188	41	0	23
1786946080.032642291	33	0	188	41	0	23
1786946080.161689249	33	0	188	41	0	23
1786946080.282802471	33	0	188	41	0	23
1786946080.408088835	33	0	188	41	0	23
1786946080.529881794	33	0	188	41	0	23
1786946080.650901776	33	0	188	41	0	23
1786946080.773287528	33	0	188	41	0	23
1786946080.894437797	33	0	188	41	0	23
1786946081.016228970	33	0	188	41	0	23
1786946081.146025185	33	0	188	41	0	23
1786946081.267713081	33	0	188	41	0	23
1786946081.399298563	33	0	188	41	0	23
1786946081.520681239	33	0	188	41	0	23
1786946081.641756271	33	0	188	41	0	23
1786946081.773427549	33	0	188	41	0	23
1786946081.894449704	33	0	188	41	0	23
1786946082.031904601	33	0	188	41	0	23
1786946082.161930288	33	0	188	41	0	23
1786946082.287320718	33	0	188	41	0	23
1786946082.416079793	33	0	188	41	0	23
1786946082.541688002	33	0	188	41	0	23
1786946082.662704216	33	0	188	41	0	23
1786946082.783969222	33	0	188	41	0	23
1786946082.905396869	33	0	188	41	0	23
1786946083.030289188	33	0	188	41	0	23
1786946083.151445466	33	0	188	41	0	23
1786946083.273084484	33	0	188	41	0	23
1786946083.393782481	33	0	188	41	0	23
1786946083.515364801	33	0	188	41	0	23
1786946083.636587495	33	0	188	41	0	23
1786946083.762658639	33	0	188	41	0	23
1786946083.884034904	33	0	188	41	0	23
1786946084.009314824	33	0	188	41	0	23
1786946084.131147272	33	0	188	41	0	23
1786946084.260336460	33	0	188	41	0	23
1786946084.381464444	33	0	188	41	0	23
1786946084.502840608	33	0	188	41	0	23
1786946084.624620032	33	0	188	41	0	23
1786946084.750179509	33	0	188	41	0	23
1786946084.878239067	33	0	188	41	0	23
1786946085.003702873	33	0	188	41	0	23
1786946085.137337587	33	0	188	41	0	23
1786946085.258463653	33	0	188	41	0	23
1786946085.380053335	33	0	188	41	0	23
1786946085.500560087	33	0	188	41	0	23
1786946085.621958765	33	0	188	41	0	23
1786946085.743394771	33	0	188	41	0	23
1786946085.868990746	33	0	188	41	0	23
1786946085.990440348	33	0	188	41	0	23
1786946086.111795906	33	0	188	41	0	23
1786946086.233323914	33	0	188	41	0	23
1786946086.354499618	33	0	188	41	0	23
1786946086.479317922	33	0	188	41	0	23
1786946086.604513148	33	0	188	41	0	23
1786946086.728732603	33	0	188	41	0	23
1786946086.858101062	33	0	188	41	0	23
1786946086.979257738	33	0	188	41	0	23
1786946087.100153067	33	0	188	41	0	23
1786946087.221587057	33	0	188	41	0	23
1786946087.345519014	33	0	188	41	0	23
1786946087.471337218	33	0	188	41	0	23
1786946087.592643777	33	0	188	41	0	23
1786946087.717711053	33	0	188	41	0	23
1786946087.843130252	33	0	188	41	0	23
1786946087.964568270	33	0	188	41	0	23
1786946088.086733786	33	0	188	41	0	23
1786946088.208478086	33	0	188	41	0	23
1786946088.333786193	33	0	188	41	0	23
1786946088.462728926	33	0	188	41	0	23
1786946088.584242212	33	0	188	41	0	23
1786946088.713725475	33	0	188	41	0	23
1786946088.840200665	33	0	188	41	0	23
1786946088.961489278	33	0	188	41	0	23
1786946089.082984616	33	0	188	41	0	23
1786946089.205331241	33	0	188	41	0	23
1786946089.342692225	33	0	188	41	0	23
1786946089.468371713	33	0	188	41	0	23
1786946089.593562804	33	0	188	41	0	23
1786946089.719017214	33	0	188	41	0	23
1786946089.843238912	33	0	188	41	0	23
1786946089.968498162	33	0	188	41	0	23
1786946090.090995464	33	0	188	41	0	23
1786946090.212644051	33	0	188	41	0	23
1786946090.333989020	33	0	188	41	0	23
1786946090.456041853	33	0	188	41	0	23
1786946090.577227761	33	0	188	41	0	23
1786946090.698636613	33	0	188	41	0	23
1786946090.828412192	33	0	188	41	0	23
1786946090.971567433	33	0	188	41	0	23
1786946091.103503885	33	0	188	41	0	23
1786946091.224647789	33	0	188	41	0	23
1786946091.346270727	33	0	188	41	0	23
1786946091.472315029	33	0	188	41	0	23
1786946091.597247562	33	0	188	41	0	23
1786946091.718556822	33	0	188	41	0	23
1786946091.839913369	33	0	188	41	0	23
1786946091.969192440	33	0	188	41	0	23
1786946092.097788716	33	0	188	41	0	23
1786946092.223517749	33	0	188	41	0	23
1786946092.344632766	33	0	188	41	0	23
1786946092.465842316	33	0	188	41	0	23
1786946092.591369993	33	0	188	41	0	23
1786946092.712604843	33	0	188	41	0	23
1786946092.837891957	33	0	188	41	0	23
1786946092.974371893	33	0	188	41	0	23
1786946093.106560055	33	0	188	41	0	23
1786946093.236166254	33	0	188	41	0	23
1786946093.360426132	33	0	188	41	0	23
1786946093.500706185	33	0	188	41	0	23
1786946093.625579332	33	0	188	41	0	23
1786946093.754607716	33	0	188	41	0	23
1786946093.890824901	33	0	188	41	0	23
1786946094.011840278	33	0	188	41	0	23
1786946094.137094203	33	0	188	41	0	23
1786946094.261835990	33	0	188	41	0	23
1786946094.390913961	33	0	188	41	0	23
1786946094.512003948	33	0	188	41	0	23
1786946094.640645292	33	0	188	41	0	23
1786946094.762166886	33	0	188	41	0	23
1786946094.882858949	33	0	188	41	0	23
1786946095.004412143	33	0	188	41	0	23
1786946095.126275891	33	0	188	41	0	23
1786946095.247768202	33	0	188	41	0	23
1786946095.376197942	33	0	188	41	0	23
1786946095.501310808	33	0	188	41	0	23
1786946095.622952598	33	0	188	41	0	23
1786946095.748209792	33	0	188	41	0	23
1786946095.869150973	33	0	188	41	0	23
1786946095.993774872	33	0	188	41	0	23
1786946096.122960794	33	0	188	41	0	23
1786946096.244214864	33	0	188	41	0	23
1786946096.374825199	33	0	188	41	0	23
1786946096.496377410	33	0	188	41	0	23
1786946096.617552966	33	0	188	41	0	23
1786946096.739166649	33	0	188	41	0	23
1786946096.860064974	33	0	188	41	0	23
1786946096.981403858	33	0	188	41	0	23
1786946097.103294195	33	0	188	41	0	23
1786946097.224863411	33	0	188	41	0	23
1786946097.346200326	33	0	188	41	0	23
1786946097.467813074	33	0	188	41	0	23
1786946097.589338802	33	0	188	41	0	23
1786946097.714606834	33	0	188	41	0	23
1786946097.836558003	33	0	188	41	0	23
1786946097.958908891	33	0	188	41	0	23
1786946098.087375967	33	0	188	41	0	23
1786946098.208905507	33	0	188	41	0	23
1786946098.332359287	33	0	188	41	0	23
1786946098.454307169	33	0	188	41	0	23
1786946098.596264032	33	0	188	41	0	23
1786946098.717533814	33	0	188	41	0	23
1786946098.842632215	33	0	188	41	0	23
1786946098.967505783	33	0	188	41	0	23
1786946099.089191583	33	0	188	41	0	23
1786946099.228953076	33	0	188	41	0	23
1786946099.353686739	33	0	188	41	0	23
1786946099.474755427	33	0	188	41	0	23
1786946099.595799956	33	0	188	41	0	23
1786946099.720766644	33	0	188	41	0	23
1786946099.859766640	33	0	188	41	0	23
1786946099.980897513	33	0	188	41	0	23
1786946100.109754400	33	0	188	41	0	23
1786946100.230956990	33	0	188	41	0	23
1786946100.356505830	33	0	188	41	0	23
1786946100.488170302	33	0	188	41	0	23
1786946100.623538315	33	0	188	41	0	23
1786946100.748532643	33	0	188	41	0	23
1786946100.873607464	33	0	188	41	0	23
1786946101.002243206	33	0	188	41	0	23
1786946101.127374523	33	0	188	41	0	23
1786946101.248441981	33	0	188	41	0	23
1786946101.373295731	33	0	188	41	0	23
1786946101.494504892	33	0	188	41	0	23
1786946101.616140235	33	0	188	41	0	23
1786946101.741026456	33	0	188	41	0	23
1786946101.868828862	33	0	188	41	0	23
1786946101.989954379	33	0	188	41	0	23
1786946102.114897068	33	0	188	41	0	23
1786946102.236138440	33	0	188	41	0	23
1786946102.361073779	33	0	188	41	0	23
1786946102.489802049	33	0	188	41	0	23
1786946102.610953799	33	0	188	41	0	23
1786946102.743474203	33	0	188	41	0	23
1786946102.878181378	33	0	188	41	0	23
1786946102.999417752	33	0	188	41	0	23
1786946103.128024893	33	0	188	41	0	23
1786946103.256571387	33	0	188	41	0	23
1786946103.385183332	33	0	188	41	0	23
1786946103.513557792	33	0	188	41	0	23
1786946103.638196751	33	0	188	41	0	23
1786946103.762684154	33	0	188	41	0	23
1786946103.887341382	33	0	188	41	0	23
1786946104.016075048	33	0	188	41	0	23
1786946104.137134853	33	0	188	41	0	23
1786946104.258270289	33	0	188	41	0	23
1786946104.386657269	33	0	188	41	0	23
1786946104.515468917	33	0	188	41	0	23
1786946104.636408214	33	0	188	41	0	23
1786946104.758021988	33	0	188	41	0	23
1786946104.879697434	33	0	188	41	0	23
1786946105.005491275	33	0	188	41	0	23
1786946105.126570851	33	0	188	41	0	23
1786946105.251337585	33	0	188	41	0	23
1786946105.372889069	33	0	188	41	0	23
1786946105.494153216	33	0	188	41	0	23
1786946105.626076740	33	0	188	41	0	23
1786946105.747671936	33	0	188	41	0	23
1786946105.868771310	33	0	188	41	0	23
1786946105.989918875	33	0	188	41	0	23
1786946106.121996188	33	0	188	41	2304	23
1786946106.243613336	33	0	188	41	0	23
1786946106.364769191	33	0	188	41	0	23
1786946106.489774049	33	0	188	41	0	23
1786946106.617629751	33	0	188	41	0	23
1786946106.742525518	33	0	188	41	0	23
1786946106.865390637	33	0	188	41	0	23
1786946106.987170477	33	0	188	41	0	23
1786946107.108612223	33	0	188	41	0	23
1786946107.230066891	33	0	188	41	0	23
1786946107.355980722	33	0	188	41	0	23
1786946107.477652084	33	0	188	41	0	23
1786946107.598457614	33	0	188	41	0	23
1786946107.723604191	33	0	188	41	0	23
1786946107.845673833	33	0	188	41	0	23
1786946107.966868622	33	0	188	41	0	23
1786946108.089506147	33	0	188	41	0	23
1786946108.218649577	33	0	188	41	0	23
1786946108.339777279	33	0	188	41	0	23
1786946108.461176425	33	0	188	41	0	23
1786946108.586628484	33	0	188	41	0	23
1786946108.708219207	33	0	188	41	0	23
1786946108.829601225	33	0	188	41	0	23
1786946108.957171886	33	0	188	41	0	23
1786946109.078418056	33	0	188	41	0	23
1786946109.200096433	33	0	188	41	0	23
1786946109.326770089	33	0	188	41	0	23
1786946109.452094033	33	0	188	41	0	23
1786946109.584679724	33	0	188	41	0	23
1786946109.709064935	33	0	188	41	0	23
1786946109.830338069	33	0	188	41	0	23
1786946109.966006521	33	0	188	41	0	23
1786946110.090881084	33	0	188	41	0	23
1786946110.215759857	33	0	188	41	0	23
1786946110.341907673	33	0	188	41	0	23
1786946110.463072725	33	0	188	41	0	23
1786946110.598359638	33	0	188	41	0	23
1786946110.726308804	33	0	188	41	0	23
1786946110.851452500	33	0	188	41	0	23
1786946110.973182489	33	0	188	41	0	23
1786946111.100997922	33	0	188	41	0	23
1786946111.222569366	33	0	188	41	0	23
1786946111.343837832	33	0	188	41	0	23
1786946111.465006905	33	0	188	41	0	23
1786946111.600064482	33	0	188	41	0	23
1786946111.728142856	33	0	188	41	0	23
1786946111.852908373	33	0	188	41	0	23
1786946111.980969136	33	0	188	41	0	23
1786946112.105569964	33	0	188	41	0	23
1786946112.234054376	33	0	188	41	0	23
1786946112.362123367	33	0	188	41	0	23
1786946112.487523567	33	0	188	41	0	23
1786946112.608717486	33	0	188	41	0	23
1786946112.730490774	33	0	188	41	0	23
1786946112.852274394	33	0	188	41	0	23
1786946112.973774791	33	0	188	41	0	23
1786946113.096049443	33	0	188	41	0	23
1786946113.219049673	33	0	188	41	0	23
1786946113.347224585	33	0	188	41	0	23
1786946113.468840357	33	2304	188	41	0	23
1786946113.589889885	33	0	188	41	0	23
1786946113.714720662	33	0	188	41	0	23
1786946113.839835777	33	0	188	41	0	23
1786946113.965131073	33	0	188	41	0	23
1786946114.086892304	33	0	188	41	0	23
1786946114.208116754	33	0	188	41	2304	23
1786946114.333205438	33	0	188	41	2304	23
1786946114.454849826	33	0	188	41	0	23
1786946114.582712980	33	0	188	41	0	23
1786946114.707994265	33	0	188	41	0	23
1786946114.835918594	33	0	188	41	0	23
1786946114.960435971	33	0	188	41	0	23
1786946115.088379263	33	0	188	41	0	23
1786946115.209721245	33	0	188	41	0	23
1786946115.331360418	33	0	188	41	0	23
1786946115.456001925	33	0	188	41	2304	23
1786946115.590795350	33	0	188	41	0	23
1786946115.718311703	33	0	188	41	0	23
1786946115.842967008	33	0	188	41	0	23
1786946115.972330975	33	0	188	41	0	23
1786946116.093860827	33	0	188	41	0	23
1786946116.220964952	33	0	188	41	0	23
1786946116.342183090	33	0	188	41	0	23
1786946116.463964010	33	0	188	41	0	23
1786946116.585083766	33	2304	188	41	0	23
1786946116.708146909	33	0	188	41	0	23
1786946116.829587168	33	0	188	41	0	23
1786946116.960478452	33	0	188	41	0	23
1786946117.085881618	33	0	188	41	0	23
1786946117.214478861	33	0	188	41	0	23
1786946117.335489240	33	0	188	41	0	23
1786946117.456713457	33	0	188	41	0	23
1786946117.581336432	33	0	188	41	0	23
1786946117.710899298	33	0	188	41	0	23
1786946117.832276015	33	0	188	41	0	23
1786946117.954196971	33	0	188	41	0	23
1786946118.078809719	33	0	188	41	0	23
1786946118.202925980	33	0	188	41	0	23
1786946118.324067412	33	0	188	41	0	23
1786946118.445657378	33	0	188	41	0	23
1786946118.567877635	33	0	188	41	0	23
1786946118.696021002	33	0	188	41	0	23
1786946118.821618314	33	0	188	41	0	23
1786946118.945999493	33	0	188	41	0	23
1786946119.070550715	33	0	188	41	0	23
1786946119.195092158	33	0	188	41	0	23
1786946119.316625492	33	0	188	41	0	23
1786946119.444655359	33	0	188	41	0	23
1786946119.565832504	33	0	188	41	0	23
1786946119.690499066	33	0	188	41	0	23
1786946119.811973558	33	0	188	41	0	23
1786946119.943243078	33	0	188	41	0	23
1786946120.067885915	33	0	188	41	0	23
1786946120.189031322	33	0	188	41	0	23
1786946120.313952448	33	0	188	41	0	23
1786946120.438659856	33	0	188	41	0	23
1786946120.563699051	33	0	188	41	0	23
1786946120.694308824	33	0	188	41	0	23
1786946120.815917474	33	0	188	41	0	23
1786946120.937971413	33	0	188	41	0	23
1786946121.059184281	33	0	188	41	0	23
1786946121.180184435	33	0	188	41	0	23
1786946121.301858217	33	0	188	41	0	23
1786946121.422837340	33	0	188	41	0	23
1786946121.544197163	33	0	188	41	0	23
1786946121.665348798	33	0	188	41	0	23
1786946121.790240662	33	0	188	41	2304	23
1786946121.918294074	33	0	188	41	0	23
1786946122.043248315	33	0	188	41	0	23
1786946122.171106474	33	0	188	41	0	23
1786946122.295567082	33	0	188	41	0	23
1786946122.417019391	33	0	188	41	0	23
1786946122.542692971	33	0	188	41	0	23
1786946122.669963794	33	0	188	41	0	23
1786946122.791906584	33	0	188	41	0	23
1786946122.919275561	33	0	188	41	0	23
1786946123.042368621	33	0	188	41	0	23
1786946123.169959150	33	0	188	41	0	23
1786946123.291276267	33	0	188	41	0	23
1786946123.416253405	33	0	188	41	0	23
1786946123.544017567	33	0	188	41	0	23
1786946123.673860265	33	0	188	41	0	23
1786946123.794923808	33	0	188	41	0	23
1786946123.919663266	33	0	188	41	0	23
1786946124.043995113	33	0	188	41	0	23
1786946124.172194482	33	0	188	41	0	23
1786946124.298319503	33	0	188	41	0	23
1786946124.423094334	33	0	188	41	0	23
1786946124.554715661	33	0	188	41	0	23
1786946124.676259343	33	0	188	41	0	23
1786946124.802900917	33	0	188	41	0	23
1786946124.924200278	33	0	188	41	0	23
1786946125.048470490	33	0	188	41	0	23
1786946125.173330304	33	0	188	41	0	23
1786946125.294786375	33	0	188	41	0	23
1786946125.423218114	33	0	188	41	0	23
1786946125.553277725	33	0	188	41	0	23
1786946125.674433973	33	0	188	41	0	23
1786946125.799208602	33	0	188	41	0	23
1786946125.935265285	33	0	188	41	0	23
1786946126.056848335	33	0	188	41	0	23
1786946126.181145151	33	0	188	41	0	23
1786946126.305321948	33	0	188	41	0	23
1786946126.433756495	33	0	188	41	0	23
1786946126.563884657	33	0	188	41	0	23
1786946126.688408259	33	0	188	41	0	23
1786946126.816428690	33	0	188	41	0	23
1786946126.940567230	33	0	188	41	0	23
1786946127.065107001	33	0	188	41	0	23
1786946127.193155678	33	0	188	41	0	23
1786946127.314723534	33	0	188	41	0	23
1786946127.442742324	33	0	188	41	0	23
1786946127.568357895	33	0	188	41	0	23
1786946127.689822941	33	0	188	41	0	23
1786946127.811457045	33	0	188	41	0	23
1786946127.932968518	33	0	188	41	0	23
1786946128.054568902	33	0	188	41	0	23
1786946128.176260559	33	0	188	41	0	23
1786946128.300238988	33	2304	188	41	0	23
1786946128.421600827	33	0	188	41	0	23
1786946128.546237289	33	0	188	41	0	23
1786946128.667583458	33	0	188	41	0	23
1786946128.792415898	33	0	188	41	0	23
1786946128.920068590	33	0	188	41	0	23
1786946129.042761186	33	2304	188	41	0	23
1786946129.165011298	33	0	188	41	0	23
1786946129.297389903	33	0	188	41	0	23
1786946129.418827068	33	0	188	41	0	23
1786946129.540655127	33	0	188	41	0	23
1786946129.662671731	33	0	188	41	0	23
1786946129.788822303	33	0	188	41	0	23
1786946129.915832771	33	0	188	41	0	23
1786946130.045846926	33	0	188	41	0	23
1786946130.171366930	33	0	188	41	0	23
1786946130.293078328	33	0	188	41	0	23
1786946130.422339314	33	0	188	41	0	23
1786946130.543645566	33	0	188	41	0	23
1786946130.665254219	33	0	188	41	0	23
1786946130.786375745	33	0	188	41	0	23
1786946130.907752213	33	0	188	41	0	23
1786946131.029362300	33	0	188	41	0	23
1786946131.154335660	33	0	188	41	0	23
1786946131.279009468	33	0	188	41	0	23
1786946131.404065836	33	0	188	41	0	23
1786946131.525273016	33	0	188	41	0	23
1786946131.654299726	33	0	188	41	0	23
1786946131.775409232	33	0	188	41	0	23
1786946131.899947784	33	0	188	41	0	23
1786946132.037816537	33	0	188	41	0	23
1786946132.169917503	33	0	188	41	0	23
1786946132.291097079	33	0	188	41	0	23
1786946132.412586833	33	0	188	41	0	23
1786946132.537269343	33	0	188	41	0	23
1786946132.665745417	33	0	188	41	0	23
1786946132.787744457	33	0	188	41	0	23
1786946132.920305169	33	0	188	41	0	23
1786946133.041346029	33	0	188	41	0	23
1786946133.162744464	33	0	188	41	0	23
1786946133.291181989	33	0	188	41	0	23
1786946133.416810380	33	0	188	41	0	23
1786946133.541370217	33	0	188	41	0	23
1786946133.666056106	33	0	188	41	0	23
1786946133.787391064	33	0	188	41	0	23
1786946133.911440791	33	0	188	41	0	23
1786946134.032428840	33	0	188	41	0	23
1786946134.156080277	33	0	188	41	0	23
1786946134.285285145	33	0	188	41	0	23
1786946134.412897675	33	0	188	41	0	23
1786946134.541596518	33	0	188	41	0	23
1786946134.663313796	33	0	188	41	0	23
1786946134.789353832	33	0	188	41	0	23
1786946134.910373602	33	0	188	41	0	23
1786946135.039108921	33	0	188	41	0	23
1786946135.165011989	33	0	188	41	0	23
1786946135.286544325	33	0	188	41	0	23
1786946135.412719044	33	0	188	41	0	23
1786946135.538374295	33	0	188	41	0	23
1786946135.659562173	33	0	188	41	0	23
1786946135.785100941	33	0	188	41	0	23
1786946135.914854291	33	0	188	41	0	23
1786946136.039695394	33	0	188	41	0	23
1786946136.181574900	33	0	188	41	0	23
1786946136.311037333	33	0	188	41	0	23
1786946136.444834404	33	0	188	41	0	23
1786946136.567850487	33	0	188	41	0	23
1786946136.692360164	33	0	188	41	0	23
1786946136.815684976	33	0	188	41	0	23
1786946136.940918897	33	0	188	41	0	23
1786946137.067130172	33	0	188	41	0	23
1786946137.190762433	33	0	188	41	0	23
1786946137.315980872	33	0	188	41	0	23
1786946137.442855122	33	0	188	41	0	23
1786946137.565185687	33	0	188	41	0	23
1786946137.687953677	33	0	188	41	0	23
1786946137.815126252	33	0	188	41	0	23
1786946137.943819454	33	0	188	41	0	23
1786946138.066399829	33	0	188	41	0	23
1786946138.188422966	33	0	188	41	0	23
1786946138.310934920	33	0	188	41	0	23
1786946138.432545263	33	0	188	41	0	23
1786946138.563043248	33	0	188	41	0	23
1786946138.688316764	33	0	188	41	0	23
1786946138.809840390	33	0	188	41	0	23
1786946138.944233814	33	0	188	41	0	23
1786946139.067794455	33	0	188	41	0	23
1786946139.189964806	33	0	188	41	0	23
1786946139.312600288	33	0	188	41	0	23
1786946139.438419559	33	0	188	41	0	23
1786946139.561283844	33	0	188	41	0	23
1786946139.686389442	33	0	188	41	0	23
1786946139.812800997	33	0	188	41	0	23
1786946139.934422088	33	0	188	41	0	23
1786946140.056883816	33	0	188	41	0	23
1786946140.181546326	33	0	188	41	0	23
1786946140.311166365	33	0	188	41	0	23
1786946140.436452165	33	0	188	41	0	23
1786946140.559011766	33	0	188	41	0	23
1786946140.680813188	33	0	188	41	0	23
1786946140.802931841	33	0	188	41	0	23
1786946140.932071896	33	0	188	41	0	23
1786946141.061588004	33	0	188	41	0	23
1786946141.182520107	33	0	188	41	0	23
1786946141.307557559	33	0	188	41	0	23
1786946141.437260283	33	0	188	41	0	23
1786946141.559403203	33	0	188	41	0	23
1786946141.681468691	33	0	188	41	0	23
1786946141.807736421	33	0	188	41	0	23
1786946141.929174351	33	0	188	41	0	23
1786946142.050548283	33	0	188	41	0	23
1786946142.183352436	33	0	188	41	0	23
1786946142.308421528	33	0	188	41	0	23
1786946142.430264901	33	0	188	41	0	23
1786946142.556338802	33	0	188	41	2304	23
1786946142.678075415	33	0	188	41	0	23
1786946142.799799761	33	0	188	41	0	23
1786946142.921497262	33	0	188	41	0	23
1786946143.046626091	33	0	188	41	0	23
1786946143.175944347	33	0	188	41	0	23
1786946143.297505298	33	0	188	41	0	23
1786946143.419308886	33	0	188	41	0	23
1786946143.541155327	33	0	188	41	0	23
1786946143.662955615	33	0	188	41	0	23
1786946143.784838869	33	0	188	41	0	23
1786946143.906800178	33	0	188	41	0	23
1786946144.032544451	33	0	188	41	0	23
1786946144.153996658	33	0	188	41	0	23
1786946144.283439701	33	0	188	41	0	23
1786946144.405408447	33	0	188	41	0	23
1786946144.527407625	33	0	188	41	0	23
1786946144.649579582	33	0	188	41	0	23
1786946144.775619957	33	0	188	41	0	23
1786946144.901438199	33	0	188	41	0	23
1786946145.023390117	33	0	188	41	0	23
1786946145.160733422	33	0	188	41	0	23
1786946145.286075764	33	0	188	41	0	23
1786946145.407987474	33	0	188	41	0	23
1786946145.529661884	33	0	188	41	0	23
1786946145.664331958	33	0	188	41	0	23
1786946145.786362982	33	0	188	41	0	23
1786946145.907906585	33	0	188	41	0	23
1786946146.029552290	33	0	188	41	0	23
1786946146.150978818	33	0	188	41	0	23
1786946146.279978534	33	0	188	41	0	23
1786946146.417275184	33	0	188	41	0	23
1786946146.538946829	33	0	188	41	0	23
1786946146.664940750	33	0	188	41	0	23
1786946146.790672042	33	0	188	41	0	23
1786946146.912672830	33	0	188	41	0	23
1786946147.050844789	33	0	188	41	0	23
1786946147.179368602	33	2304	188	41	0	23
1786946147.305358748	33	0	188	41	0	23
1786946147.434782367	33	0	188	41	0	23
1786946147.560725928	33	0	188	41	0	23
1786946147.685457794	33	0	188	41	0	23
1786946147.806967973	33	2304	188	41	0	23
1786946147.943785721	33	0	188	41	0	23
1786946148.071527304	33	0	188	41	0	23
1786946148.193163503	33	0	188	41	0	23
1786946148.317448407	33	0	188	41	0	23
1786946148.439403631	33	0	188	41	0	23
1786946148.561558339	33	0	188	41	0	23
1786946148.690628523	33	0	188	41	0	23
1786946148.819978343	33	0	188	41	0	23
1786946148.941635129	33	0	188	41	0	23
1786946149.074928487	33	0	188	41	0	23
1786946149.196796457	33	0	188	41	0	23
1786946149.318122975	33	0	188	41	0	23
1786946149.440202129	33	0	188	41	0	23
1786946149.569924361	33	0	188	41	0	23
1786946149.691224133	33	0	188	41	0	23
1786946149.812915730	33	0	188	41	0	23
1786946149.934064062	33	0	188	41	0	23
1786946150.058784258	33	0	188	41	0	23
1786946150.180780881	33	0	188	41	0	23
1786946150.302720954	33	0	188	41	0	23
1786946150.439275011	33	0	188	41	0	23
1786946150.564211676	33	0	188	41	0	23
1786946150.697224936	33	0	188	41	0	23
1786946150.818919736	33	0	188	41	0	23
1786946150.940286368	33	0	188	41	0	23
1786946151.066724480	33	0	188	41	0	23
1786946151.195433228	33	0	188	41	0	23
1786946151.321789925	33	0	188	41	0	23
1786946151.457172714	33	0	188	41	0	23
1786946151.588177132	33	0	188	41	0	23
1786946151.709648105	33	0	188	41	0	23
1786946151.831567734	33	0	188	41	0	23
1786946151.952881585	33	0	188	41	0	23
1786946152.082585166	33	0	188	41	0	23
1786946152.208165939	33	0	188	41	0	23
1786946152.336014353	33	0	188	41	0	23
1786946152.457793795	33	0	188	41	0	23
1786946152.589297983	33	0	188	41	0	23
1786946152.710619155	33	0	188	41	0	23
1786946152.832174875	33	0	188	41	0	23
1786946152.953950481	33	0	188	41	0	23
1786946153.079218357	33	0	188	41	0	23
1786946153.206034595	33	0	188	41	0	23
1786946153.340944438	33	0	188	41	0	23
1786946153.473478655	33	0	188	41	0	23
1786946153.594779500	33	0	188	41	0	23
1786946153.721773561	33	0	188	41	0	23
1786946153.847781343	33	0	188	41	0	23
1786946153.969909087	33	0	188	41	0	23
1786946154.094876261	33	0	188	41	0	23
1786946154.216901770	33	0	188	41	0	23
1786946154.338736544	33	0	188	41	0	23
1786946154.460509868	33	0	188	41	0	23
1786946154.602664724	33	0	188	41	0	23
1786946154.724287049	33	0	188	41	0	23
1786946154.853104474	33	0	188	41	0	23
1786946155.001428808	33	0	188	41	0	23
1786946155.123509528	33	0	188	41	0	23
1786946155.248216301	33	0	188	41	0	23
1786946155.369483783	33	0	188	41	0	23
1786946155.491373401	33	0	188	41	0	23
1786946155.617341721	33	0	188	41	0	23
1786946155.743693784	33	0	188	41	0	23
1786946155.878936979	33	0	188	41	0	23
1786946156.017542515	33	0	188	41	0	23
1786946156.148339475	33	0	188	41	0	23
1786946156.280472410	33	0	188	41	0	23
1786946156.402362620	33	0	188	41	0	23
1786946156.524299084	33	0	188	41	0	23
1786946156.646362660	33	0	188	41	0	23
1786946156.767884313	33	0	188	41	0	23
1786946156.890082110	33	0	188	41	0	23
1786946157.018158821	33	0	188	41	0	23
1786946157.143001787	33	0	188	41	0	23
1786946157.264903713	33	0	188	41	0	23
1786946157.386139268	33	0	188	41	0	23
1786946157.511988146	33	0	188	41	0	23
1786946157.634051260	33	0	188	41	0	23
1786946157.762019890	33	0	188	41	0	23
1786946157.902341297	33	0	188	41	0	23
1786946158.038150653	33	0	188	41	0	23
1786946158.159941906	33	0	188	41	0	23
1786946158.281410816	33	0	188	41	0	23
1786946158.409445995	33	0	188	41	0	23
1786946158.537176599	33	0	188	41	0	23
1786946158.663596808	33	0	188	41	0	23
1786946158.792375093	33	0	188	41	0	23
1786946158.921894807	33	0	188	41	0	23
1786946159.046602304	33	0	188	41	0	23
1786946159.168066053	33	0	188	41	0	23
1786946159.289894556	33	0	188	41	0	23
1786946159.411731900	33	0	188	41	0	23
1786946159.537505129	33	0	188	41	0	23
1786946159.659284922	33	0	188	41	0	23
1786946159.780989499	33	0	188	41	0	23
1786946159.902802666	33	0	188	41	0	23
1786946160.028392444	33	0	188	41	0	23
1786946160.150068182	33	0	188	41	0	23
1786946160.271742106	33	0	188	41	0	23
1786946160.393608379	33	0	188	41	0	23
1786946160.518464169	33	0	188	41	0	23
1786946160.640990647	33	0	188	41	0	23
1786946160.772038661	33	0	188	41	0	23
1786946160.894168614	33	0	188	41	0	23
1786946161.019015937	33	0	188	41	0	23
1786946161.140370227	33	0	188	41	0	23
1786946161.262468254	33	0	188	41	0	23
1786946161.384560114	33	0	188	41	0	23
1786946161.514805408	33	0	188	41	0	23
1786946161.636769291	33	0	188	41	0	23
1786946161.758482124	33	0	188	41	0	23
1786946161.885357480	33	0	188	41	0	23
1786946162.010349849	33	0	188	41	0	23
1786946162.143747667	33	0	188	41	0	23
1786946162.277667387	33	0	188	41	0	23
1786946162.418357263	33	0	188	41	0	23
1786946162.540352012	33	0	188	41	0	23
1786946162.667049641	33	0	188	41	0	23
1786946162.788837544	33	0	188	41	0	23
1786946162.910987029	33	0	188	41	0	23
1786946163.032476903	33	0	188	41	0	23
1786946163.157398391	33	0	188	41	0	23
1786946163.286682882	33	0	188	41	0	23
1786946163.415977080	33	0	188	41	0	23
1786946163.540570533	33	0	188	41	0	23
1786946163.662368928	33	0	188	41	0	23
1786946163.784554897	33	0	188	41	0	23
1786946163.913419258	33	0	188	41	0	23
1786946164.038848602	33	0	188	41	0	23
1786946164.163382806	33	0	188	41	0	23
1786946164.289868247	33	0	188	41	0	23
1786946164.414638731	33	0	188	41	0	23
1786946164.536330373	33	0	188	41	0	23
1786946164.657785200	33	0	188	41	0	23
1786946164.778903113	33	0	188	41	0	23
1786946164.905682828	33	0	188	41	0	23
1786946165.027059298	33	0	188	41	0	23
1786946165.148663428	33	0	188	41	0	23
1786946165.271638300	33	0	188	41	0	23
1786946165.402417860	33	0	188	41	0	23
1786946165.523561151	33	0	188	41	0	23
1786946165.645846966	33	0	188	41	0	23
1786946165.767307604	33	0	188	41	0	23
1786946165.889409437	33	0	188	41	0	23
1786946166.021576924	33	0	188	41	0	23
1786946166.154062503	33	0	188	41	0	23
1786946166.275397917	33	0	188	41	0	23
1786946166.400354107	33	0	188	41	0	23
1786946166.533819386	33	0	188	41	0	23
1786946166.663402733	33	0	188	41	0	23
1786946166.785665996	33	0	188	41	0	23
1786946166.908219776	33	0	188	41	0	23
1786946167.029819809	33	0	188	41	0	23
1786946167.151424165	33	0	188	41	0	23
1786946167.285623097	33	0	188	41	0	23
1786946167.407913416	33	0	188	41	0	23
1786946167.529712377	33	0	188	41	0	23
1786946167.654208703	33	0	188	41	0	23
1786946167.776078728	33	0	188	41	0	23
1786946167.898014100	33	0	188	41	0	23
1786946168.019719646	33	0	188	41	0	23
1786946168.144963111	33	0	188	41	0	23
1786946168.276314934	33	0	188	41	0	23
1786946168.401618754	33	0	188	41	0	23
1786946168.523593707	33	0	188	41	0	23
1786946168.648844394	33	0	188	41	0	23
1786946168.770045729	33	0	188	41	0	23
1786946168.894883030	33	0	188	41	0	23
1786946169.020503350	33	0	188	41	0	23
1786946169.142586200	33	0	188	41	0	23
1786946169.270883416	33	0	188	41	0	23
1786946169.392419576	33	0	188	41	0	23
1786946169.513861024	33	0	188	41	0	23
1786946169.645693741	33	0	188	41	0	23
1786946169.767340056	33	0	188	41	0	23
1786946169.895914018	33	0	188	41	0	23
1786946170.021495709	33	0	188	41	0	23
1786946170.146396711	33	0	188	41	0	23
1786946170.278947741	33	0	188	41	0	23
1786946170.403984545	33	0	188	41	0	23
1786946170.528501889	33	0	188	41	0	23
1786946170.654021515	33	0	188	41	0	23
1786946170.781903088	33	0	188	41	0	23
1786946170.904132348	33	0	188	41	0	23
1786946171.025586213	33	0	188	41	0	23
1786946171.151884605	33	0	188	41	0	23
1786946171.281100611	33	0	188	41	0	23
1786946171.402871169	33	0	188	41	0	23
1786946171.528703403	33	0	188	41	0	23
1786946171.650317864	33	0	188	41	0	23
1786946171.775621603	33	0	188	41	0	23
1786946171.897699981	33	0	188	41	0	23
1786946172.024314096	33	0	188	41	0	23
1786946172.157020601	33	0	188	41	0	23
1786946172.285115340	33	0	188	41	0	23
1786946172.415622422	33	0	188	41	0	23
1786946172.536957748	33	0	188	41	0	23
1786946172.658507237	33	0	188	41	0	23
1786946172.787913822	33	0	188	41	0	23
1786946172.913425191	33	0	188	41	0	23
1786946173.034708888	33	0	188	41	0	23
1786946173.157855666	33	0	188	41	0	23
1786946173.279366958	33	0	188	41	0	23
1786946173.401209844	33	0	188	41	0	23
1786946173.533096840	33	0	188	41	0	23
1786946173.661199272	33	0	188	41	0	23
1786946173.782673412	33	0	188	41	0	23
1786946173.905218080	33	0	188	41	0	23
1786946174.027423609	33	0	188	41	0	23
1786946174.152360666	33	0	188	41	0	23
1786946174.274264684	33	0	188	41	0	23
1786946174.395773321	33	0	188	41	0	23
1786946174.517604934	33	0	188	41	0	23
1786946174.639557252	33	0	188	41	0	23
1786946174.761180296	33	0	188	41	0	23
1786946174.886040823	33	0	188	41	0	23
1786946175.017909252	33	0	188	41	0	23
1786946175.143655970	33	0	188	41	0	23
1786946175.268729351	33	0	188	41	0	23
1786946175.393600931	33	0	188	41	0	23
1786946175.515753091	33	0	188	41	0	23
1786946175.636678664	33	0	188	41	0	23
1786946175.761995963	33	0	188	41	0	23
1786946175.886766465	33	0	188	41	0	23
1786946176.016718790	33	0	188	41	0	23
1786946176.141639034	33	0	188	41	0	23
1786946176.266891710	33	0	188	41	0	23
1786946176.399500730	33	0	188	41	0	23
1786946176.534576199	33	0	188	41	0	23
1786946176.659941426	33	0	188	41	0	23
1786946176.788173537	33	0	188	41	0	23
1786946176.913992485	33	0	188	41	0	23
1786946177.035521687	33	0	188	41	0	23
1786946177.161931509	33	0	188	41	0	23
1786946177.283382012	33	0	188	41	0	23
1786946177.408617479	33	0	188	41	0	23
1786946177.537323393	33	0	188	41	0	23
1786946177.662559469	33	0	188	41	0	23
1786946177.793809156	33	0	188	41	0	23
1786946177.922731590	33	0	188	41	0	23
1786946178.047103181	33	0	188	41	0	23
1786946178.171951715	33	0	188	41	0	23
1786946178.296817950	33	0	188	41	0	23
1786946178.421949998	33	0	188	41	0	23
1786946178.546784666	33	0	188	41	0	23
1786946178.668897755	33	0	188	41	0	23
1786946178.789956435	33	0	188	41	0	23
1786946178.912209557	33	0	188	41	0	23
1786946179.040838107	33	0	188	41	0	23
1786946179.165939057	33	0	188	41	0	23
1786946179.287493275	33	0	188	41	0	23
1786946179.419209703	33	0	188	41	0	23
1786946179.543883739	33	0	188	41	0	23
1786946179.674736418	33	0	188	41	0	23
1786946179.799973178	33	0	188	41	0	23
1786946179.921862036	33	0	188	41	0	23
1786946180.043590142	33	0	188	41	0	23
1786946180.165613362	33	0	188	41	0	23
1786946180.287204507	33	0	188	41	0	23
1786946180.408682786	33	0	188	41	0	23
1786946180.530404153	33	0	188	41	0	23
1786946180.651635218	33	0	188	41	0	23
1786946180.776668134	33	0	188	41	0	23
1786946180.899999126	33	0	188	41	0	23
1786946181.022125088	33	0	188	41	0	23
1786946181.144079465	33	0	188	41	0	23
1786946181.265864112	33	0	188	41	0	23
1786946181.388040768	33	0	188	41	0	23
1786946181.516133841	33	0	188	41	0	23
1786946181.641037553	33	0	188	41	0	23
1786946181.766375872	33	0	188	41	0	23
1786946181.887724422	33	0	188	41	0	23
1786946182.009555466	33	0	188	41	0	23
1786946182.134051582	33	0	188	41	0	23
1786946182.255748812	33	0	188	41	0	23
1786946182.377626278	33	0	188	41	0	23
1786946182.499115407	33	0	188	41	0	23
1786946182.620404643	33	0	188	41	0	23
1786946182.742008401	33	0	188	41	0	23
1786946182.866891787	33	0	188	41	0	23
1786946182.992741397	33	0	188	41	0	23
1786946183.117716540	33	0	188	41	0	23
1786946183.239289363	33	0	188	41	0	23
1786946183.361118464	33	0	188	41	0	23
1786946183.482716791	33	0	188	41	0	23
1786946183.611080670	33	0	188	41	0	23
1786946183.735983394	33	0	188	41	0	23
1786946183.860958355	33	0	188	41	0	23
1786946183.982472485	33	0	188	41	0	23
1786946184.104217457	33	0	188	41	0	23
1786946184.225561405	33	0	188	41	0	23
1786946184.347466394	33	0	188	41	0	23
1786946184.469353409	33	0	188	41	0	23
1786946184.591228278	33	0	188	41	0	23
1786946184.713131178	33	0	188	41	0	23
1786946184.838000515	33	0	188	41	0	23
1786946184.963018243	33	0	188	41	0	23
1786946185.084969737	33	0	188	41	0	23
1786946185.207566286	33	0	188	41	0	23
1786946185.336086208	33	0	188	41	0	23
1786946185.458068466	33	0	188	41	0	23
1786946185.580024193	33	0	188	41	0	23
1786946185.704747801	33	0	188	41	0	23
1786946185.826419546	33	0	188	41	0	23
1786946185.958908155	33	0	188	41	0	23
1786946186.080210557	33	0	188	41	0	23
1786946186.216456902	33	0	188	41	0	23
1786946186.337672819	33	0	188	41	0	23
1786946186.459333377	33	0	188	41	0	23
1786946186.580975050	33	0	188	41	0	23
1786946186.706180184	33	0	188	41	0	23
1786946186.827607583	33	0	188	41	0	23
1786946186.949515377	33	0	188	41	0	23
1786946187.074589923	33	0	188	41	0	23
1786946187.195895639	33	0	188	41	0	23
1786946187.320941321	33	0	188	41	0	23
1786946187.446035084	33	0	188	41	0	23
1786946187.568113773	33	0	188	41	0	23
1786946187.693209833	33	0	188	41	0	23
1786946187.824920409	33	0	188	41	0	23
1786946187.949949676	33	0	188	41	0	23
1786946188.071049565	33	0	188	41	0	23
1786946188.196276508	33	0	188	41	0	23
1786946188.318059892	33	0	188	41	0	23
1786946188.439565776	33	0	188	41	0	23
1786946188.563930061	33	0	188	41	0	23
1786946188.686925289	33	0	188	41	0	23
1786946188.808747323	33	0	188	41	0	23
1786946188.930812248	33	0	188	41	0	23
1786946189.055815401	33	0	188	41	0	23
1786946189.180842074	33	0	188	41	0	23
1786946189.305904680	33	0	188	41	0	23
1786946189.427486374	33	0	188	41	0	23
1786946189.552471607	33	0	188	41	0	23
1786946189.674467417	33	0	188	41	0	23
1786946189.805929422	33	0	188	41	0	23
1786946189.934020853	33	0	188	41	0	23
1786946190.060792146	33	0	188	41	0	23
1786946190.185878085	33	0	188	41	0	23
1786946190.307698309	33	0	188	41	0	23
1786946190.432921641	33	0	188	41	0	23
1786946190.554547872	33	0	188	41	0	23
1786946190.679529192	33	0	188	41	0	23
1786946190.801391646	33	0	188	41	0	23
1786946190.923920990	33	0	188	41	0	23
1786946191.045411589	33	0	188	41	0	23
1786946191.167271386	33	0	188	41	0	23
1786946191.299313477	33	0	188	41	0	23
1786946191.421142598	33	0	188	41	0	23
1786946191.542681506	33	0	188	41	0	23
1786946191.667858275	33	0	188	41	0	23
1786946191.799952579	33	0	188	41	0	23
1786946191.925449607	33	0	188	41	0	23
1786946192.047223861	33	0	188	41	0	23
1786946192.168792587	33	0	188	41	0	23
1786946192.294252211	33	0	188	41	0	23
1786946192.422387480	33	0	188	41	0	23
1786946192.543932938	33	0	188	41	0	23
1786946192.665668333	33	0	188	41	0	23
1786946192.787662930	33	0	188	41	0	23
1786946192.909185181	33	0	188	41	0	23
1786946193.034853966	33	0	188	41	0	23
1786946193.160061347	33	0	188	41	0	23
1786946193.285199201	33	0	188	41	0	23
1786946193.406585027	33	0	188	41	0	23
1786946193.538745119	33	0	188	41	0	23
1786946193.660503920	33	0	188	41	0	23
1786946193.782392650	33	0	188	41	0	23
1786946193.911112426	33	0	188	41	0	23
1786946194.036807166	33	0	188	41	0	23
1786946194.165165806	33	0	188	41	0	23
1786946194.297541887	33	0	188	41	0	23
1786946194.422694649	33	0	188	41	0	23
1786946194.544464263	33	0	188	41	0	23
1786946194.672758339	33	0	188	41	0	23
1786946194.794642840	33	0	188	41	0	23
1786946194.923554594	33	0	188	41	0	23
1786946195.045655962	33	0	188	41	0	23
1786946195.167702958	33	0	188	41	0	23
1786946195.296895453	33	0	188	41	0	23
1786946195.421754946	33	0	188	41	0	23
1786946195.547097020	33	0	188	41	0	23
1786946195.676113539	33	0	188	41	0	23
1786946195.798330437	33	0	188	41	0	23
1786946195.927750716	33	0	188	41	0	23
1786946196.049357928	33	0	188	41	0	23
1786946196.177864725	33	0	188	41	0	23
1786946196.303724821	33	0	188	41	0	23
1786946196.429271438	33	0	188	41	0	23
1786946196.551281516	33	0	188	41	0	23
1786946196.672632162	33	0	188	41	0	23
1786946196.807597960	33	0	188	41	0	23
1786946196.933220395	33	0	188	41	0	23
1786946197.055154502	33	0	188	41	0	23
1786946197.187922781	33	0	188	41	0	23
1786946197.309471370	33	0	188	41	0	23
1786946197.434652743	33	0	188	41	0	23
1786946197.559882207	33	0	188	41	0	23
1786946197.684948819	33	0	188	41	0	23
1786946197.809975111	33	0	188	41	0	23
1786946197.932388865	33	0	188	41	0	23
1786946198.061059315	33	0	188	41	0	23
1786946198.182620714	33	0	188	41	0	23
1786946198.303862839	33	0	188	41	0	23
1786946198.425783119	33	0	188	41	0	23
1786946198.554977852	33	0	188	41	0	23
1786946198.676895950	33	0	188	41	0	23
1786946198.799010659	33	0	188	41	0	23
1786946198.920774191	33	0	188	41	0	23
1786946199.042307854	33	0	188	41	0	23
1786946199.164274627	33	0	188	41	0	23
1786946199.293641322	33	0	188	41	0	23
1786946199.422553738	33	0	188	41	0	23
1786946199.563823962	33	0	188	41	0	23
1786946199.685007632	33	0	188	41	0	23
1786946199.813662255	33	0	188	41	0	23
1786946199.938495705	33	0	188	41	0	23
1786946200.060415758	33	0	188	41	0	23
1786946200.185450346	33	0	188	41	0	23
1786946200.307270743	33	0	188	41	0	23
1786946200.428229715	33	0	188	41	0	23
1786946200.550015840	33	0	188	41	0	23
1786946200.675397984	33	0	188	41	0	23
1786946200.807663337	33	0	188	41	0	23
1786946200.929631528	33	0	188	41	0	23
1786946201.051881200	33	0	188	41	0	23
1786946201.177413333	33	0	188	41	0	23
1786946201.299050125	33	0	188	41	0	23
1786946201.420909470	33	0	188	41	0	23
1786946201.542564928	33	0	188	41	0	23
1786946201.667882518	33	0	188	41	0	23
1786946201.793006996	33	0	188	41	0	23
1786946201.915051410	33	0	188	41	0	23
1786946202.036722451	33	0	188	41	0	23
1786946202.158349054	33	0	188	41	0	23
1786946202.280013853	33	0	188	41	0	23
1786946202.401577511	33	0	188	41	0	23
1786946202.530485511	33	0	188	41	0	23
1786946202.656549431	33	0	188	41	0	23
1786946202.777860888	33	0	188	41	0	23
1786946202.910394416	33	0	188	41	0	23
1786946203.031582335	33	0	188	41	0	23
1786946203.157409162	33	0	188	41	0	23
1786946203.278941166	33	0	188	41	0	23
1786946203.400765000	33	0	188	41	0	23
1786946203.526134194	33	0	188	41	0	23
1786946203.647533810	33	0	188	41	0	23
1786946203.776367781	33	0	188	41	0	23
1786946203.904927490	33	0	188	41	0	23
1786946204.026757890	33	0	188	41	0	23
1786946204.152087324	33	0	188	41	0	23
1786946204.273761001	33	0	188	41	0	23
1786946204.395460983	33	0	188	41	0	23
1786946204.517019725	33	0	188	41	0	23
1786946204.638663350	33	0	188	41	0	23
1786946204.760129300	33	0	188	41	0	23
1786946204.881968502	33	0	188	41	0	23
1786946205.010320671	33	0	188	41	0	23
1786946205.135769141	33	0	188	41	0	23
1786946205.261571532	33	0	188	41	0	23
1786946205.383025121	33	0	188	41	0	23
1786946205.508273317	33	0	188	41	0	23
1786946205.637642778	33	0	188	41	0	23
1786946205.766828149	33	0	188	41	0	23
1786946205.888428744	33	0	188	41	0	23
1786946206.009479089	33	0	188	41	0	23
1786946206.141874169	33	0	188	41	0	23
1786946206.275623551	33	0	188	41	0	23
1786946206.401202166	33	0	188	41	0	23
1786946206.538242385	33	2304	188	41	0	23
1786946206.667637677	33	0	188	41	0	23
1786946206.788497999	33	0	188	41	0	23
1786946206.924031550	33	0	188	41	0	23
1786946207.053015224	33	0	188	41	0	23
1786946207.174919431	33	0	188	41	0	23
1786946207.296839535	33	0	188	41	0	23
1786946207.418854272	33	0	188	41	0	23
1786946207.548520529	33	0	188	41	0	23
1786946207.669988733	33	0	188	41	0	23
1786946207.791866079	33	0	188	41	0	23
1786946207.916853665	33	0	188	41	0	23
1786946208.038820148	33	0	188	41	0	23
1786946208.160617045	33	0	188	41	0	23
1786946208.282246270	33	0	188	41	0	23
1786946208.403707451	33	0	188	41	0	23
1786946208.525545953	33	0	188	41	0	23
1786946208.656338245	33	0	188	41	0	23
1786946208.781122707	33	0	188	41	0	23
1786946208.902912311	33	0	188	41	0	23
1786946209.024475142	33	0	188	41	0	23
1786946209.146379151	33	0	188	41	0	23
1786946209.271968655	33	0	188	41	0	23
1786946209.397325187	33	0	188	41	0	23
1786946209.527004784	33	0	188	41	0	23
1786946209.648803887	33	0	188	41	0	23
1786946209.770385131	33	0	188	41	0	23
1786946209.891540845	33	0	188	41	0	23
1786946210.013031447	33	0	188	41	0	23
1786946210.135085350	33	0	188	41	0	23
1786946210.256963288	33	0	188	41	0	23
1786946210.378337646	33	0	188	41	0	23
1786946210.500362690	33	0	188	41	0	23
1786946210.622280676	33	0	188	41	0	23
1786946210.743921760	33	0	188	41	0	23
1786946210.865717881	33	0	188	41	0	23
1786946211.001489133	33	0	188	41	0	23
1786946211.123758896	33	0	188	41	0	23
1786946211.245652027	33	0	188	41	0	23
1786946211.368405293	33	0	188	41	0	23
1786946211.489748190	33	0	188	41	0	23
1786946211.611969048	33	0	188	41	0	23
1786946211.734068372	33	0	188	41	0	23
1786946211.859606856	33	0	188	41	0	23
1786946211.985488200	33	0	188	41	0	23
1786946212.119302357	33	0	188	41	0	23
1786946212.257181705	33	0	188	41	0	23
1786946212.378705459	33	0	188	41	0	23
1786946212.500297202	33	0	188	41	0	23
1786946212.626410751	33	0	188	41	0	23
1786946212.748258269	33	0	188	41	0	23
1786946212.870314679	33	0	188	41	0	23
1786946212.996271081	33	0	188	41	0	23
1786946213.122264877	33	0	188	41	0	23
1786946213.244313208	33	0	188	41	0	23
1786946213.374314496	33	0	188	41	0	23
1786946213.499920892	33	0	188	41	0	23
1786946213.621374085	33	0	188	41	0	23
1786946213.743565825	33	0	188	41	0	23
1786946213.864927091	33	0	188	41	0	23
1786946213.990586471	33	0	188	41	0	23
1786946214.116125014	33	0	188	41	0	23
1786946214.241715505	33	0	188	41	0	23
1786946214.363216196	33	0	188	41	0	23
1786946214.484962712	33	0	188	41	0	23
1786946214.607146437	33	0	188	41	0	23
1786946214.728959579	33	0	188	41	0	23
1786946214.865227988	33	0	188	41	0	23
1786946214.986978702	33	0	188	41	0	23
1786946215.108540476	33	0	188	41	0	23
1786946215.234280860	33	0	188	41	0	23
1786946215.362792095	33	0	188	41	0	23
1786946215.484421953	33	0	188	41	0	23
1786946215.605933218	33	0	188	41	0	23
1786946215.728039298	33	0	188	41	0	23
1786946215.852886883	33	0	188	41	0	23
1786946215.974179400	33	0	188	41	0	23
1786946216.095816874	33	0	188	41	0	23
1786946216.221588157	33	0	188	41	0	23
1786946216.347331226	33	0	188	41	0	23
1786946216.471891543	33	0	188	41	0	23
1786946216.593833970	33	0	188	41	0	23
1786946216.718856036	33	0	188	41	0	23
1786946216.840350898	33	0	188	41	0	23
1786946216.962475388	33	0	188	41	0	23
1786946217.084880622	33	0	188	41	0	23
1786946217.211326732	33	0	188	41	0	23
1786946217.332724040	33	0	188	41	0	23
1786946217.457734341	33	0	188	41	0	23
1786946217.579791443	33	0	188	41	0	23
1786946217.701317674	33	0	188	41	0	23
1786946217.834450938	33	0	188	41	0	23
1786946217.963047469	33	0	188	41	0	23
1786946218.088474392	33	0	188	41	0	23
1786946218.210239179	33	0	188	41	0	23
1786946218.335674611	33	0	188	41	0	23
1786946218.472570619	33	0	188	41	0	23
1786946218.602217232	33	0	188	41	0	23
1786946218.724551191	33	0	188	41	0	23
1786946218.846350719	33	0	188	41	0	23
1786946218.968048996	33	0	188	41	0	23
1786946219.090051664	33	0	188	41	0	23
1786946219.211741471	33	0	188	41	0	23
1786946219.336684480	33	0	188	41	0	23
1786946219.462032831	33	0	188	41	0	23
1786946219.592157737	33	0	188	41	0	23
1786946219.714230074	33	0	188	41	0	23
1786946219.840668665	33	0	188	41	0	23
1786946219.962383267	33	0	188	41	0	23
1786946220.083973394	33	0	188	41	0	23
1786946220.205726688	33	0	188	41	0	23
1786946220.330764788	33	0	188	41	0	23
1786946220.456766491	33	0	188	41	0	23
1786946220.592921510	33	0	188	41	0	23
1786946220.725224024	33	0	188	41	0	23
1786946220.850169606	33	0	188	41	0	23
1786946220.975010405	33	0	188	41	0	23
1786946221.108615339	33	0	188	41	0	23
1786946221.233779307	33	0	188	41	0	23
1786946221.355774128	33	0	188	41	0	23
1786946221.478671004	33	0	188	41	0	23
1786946221.603316614	33	0	188	41	0	23
1786946221.727722316	33	0	188	41	0	23
1786946221.853409607	33	0	188	41	0	23
1786946221.974893709	33	0	188	41	0	23
1786946222.096809827	33	0	188	41	0	23
1786946222.219739867	33	0	188	41	0	23
1786946222.341414512	33	0	188	41	0	23
1786946222.466048889	33	0	188	41	0	23
1786946222.587412400	33	0	188	41	0	23
1786946222.712404805	33	0	188	41	0	23
1786946222.841241425	33	0	188	41	0	23
1786946222.965731074	33	0	188	41	0	23
1786946223.095091403	33	0	188	41	0	23
1786946223.216217122	33	0	188	41	0	23
1786946223.338063582	33	0	188	41	0	23
1786946223.470164214	33	0	188	41	0	23
1786946223.595830860	33	2304	188	41	0	23
1786946223.721919884	33	0	188	41	0	23
1786946223.845350198	33	0	188	41	0	23
1786946223.972057758	33	0	188	41	0	23
1786946224.098682239	33	0	188	41	0	23
1786946224.220376368	33	0	188	41	0	23
1786946224.348393027	33	0	188	41	0	23
1786946224.473900826	33	0	188	41	0	23
1786946224.595520971	33	0	188	41	0	23
1786946224.717528710	33	0	188	41	0	23
1786946224.841229811	33	0	188	41	0	23
1786946224.964978933	33	0	188	41	0	23
1786946225.087888961	33	0	188	41	0	23
1786946225.212901155	33	0	188	41	0	23
1786946225.345158281	33	0	188	41	0	23
1786946225.466148221	33	0	188	41	0	23
1786946225.598071664	33	0	188	41	0	23
1786946225.722733833	33	0	188	41	0	23
1786946225.844556398	33	0	188	41	0	23
1786946225.973733396	33	0	188	41	0	23
1786946226.104336458	33	0	188	41	0	23
1786946226.225770245	33	0	188	41	0	23
1786946226.353144261	33	0	188	41	0	23
1786946226.477839071	33	0	188	41	0	23
1786946226.603255160	33	0	188	41	0	23
1786946226.724896775	33	0	188	41	0	23
1786946226.850458661	33	0	188	41	0	23
1786946226.971607630	33	0	188	41	0	23
1786946227.095956183	33	0	188	41	0	23
1786946227.217332000	33	0	188	41	0	23
1786946227.339101184	33	0	188	41	0	23
1786946227.461850754	33	0	188	41	0	23
1786946227.583102106	33	0	188	41	0	23
1786946227.704738666	33	0	188	41	0	23
1786946227.826088431	33	0	188	41	0	23
1786946227.951062670	33	0	188	41	0	23
1786946228.072595702	33	0	188	41	0	23
1786946228.194021804	33	0	188	41	0	23
1786946228.315509045	33	0	188	41	0	23
1786946228.444727542	33	0	188	41	0	23
1786946228.569480545	33	0	188	41	0	23
1786946228.690518956	33	0	188	41	0	23
1786946228.823194459	33	0	188	41	0	23
1786946228.944310758	33	0	188	41	0	23
1786946229.065974189	33	0	188	41	0	23
1786946229.186791219	33	0	188	41	0	23
1786946229.308196853	33	0	188	41	0	23
1786946229.430686738	33	0	188	41	0	23
1786946229.551602726	33	0	188	41	0	23
1786946229.673225321	33	0	188	41	0	23
1786946229.794492247	33	0	188	41	0	23
1786946229.920218576	33	0	188	41	0	23
1786946230.041789676	33	0	188	41	0	23
1786946230.162532854	33	0	188	41	0	23
1786946230.287962303	33	0	188	41	0	23
1786946230.417014948	33	0	188	41	0	23
1786946230.537940645	33	0	188	41	0	23
1786946230.663772683	33	0	188	41	0	23
1786946230.792528940	33	0	188	41	0	23
1786946230.919922622	33	0	188	41	0	23
1786946231.041091688	33	0	188	41	0	23
1786946231.162545040	33	0	188	41	0	23
1786946231.283677918	33	0	188	41	0	23
1786946231.405078805	33	0	188	41	0	23
1786946231.526363764	33	0	188	41	0	23
1786946231.662509286	33	0	188	41	0	23
1786946231.790217623	33	0	188	41	0	23
1786946231.918245952	33	0	188	41	0	23
1786946232.039400112	33	0	188	41	0	23
1786946232.160557478	33	0	188	41	0	23
1786946232.282184335	33	0	188	41	0	23
1786946232.403790483	33	0	188	41	0	23
1786946232.529335448	33	0	188	41	0	23
1786946232.651012596	33	0	188	41	0	23
1786946232.772408851	33	0	188	41	0	23
1786946232.897872832	33	0	188	41	0	23
1786946233.020315344	33	0	188	41	0	23
1786946233.146025612	33	0	188	41	0	23
1786946233.271841229	33	0	188	41	0	23
1786946233.397534559	33	0	188	41	0	23
1786946233.529524071	33	0	188	41	0	23
1786946233.650528746	33	0	188	41	0	23
1786946233.771625208	33	0	188	41	0	23
1786946233.893350322	33	0	188	41	0	23
1786946234.014485966	33	0	188	41	0	23
1786946234.139286021	33	0	188	41	0	23
1786946234.264263279	33	0	188	41	0	23
1786946234.388783999	33	0	188	41	0	23
1786946234.509872578	33	0	188	41	0	23
1786946234.631393839	33	0	188	41	0	23
1786946234.752680341	33	0	188	41	0	23
1786946234.874227723	33	0	188	41	0	23
1786946234.995294396	33	0	188	41	0	23
1786946235.119899610	33	0	188	41	0	23
1786946235.242361217	33	0	188	41	0	23
1786946235.364241306	33	0	188	41	0	23
1786946235.485849754	33	0	188	41	0	23
1786946235.613913236	33	0	188	41	0	23
1786946235.738090687	33	0	188	41	0	23
1786946235.866898495	33	0	188	41	2304	23
1786946235.992212493	33	0	188	41	0	23
1786946236.113267395	33	0	188	41	0	23
1786946236.234457418	33	0	188	41	0	23
1786946236.359025282	33	0	188	41	0	23
1786946236.480695320	33	0	188	41	0	23
1786946236.605218307	33	0	188	41	0	23
1786946236.726268225	33	0	188	41	0	23
1786946236.847779195	33	0	188	41	0	23
1786946236.976733799	33	0	188	41	0	23
1786946237.101394819	33	0	188	41	0	23
1786946237.226314212	33	0	188	41	0	23
1786946237.351084635	33	0	188	41	0	23
1786946237.479231665	33	0	188	41	0	23
1786946237.604237529	33	0	188	41	0	23
1786946237.742225872	33	0	188	41	0	23
1786946237.863379081	33	0	188	41	0	23
1786946237.988036735	33	0	188	41	0	23
1786946238.109440299	33	0	188	41	0	23
1786946238.233998454	33	0	188	41	0	23
1786946238.355179563	33	0	188	41	0	23
1786946238.480280413	33	0	188	41	0	23
1786946238.605168812	33	0	188	41	0	23
1786946238.736578340	33	0	188	41	0	23
1786946238.857718328	33	0	188	41	0	23
1786946238.979210331	33	0	188	41	0	23
1786946239.100705632	33	0	188	41	0	23
1786946239.225301291	33	0	188	41	0	23
1786946239.353730128	33	0	188	41	0	23
1786946239.478504492	33	0	188	41	0	23
1786946239.599103453	33	0	188	41	0	23
1786946239.723931788	33	0	188	41	0	23
1786946239.845178632	33	0	188	41	0	23
1786946239.966982626	33	0	188	41	0	23
1786946240.091383337	33	0	188	41	0	23
1786946240.212380924	33	0	188	41	0	23
1786946240.333674119	33	0	188	41	0	23
1786946240.455750358	33	0	188	41	0	23
1786946240.577114584	33	0	188	41	0	23
1786946240.702197755	33	0	188	41	0	23
1786946240.825468635	33	0	188	41	0	23
1786946240.946531916	33	0	188	41	0	23
1786946241.067932596	33	0	188	41	0	23
1786946241.189379934	33	0	188	41	0	23
1786946241.314627470	33	0	188	41	0	23
1786946241.435761644	33	0	188	41	0	23
1786946241.560745242	33	0	188	41	0	23
1786946241.688415915	33	0	188	41	0	23
1786946241.816391123	33	0	188	41	0	23
1786946241.948542392	33	0	188	41	0	23
1786946242.069244754	33	0	188	41	0	23
1786946242.190442680	33	0	188	41	0	23
1786946242.311953665	33	0	188	41	0	23
1786946242.436740233	33	0	188	41	0	23
1786946242.565657972	33	0	188	41	0	23
1786946242.686793938	33	0	188	41	0	23
1786946242.808138615	33	0	188	41	0	23
1786946242.935257619	33	0	188	41	0	23
1786946243.063020752	33	0	188	41	0	23
1786946243.184637339	33	0	188	41	0	23
1786946243.309254540	33	0	188	41	0	23
1786946243.430196305	33	0	188	41	0	23
1786946243.551354285	33	0	188	41	0	23
1786946243.683684545	33	0	188	41	0	23
1786946243.804915561	33	0	188	41	0	23
1786946243.929102445	33	0	188	41	0	23
1786946244.057588365	33	0	188	41	0	23
1786946244.178572980	33	0	188	41	0	23
1786946244.307816921	33	0	188	41	0	23
1786946244.433409257	33	0	188	41	0	23
1786946244.558527083	33	0	188	41	0	23
1786946244.680100017	33	0	188	41	0	23
1786946244.808518571	33	0	188	41	0	23
1786946244.933193448	33	0	188	41	0	23
1786946245.062526766	33	0	188	41	0	23
1786946245.187856340	33	0	188	41	0	23
1786946245.313112804	33	0	188	41	0	23
1786946245.434717791	33	0	188	41	0	23
1786946245.556381293	33	0	188	41	0	23
1786946245.677076289	33	0	188	41	0	23
1786946245.798172247	33	0	188	41	0	23
1786946245.919739873	33	0	188	41	0	23
1786946246.040971136	33	0	188	41	0	23
1786946246.169442039	33	0	188	41	0	23
1786946246.294313192	33	0	188	41	0	23
1786946246.415945618	33	0	188	41	0	23
1786946246.537515499	33	0	188	41	0	23
1786946246.658568415	33	0	188	41	0	23
1786946246.786678240	33	0	188	41	0	23
1786946246.918769862	33	0	188	41	0	23
1786946247.039825092	33	0	188	41	0	23
1786946247.168819493	33	0	188	41	0	23
1786946247.301050939	33	0	188	41	0	23
1786946247.422151460	33	0	188	41	0	23
1786946247.546925203	33	0	188	41	0	23
1786946247.668514532	33	0	188	41	0	23
1786946247.796935831	33	0	188	41	0	23
1786946247.918834722	33	0	188	41	0	23
1786946248.039931054	33	0	188	41	0	23
1786946248.161054468	33	0	188	41	0	23
1786946248.289652459	33	0	188	41	0	23
1786946248.410793562	33	0	188	41	0	23
1786946248.535122700	33	0	188	41	0	23
1786946248.656573506	33	0	188	41	0	23
1786946248.784874065	33	0	188	41	0	23
1786946248.913327004	33	0	188	41	0	23
1786946249.034697491	33	0	188	41	0	23
1786946249.162744575	33	0	188	41	0	23
1786946249.288000550	33	0	188	41	0	23
1786946249.423535608	33	0	188	41	0	23
1786946249.544907589	33	0	188	41	0	23
1786946249.666030523	33	0	188	41	0	23
1786946249.787822841	33	0	188	41	0	23
1786946249.908877819	33	0	188	41	0	23
1786946250.033614155	33	0	188	41	0	23
1786946250.159691175	33	0	188	41	0	23
1786946250.284563773	33	0	188	41	0	23
1786946250.409608443	33	0	188	41	0	23
1786946250.531834008	33	0	188	41	0	23
1786946250.653148612	33	0	188	41	0	23
1786946250.774746299	33	0	188	41	0	23
1786946250.899832674	33	0	188	41	0	23
1786946251.020969313	33	0	188	41	2304	23
1786946251.145862879	33	0	188	41	0	23
1786946251.270148622	33	0	188	41	0	23
1786946251.395230523	33	0	188	41	0	23
1786946251.517129238	33	0	188	41	0	23
1786946251.642260374	33	0	188	41	0	23
1786946251.763882879	33	0	188	41	0	23
1786946251.889196163	33	0	188	41	0	23
1786946252.013878529	33	0	188	41	0	23
1786946252.138406041	33	0	188	41	0	23
1786946252.259908612	33	0	188	41	0	23
1786946252.389247962	33	0	188	41	0	23
1786946252.514467157	33	0	188	41	0	23
1786946252.639349013	33	0	188	41	0	23
1786946252.767654346	33	0	188	41	0	23
1786946252.904079814	33	0	188	41	0	23
1786946253.025200437	33	0	188	41	0	23
1786946253.150150198	33	0	188	41	0	23
1786946253.271145289	33	0	188	41	0	23
1786946253.399950297	33	0	188	41	0	23
1786946253.525122299	33	0	188	41	0	23
1786946253.646612020	33	0	188	41	0	23
1786946253.778496198	33	0	188	41	0	23
1786946253.899845350	33	0	188	41	0	23
1786946254.021340388	33	0	188	41	0	23
1786946254.142725136	33	0	188	41	0	23
1786946254.275878410	33	0	188	41	0	23
1786946254.404520140	33	0	188	41	0	23
1786946254.525910817	33	0	188	41	0	23
1786946254.663711887	33	0	188	41	0	23
1786946254.784866366	33	0	188	41	0	23
1786946254.906471270	33	0	188	41	0	23
1786946255.027572452	33	0	188	41	0	23
1786946255.149280274	33	0	188	41	0	23
1786946255.270474841	33	0	188	41	0	23
1786946255.391721066	33	0	188	41	0	23
1786946255.513327034	33	0	188	41	0	23
1786946255.634705831	33	0	188	41	0	23
1786946255.755845680	33	0	188	41	0	23
1786946255.877306230	33	0	188	41	0	23
1786946255.998207158	33	0	188	41	0	23
1786946256.119818558	33	0	188	41	0	23
1786946256.241172904	33	0	188	41	0	23
1786946256.362721395	33	0	188	41	0	23
1786946256.484092382	33	0	188	41	0	23
1786946256.605623358	33	0	188	41	0	23
1786946256.730958047	33	0	188	41	0	23
1786946256.855728105	33	0	188	41	0	23
1786946256.984915776	33	0	188	41	0	23
1786946257.107241658	33	0	188	41	0	23
1786946257.228640440	33	0	188	41	0	23
1786946257.353153845	33	0	188	41	0	23
1786946257.474458310	33	0	188	41	0	23
1786946257.597329804	33	0	188	41	0	23
1786946257.727209811	33	0	188	41	0	23
1786946257.860145950	33	0	188	41	0	23
1786946257.981169282	33	0	188	41	0	23
1786946258.105961381	33	0	188	41	0	23
1786946258.230019043	33	0	188	41	0	23
1786946258.354469503	33	0	188	41	0	23
1786946258.479682466	33	0	188	41	0	23
1786946258.601198923	33	0	188	41	0	23
1786946258.726520896	33	0	188	41	0	23
1786946258.848126738	33	0	188	41	0	23
1786946258.969226675	33	0	188	41	0	23
1786946259.090684189	33	0	188	41	0	23
1786946259.212594579	33	0	188	41	0	23
1786946259.340709708	33	0	188	41	0	23
1786946259.465409186	33	0	188	41	0	23
1786946259.590586239	33	0	188	41	0	23
1786946259.719338930	33	0	188	41	0	23
1786946259.840076307	33	0	188	41	0	23
1786946259.961586647	33	0	188	41	0	23
1786946260.082622611	33	0	188	41	0	23
1786946260.204412189	33	0	188	41	0	23
1786946260.329614750	33	0	188	41	0	23
1786946260.451354426	33	0	188	41	0	23
1786946260.576631960	33	0	188	41	0	23
1786946260.704407245	33	0	188	41	0	23
1786946260.830193154	33	0	188	41	0	23
1786946260.951549574	33	0	188	41	0	23
1786946261.079395309	33	0	188	41	0	23
1786946261.200365466	33	0	188	41	0	23
1786946261.325640863	33	0	188	41	0	23
1786946261.447163687	33	0	188	41	0	23
1786946261.568380442	33	0	188	41	0	23
1786946261.690056817	33	0	188	41	0	23
1786946261.811567601	33	0	188	41	0	23
1786946261.933963501	33	0	188	41	0	23
1786946262.055335547	33	0	188	41	0	23
1786946262.176279506	33	0	188	41	0	23
1786946262.297646615	33	0	188	41	0	23
1786946262.418748810	33	0	188	41	0	23
1786946262.541208019	33	0	188	41	0	23
1786946262.666504261	33	0	188	41	0	23
1786946262.791715886	33	0	188	41	0	23
1786946262.913099584	33	0	188	41	0	23
1786946263.034511289	33	0	188	41	0	23
1786946263.155755826	33	0	188	41	0	23
1786946263.277386379	33	0	188	41	0	23
1786946263.403233187	33	0	188	41	0	23
1786946263.531659245	33	0	188	41	0	23
1786946263.652496026	33	0	188	41	0	23
1786946263.773900115	33	0	188	41	0	23
1786946263.899362782	33	0	188	41	0	23
1786946264.027933993	33	0	188	41	0	23
1786946264.149037615	33	0	188	41	0	23
1786946264.270616182	33	0	188	41	0	23
1786946264.391785020	33	0	188	41	0	23
1786946264.513504105	33	0	188	41	0	23
1786946264.635267042	33	0	188	41	0	23
1786946264.760278842	33	0	188	41	0	23
1786946264.881692559	33	0	188	41	0	23
1786946265.003801061	33	0	188	41	0	23
1786946265.128436331	33	0	188	41	0	23
1786946265.252983002	33	0	188	41	0	23
1786946265.384461137	33	0	188	41	0	23
1786946265.516633971	33	0	188	41	0	23
1786946265.641103990	33	0	188	41	0	23
1786946265.762708128	33	0	188	41	2304	23
1786946265.884193177	33	0	188	41	0	23
1786946266.008797898	33	0	188	41	0	23
1786946266.130111173	33	0	188	41	0	23
1786946266.251873410	33	0	188	41	0	23
1786946266.380520924	33	0	188	41	0	23
1786946266.506234253	33	0	188	41	0	23
1786946266.631586163	33	0	188	41	0	23
1786946266.752312334	33	0	188	41	0	23
1786946266.873619648	33	0	188	41	0	23
1786946266.995694699	33	0	188	41	0	23
1786946267.116891410	33	0	188	41	0	23
1786946267.238516093	33	0	188	41	0	23
1786946267.368164007	33	0	188	41	0	23
1786946267.492802167	33	0	188	41	0	23
1786946267.614375359	33	0	188	41	0	23
1786946267.736219252	33	0	188	41	0	23
1786946267.857741007	33	0	188	41	0	23
1786946267.991586583	33	0	188	41	0	23
1786946268.116712611	33	0	188	41	0	23
1786946268.241639963	33	0	188	41	0	23
1786946268.369339084	33	0	188	41	0	23
1786946268.490619655	33	0	188	41	0	23
1786946268.624784020	33	0	188	41	0	23
1786946268.751473732	33	0	188	41	0	23
1786946268.876284552	33	0	188	41	0	23
1786946269.005456199	33	0	188	41	0	23
1786946269.130295774	33	0	188	41	0	23
1786946269.255171204	33	0	188	41	0	23
1786946269.376503426	33	0	188	41	0	23
1786946269.502416741	33	0	188	41	0	23
1786946269.630354055	33	0	188	41	0	23
1786946269.755270183	33	0	188	41	0	23
1786946269.876734960	33	0	188	41	0	23
1786946270.001372675	33	0	188	41	0	23
1786946270.126158679	33	0	188	41	0	23
1786946270.247237507	33	0	188	41	0	23
1786946270.368862271	33	0	188	41	0	23
1786946270.489922452	33	0	188	41	0	23
1786946270.611247173	33	0	188	41	0	23
1786946270.740185289	33	0	188	41	0	23
1786946270.861602340	33	0	188	41	0	23
1786946270.983962225	33	0	188	41	0	23
1786946271.109063698	33	0	188	41	0	23
1786946271.232521259	33	0	188	41	0	23
1786946271.357510296	33	0	188	41	0	23
1786946271.481905926	33	0	188	41	0	23
1786946271.603009817	33	0	188	41	0	23
1786946271.724637758	33	0	188	41	0	23
1786946271.845831241	33	0	188	41	0	23
1786946271.970904620	33	0	188	41	0	23
1786946272.098905385	33	0	188	41	0	23
1786946272.223657692	33	0	188	41	0	23
1786946272.345042633	33	0	188	41	0	23
1786946272.466254130	33	0	188	41	0	23
1786946272.595266562	33	0	188	41	0	23
1786946272.716057153	33	0	188	41	0	23
1786946272.844905016	33	0	188	41	0	23
1786946272.976475109	33	0	188	41	0	23
1786946273.097996671	33	0	188	41	0	23
1786946273.219480547	33	0	188	41	0	23
1786946273.344549145	33	0	188	41	0	23
1786946273.473476840	33	0	188	41	0	23
1786946273.597844523	33	0	188	41	0	23
1786946273.722887454	33	0	188	41	0	23
1786946273.847283642	33	0	188	41	0	23
1786946273.968416735	33	0	188	41	0	23
1786946274.090014801	33	0	188	41	0	23
1786946274.213803395	33	0	188	41	0	23
1786946274.336659419	33	0	188	41	0	23
1786946274.457863422	33	0	188	41	0	23
1786946274.579341828	33	0	188	41	0	23
1786946274.704209123	33	0	188	41	0	23
1786946274.825635559	33	0	188	41	0	23
1786946274.947263309	33	0	188	41	0	23
1786946275.069070140	33	0	188	41	0	23
1786946275.190960777	33	0	188	41	0	23
1786946275.315708967	33	0	188	41	0	23
1786946275.440858357	33	0	188	41	0	23
1786946275.562043393	33	0	188	41	0	23
1786946275.687491790	33	0	188	41	0	23
1786946275.808565336	33	0	188	41	0	23
1786946275.929817609	33	0	188	41	0	23
1786946276.051222481	33	0	188	41	0	23
1786946276.172254794	33	0	188	41	0	23
1786946276.297009901	33	0	188	41	0	23
1786946276.422294931	33	0	188	41	0	23
1786946276.543818232	33	0	188	41	0	23
1786946276.664812525	33	0	188	41	0	23
1786946276.800474871	33	0	188	41	0	23
1786946276.921528276	33	0	188	41	0	23
1786946277.046053152	33	0	188	41	0	23
1786946277.168072429	33	0	188	41	0	23
1786946277.293200083	33	0	188	41	0	23
1786946277.414292520	33	0	188	41	0	23
1786946277.539625118	33	0	188	41	0	23
1786946277.660285236	33	0	188	41	0	23
1786946277.788681293	33	0	188	41	0	23
1786946277.910048703	33	0	188	41	0	23
1786946278.032702558	33	0	188	41	0	23
1786946278.157838120	33	0	188	41	0	23
1786946278.288257503	33	0	188	41	0	23
1786946278.413183422	33	0	188	41	0	23
1786946278.538022077	33	0	188	41	0	23
1786946278.667144672	33	0	188	41	0	23
1786946278.798943849	33	0	188	41	0	23
1786946278.926858746	33	0	188	41	0	23
1786946279.054684831	33	0	188	41	0	23
1786946279.175613585	33	0	188	41	0	23
1786946279.297254635	33	0	188	41	2304	23
1786946279.418965983	33	0	188	41	0	23
1786946279.544171311	33	0	188	41	0	23
1786946279.667327776	33	0	188	41	0	23
1786946279.788339867	33	0	188	41	0	23
1786946279.916655696	33	0	188	41	0	23
1786946280.046068180	33	0	188	41	0	23
1786946280.171298274	33	0	188	41	0	23
1786946280.303373103	33	0	188	41	0	23
1786946280.424839883	33	0	188	41	0	23
1786946280.545820933	33	0	188	41	0	23
1786946280.673698850	33	0	188	41	0	23
1786946280.802374955	33	0	188	41	0	23
1786946280.926626260	33	0	188	41	0	23
1786946281.047761185	33	0	188	41	0	23
1786946281.173247868	33	0	188	41	0	23
1786946281.306025043	33	0	188	41	0	23
1786946281.430979975	33	0	188	41	0	23
1786946281.552181404	33	0	188	41	0	23
1786946281.687220404	33	0	188	41	0	23
1786946281.816457782	33	0	188	41	0	23
1786946281.937633112	33	0	188	41	0	23
1786946282.062540391	33	0	188	41	0	23
1786946282.194794674	33	0	188	41	0	23
1786946282.315792829	33	0	188	41	0	23
1786946282.437364077	33	0	188	41	0	23
1786946282.563541648	33	0	188	41	0	23
1786946282.685442057	33	0	188	41	0	23
1786946282.806556194	33	0	188	41	0	23
1786946282.938322275	33	0	188	41	0	23
1786946283.059106985	33	0	188	41	0	23
1786946283.180384143	33	0	188	41	0	23
1786946283.301793272	33	0	188	41	0	23
1786946283.423436444	33	0	188	41	0	23
1786946283.546298707	33	0	188	41	0	23
1786946283.667709879	33	0	188	41	0	23
1786946283.788333258	33	0	188	41	0	23
1786946283.910216799	33	0	188	41	0	23
1786946284.034698437	33	0	188	41	0	23
1786946284.159623757	33	0	188	41	0	23
1786946284.280768704	33	0	188	41	0	23
1786946284.402262986	33	0	188	41	0	23
1786946284.523526388	33	0	188	41	0	23
1786946284.644984618	33	0	188	41	0	23
1786946284.766590794	33	0	188	41	0	23
1786946284.895161956	33	0	188	41	0	23
1786946285.018142557	33	0	188	41	0	23
1786946285.139196250	33	0	188	41	0	23
1786946285.264974724	33	0	188	41	0	23
1786946285.389191191	33	0	188	41	0	23
1786946285.510766784	33	0	188	41	0	23
1786946285.639649029	33	0	188	41	0	23
1786946285.768549150	33	0	188	41	0	23
1786946285.898412067	33	0	188	41	0	23
1786946286.019886841	33	0	188	41	0	23
1786946286.149158988	33	0	188	41	0	23
1786946286.278488679	33	0	188	41	0	23
1786946286.411922053	33	0	188	41	0	23
1786946286.533251179	33	0	188	41	0	23
1786946286.656629405	33	0	188	41	0	23
1786946286.780206874	33	0	188	41	0	23
1786946286.905220760	33	0	188	41	0	23
1786946287.029724103	33	0	188	41	0	23
1786946287.150840132	33	0	188	41	0	23
1786946287.275935097	33	0	188	41	0	23
1786946287.402512062	33	0	188	41	0	23
1786946287.527964944	33	0	188	41	0	23
1786946287.653958076	33	0	188	41	0	23
1786946287.775830931	33	0	188	41	0	23
1786946287.897355505	33	0	188	41	0	23
1786946288.019393811	33	0	188	41	0	23
1786946288.146724870	33	0	188	41	0	23
1786946288.272295922	33	0	188	41	0	23
1786946288.393602052	33	0	188	41	0	23
1786946288.518773993	33	0	188	41	0	23
1786946288.640355791	33	0	188	41	0	23
1786946288.761809432	33	0	188	41	0	23
1786946288.888508696	33	0	188	41	0	23
1786946289.009936699	33	0	188	41	0	23
1786946289.142273186	33	0	188	41	0	23
1786946289.263610156	33	0	188	41	0	23
1786946289.387021887	33	0	188	41	0	23
1786946289.514397155	33	0	188	41	0	23
1786946289.642021817	33	0	188	41	0	23
1786946289.763400744	33	0	188	41	0	23
1786946289.885341252	33	0	188	41	0	23
1786946290.007285947	33	0	188	41	0	23
1786946290.128576389	33	0	188	41	0	23
1786946290.253873373	33	0	188	41	0	23
1786946290.375482902	33	0	188	41	0	23
1786946290.496849901	33	0	188	41	0	23
1786946290.618453330	33	0	188	41	0	23
1786946290.740019497	33	0	188	41	0	23
1786946290.861306873	33	0	188	41	0	23
1786946291.000701661	33	0	188	41	0	23
1786946291.121690766	33	0	188	41	0	23
1786946291.246986547	33	0	188	41	0	23
1786946291.371636684	33	0	188	41	0	23
1786946291.492921090	33	0	188	41	0	23
1786946291.614172111	33	0	188	41	0	23
1786946291.735272573	33	0	188	41	0	23
1786946291.864502666	33	0	188	41	0	23
1786946291.985717247	33	0	188	41	0	23
1786946292.107100026	33	0	188	41	0	23
1786946292.235081260	33	0	188	41	0	23
1786946292.359991095	33	0	188	41	0	23
1786946292.485216546	33	0	188	41	0	23
1786946292.610645608	33	0	188	41	0	23
1786946292.736121289	33	0	188	41	0	23
1786946292.864108139	33	0	188	41	0	23
1786946292.996708555	33	0	188	41	0	23
1786946293.118054383	33	0	188	41	0	23
1786946293.243002975	33	0	188	41	0	23
1786946293.367590440	33	0	188	41	0	23
1786946293.488690812	33	0	188	41	0	23
1786946293.613948242	33	0	188	41	0	23
1786946293.742788883	33	0	188	41	0	23
1786946293.871998827	33	0	188	41	0	23
1786946293.993335280	33	0	188	41	0	23
1786946294.114408404	33	0	188	41	0	23
1786946294.239221613	33	0	188	41	0	23
1786946294.365114454	33	0	188	41	0	23
1786946294.486710533	33	0	188	41	0	23
1786946294.611579439	33	0	188	41	0	23
1786946294.732434032	33	0	188	41	0	23
1786946294.864426279	33	0	188	41	0	23
1786946294.985887204	33	0	188	41	0	23
1786946295.107003515	33	0	188	41	0	23
1786946295.228177869	33	0	188	41	0	23
1786946295.353138471	33	0	188	41	0	23
1786946295.474630304	33	0	188	41	0	23
1786946295.595717381	33	0	188	41	0	23
1786946295.717400415	33	0	188	41	0	23
1786946295.842287036	33	0	188	41	0	23
1786946295.963234176	33	0	188	41	0	23
1786946296.084273888	33	0	188	41	0	23
1786946296.209111968	33	0	188	41	0	23
1786946296.330731517	33	0	188	41	0	23
1786946296.452412087	33	0	188	41	0	23
1786946296.578233141	33	0	188	41	0	23
1786946296.703013801	33	0	188	41	0	23
1786946296.827673190	33	0	188	41	0	23
1786946296.949449152	33	0	188	41	0	23
1786946297.070935545	33	0	188	41	0	23
1786946297.196953526	33	0	188	41	0	23
1786946297.318104286	33	0	188	41	0	23
1786946297.444045090	33	0	188	41	0	23
1786946297.565805656	33	0	188	41	0	23
1786946297.694330382	33	0	188	41	0	23
1786946297.815363999	33	0	188	41	0	23
1786946297.936639640	33	0	188	41	0	23
1786946298.066306897	33	0	188	41	0	23
1786946298.191169476	33	0	188	41	0	23
1786946298.316014457	33	0	188	41	0	23
1786946298.437134002	33	0	188	41	0	23
1786946298.558219315	33	0	188	41	0	23
1786946298.691633140	33	0	188	41	0	23
1786946298.823959775	33	0	188	41	0	23
1786946298.949808677	33	0	188	41	0	23
1786946299.080864171	33	0	188	41	0	23
1786946299.206469097	33	0	188	41	0	23
1786946299.327810990	33	0	188	41	0	23
1786946299.449403560	33	0	188	41	0	23
1786946299.571125880	33	0	188	41	0	23
1786946299.692101643	33	0	188	41	0	23
1786946299.816894618	33	0	188	41	0	23
1786946299.941378819	33	0	188	41	0	23
1786946300.065252978	33	0	188	41	0	23
1786946300.190265819	33	0	188	41	0	23
1786946300.311874970	33	0	188	41	0	23
1786946300.440490752	33	0	188	41	0	23
1786946300.570460355	33	0	188	41	0	23
1786946300.694749334	33	0	188	41	0	23
1786946300.820309232	33	0	188	41	0	23
1786946300.946135690	33	0	188	41	0	23
1786946301.067265908	33	0	188	41	0	23
1786946301.193247321	33	0	188	41	0	23
1786946301.323800607	33	0	188	41	0	23
1786946301.444816384	33	0	188	41	0	23
1786946301.570222221	33	0	188	41	0	23
1786946301.691274633	33	0	188	41	0	23
1786946301.817558363	33	0	188	41	0	23
1786946301.938761468	33	0	188	41	0	23
1786946302.064710201	33	0	188	41	0	23
1786946302.187513712	33	0	188	41	0	23
1786946302.317015284	33	0	188	41	0	23
1786946302.442694288	33	0	188	41	0	23
1786946302.568723154	33	0	188	41	0	23
1786946302.692578228	33	0	188	41	0	23
1786946302.814892365	33	0	188	41	0	23
1786946302.936311878	33	0	188	41	0	23
1786946303.063082054	33	0	188	41	0	23
1786946303.191065169	33	0	188	41	0	23
1786946303.319638471	33	0	188	41	0	23
1786946303.440810111	33	0	188	41	0	23
1786946303.566290871	33	0	188	41	0	23
1786946303.693766309	33	0	188	41	0	23
1786946303.815160196	33	0	188	41	0	23
1786946303.940559861	33	0	188	41	0	23
1786946304.061804660	33	0	188	41	0	23
1786946304.190780756	33	0	188	41	0	23
1786946304.311858604	33	0	188	41	0	23
1786946304.436266045	33	0	188	41	0	23
1786946304.564122565	33	0	188	41	0	23
1786946304.691603068	33	0	188	41	0	23
1786946304.812607805	33	0	188	41	0	23
1786946304.937232917	33	0	188	41	0	23
1786946305.065561540	33	0	188	41	0	23
1786946305.187340936	33	0	188	41	0	23
1786946305.308823064	33	0	188	41	0	23
1786946305.430126682	33	2304	188	41	0	23
1786946305.556877402	33	0	188	41	0	23
1786946305.684549550	33	0	188	41	0	23
1786946305.806222126	33	0	188	41	0	23
1786946305.927832233	33	0	188	41	0	23
1786946306.048962820	33	0	188	41	0	23
1786946306.176707557	33	0	188	41	0	23
1786946306.298418577	33	0	188	41	0	23
1786946306.423944212	33	0	188	41	0	23
1786946306.549127315	33	0	188	41	0	23
1786946306.674759529	33	0	188	41	0	23
1786946306.799657744	33	0	188	41	0	23
1786946306.920754422	33	0	188	41	0	23
1786946307.044944020	33	0	188	41	0	23
1786946307.166795194	33	0	188	41	0	23
1786946307.288741516	33	0	188	41	0	23
1786946307.410001550	33	0	188	41	0	23
1786946307.538267304	33	0	188	41	0	23
1786946307.660868151	33	0	188	41	0	23
1786946307.785367096	33	0	188	41	0	23
1786946307.906732016	33	0	188	41	0	23
1786946308.028597395	33	0	188	41	0	23
1786946308.150880529	33	0	188	41	0	23
1786946308.272796282	33	0	188	41	0	23
1786946308.394905160	33	0	188	41	0	23
1786946308.519124808	33	0	188	41	0	23
1786946308.644325830	33	0	188	41	0	23
1786946308.765816480	33	0	188	41	0	23
1786946308.887067022	33	0	188	41	0	23
1786946309.008888357	33	0	188	41	0	23
1786946309.130246107	33	0	188	41	2304	23
1786946309.258705937	33	0	188	41	0	23
1786946309.392139537	33	0	188	41	0	23
1786946309.513630981	33	0	188	41	0	23
1786946309.634872632	33	0	188	41	0	23
1786946309.756468395	33	0	188	41	0	23
1786946309.877478235	33	0	188	41	0	23
1786946310.002260260	33	0	188	41	0	23
1786946310.130481452	33	0	188	41	0	23
1786946310.259915837	33	0	188	41	0	23
1786946310.387610228	33	0	188	41	0	23
1786946310.508965937	33	0	188	41	0	23
1786946310.630175999	33	0	188	41	0	23
1786946310.751906883	33	0	188	41	0	23
1786946310.877284062	33	0	188	41	0	23
1786946310.998553017	33	0	188	41	0	23
1786946311.131229205	33	0	188	41	0	23
1786946311.253437326	33	0	188	41	0	23
1786946311.378835021	33	0	188	41	0	23
1786946311.500466258	33	0	188	41	0	23
1786946311.625621178	33	0	188	41	0	23
1786946311.746791299	33	0	188	41	0	23
1786946311.872111675	33	0	188	41	0	23
1786946312.000618137	33	0	188	41	0	23
1786946312.121904700	33	0	188	41	0	23
1786946312.243746716	33	0	188	41	0	23
1786946312.368112979	33	0	188	41	0	23
1786946312.489274552	33	0	188	41	0	23
1786946312.610508450	33	0	188	41	0	23
1786946312.739440977	33	0	188	41	0	23
1786946312.860578030	33	0	188	41	0	23
1786946312.984522836	33	0	188	41	0	23
1786946313.105951407	33	0	188	41	0	23
1786946313.230934440	33	0	188	41	0	23
1786946313.352307891	33	0	188	41	0	23
1786946313.476404232	33	0	188	41	0	23
1786946313.597905019	33	0	188	41	0	23
1786946313.719707741	33	0	188	41	0	23
1786946313.844411399	33	0	188	41	0	23
1786946313.969064963	33	0	188	41	0	23
1786946314.093659654	33	0	188	41	0	23
1786946314.225777786	33	0	188	41	0	23
1786946314.354206634	33	0	188	41	0	23
1786946314.479383805	33	0	188	41	0	23
1786946314.601172060	33	0	188	41	0	23
1786946314.732875727	33	0	188	41	0	23
1786946314.860134605	33	0	188	41	0	23
1786946314.981232110	33	0	188	41	0	23
1786946315.106328189	33	0	188	41	0	23
1786946315.231856270	33	0	188	41	0	23
1786946315.352774424	33	0	188	41	0	23
1786946315.474230260	33	0	188	41	0	23
1786946315.598422653	33	0	188	41	0	23
1786946315.720072154	33	0	188	41	0	23
1786946315.848764275	33	0	188	41	0	23
1786946315.970283702	33	0	188	41	0	23
1786946316.095433914	33	0	188	41	0	23
1786946316.224018939	33	0	188	41	0	23
1786946316.351855606	33	0	188	41	0	23
1786946316.472969910	33	0	188	41	0	23
1786946316.597802739	33	0	188	41	0	23
1786946316.719279403	33	0	188	41	0	23
1786946316.840427602	33	0	188	41	0	23
1786946316.961645290	33	0	188	41	0	23
1786946317.086934568	33	0	188	41	0	23
1786946317.211548603	33	0	188	41	0	23
1786946317.336111726	33	0	188	41	0	23
1786946317.457443337	33	0	188	41	0	23
1786946317.582575684	33	0	188	41	0	23
1786946317.704838024	33	0	188	41	0	23
1786946317.826691283	33	0	188	41	0	23
1786946317.947881069	33	0	188	41	0	23
1786946318.072903980	33	0	188	41	0	23
1786946318.200802466	33	0	188	41	0	23
1786946318.322237821	33	0	188	41	0	23
1786946318.443628301	33	0	188	41	0	23
1786946318.565072832	33	0	188	41	0	23
1786946318.686305387	33	0	188	41	0	23
1786946318.811492520	33	0	188	41	0	23
1786946318.936686500	33	0	188	41	0	23
1786946319.058217012	33	0	188	41	0	23
1786946319.179063456	33	0	188	41	0	23
1786946319.300623826	33	0	188	41	0	23
1786946319.425002513	33	0	188	41	0	23
1786946319.565532294	33	0	188	41	0	23
1786946319.686632716	33	0	188	41	0	23
1786946319.814785702	33	0	188	41	0	23
1786946319.939776637	33	0	188	41	0	23
1786946320.060845915	33	0	188	41	0	23
1786946320.182046814	33	0	188	41	0	23
1786946320.307228171	33	0	188	41	0	23
1786946320.432283634	33	0	188	41	0	23
1786946320.564390909	33	0	188	41	0	23
1786946320.689226497	33	0	188	41	0	23
1786946320.814445601	33	0	188	41	0	23
1786946320.935611836	33	0	188	41	0	23
1786946321.064650451	33	0	188	41	0	23
1786946321.189493021	33	0	188	41	0	23
1786946321.317963415	33	0	188	41	0	23
1786946321.443154292	33	0	188	41	0	23
1786946321.573524683	33	0	188	41	0	23
1786946321.699239676	33	0	188	41	2304	23
1786946321.823642506	33	0	188	41	0	23
1786946321.944596621	33	0	188	41	0	23
1786946322.066222926	33	0	188	41	0	23
1786946322.187475806	33	0	188	41	0	23
1786946322.309170433	33	0	188	41	0	23
1786946322.430581944	33	0	188	41	0	23
1786946322.551660189	33	0	188	41	0	23
1786946322.673310841	33	0	188	41	0	23
1786946322.798422546	33	0	188	41	0	23
1786946322.919225652	33	0	188	41	0	23
1786946323.040324602	33	0	188	41	0	23
1786946323.162178473	33	0	188	41	0	23
1786946323.283221027	33	0	188	41	0	23
1786946323.404776673	33	0	188	41	0	23
1786946323.532920632	33	0	188	41	0	23
1786946323.657738903	33	0	188	41	0	23
1786946323.779338947	33	0	188	41	0	23
1786946323.918886673	33	0	188	41	0	23
1786946324.039840226	33	0	188	41	0	23
1786946324.164982894	33	0	188	41	0	23
1786946324.293112578	33	0	188	41	0	23
1786946324.414788228	33	0	188	41	0	23
1786946324.538721378	33	0	188	41	0	23
1786946324.663687485	33	0	188	41	0	23
1786946324.788582143	33	0	188	41	0	23
1786946324.917585984	33	0	188	41	0	23
1786946325.038983379	33	0	188	41	0	23
1786946325.160227831	33	0	188	41	0	23
1786946325.282029750	33	0	188	41	0	23
1786946325.403303722	33	0	188	41	0	23
1786946325.527812130	33	0	188	41	0	23
1786946325.653099682	33	0	188	41	0	23
1786946325.774558245	33	0	188	41	0	23
1786946325.896094181	33	0	188	41	0	23
1786946326.017226852	33	0	188	41	0	23
1786946326.146421568	33	0	188	41	0	23
1786946326.267937984	33	0	188	41	0	23
1786946326.393175380	33	0	188	41	0	23
1786946326.518563218	33	0	188	41	0	23
1786946326.643448723	33	0	188	41	0	23
1786946326.765040136	33	0	188	41	0	23
1786946326.886872040	33	0	188	41	0	23
1786946327.007824706	33	0	188	41	0	23
1786946327.135810721	33	0	188	41	0	23
1786946327.256816487	33	0	188	41	0	23
1786946327.381457781	33	0	188	41	0	23
1786946327.519435308	33	0	188	41	0	23
1786946327.644447676	33	0	188	41	0	23
1786946327.769615092	33	0	188	41	0	23
1786946327.890641873	33	0	188	41	0	23
1786946328.012119674	33	0	188	41	0	23
1786946328.137210177	33	0	188	41	0	23
1786946328.258360980	33	0	188	41	0	23
1786946328.387753769	33	0	188	41	0	23
1786946328.509465289	33	0	188	41	0	23
1786946328.630530761	33	0	188	41	0	23
1786946328.752255399	33	0	188	41	0	23
1786946328.881962173	33	0	188	41	0	23
1786946329.004267034	33	0	188	41	0	23
1786946329.129483917	33	0	188	41	0	23
1786946329.250742247	33	0	188	41	0	23
1786946329.376185513	33	0	188	41	0	23
1786946329.497656071	33	0	188	41	0	23
1786946329.622749377	33	0	188	41	0	23
1786946329.743606058	33	0	188	41	0	23
1786946329.865266155	33	0	188	41	0	23
1786946329.990425058	33	0	188	41	0	23
1786946330.115845834	33	0	188	41	0	23
1786946330.237314227	33	0	188	41	0	23
1786946330.361868698	33	0	188	41	0	23
1786946330.483125166	33	0	188	41	0	23
1786946330.604408036	33	0	188	41	0	23
1786946330.729595882	33	0	188	41	0	23
1786946330.852381232	33	0	188	41	0	23
1786946330.973473537	33	0	188	41	0	23
1786946331.102032640	33	0	188	41	0	23
1786946331.223279002	33	0	188	41	0	23
1786946331.351480988	33	0	188	41	0	23
1786946331.480213388	33	0	188	41	0	23
1786946331.601433780	33	0	188	41	0	23
1786946331.735269370	33	0	188	41	0	23
1786946331.856844372	33	0	188	41	0	23
1786946331.977913708	33	0	188	41	0	23
1786946332.098838197	33	0	188	41	0	23
1786946332.220526059	33	0	188	41	0	23
1786946332.341561978	33	0	188	41	0	23
1786946332.463241688	33	0	188	41	0	23
1786946332.584403474	33	0	188	41	2304	23
1786946332.705955684	33	0	188	41	0	23
1786946332.830985242	33	0	188	41	0	23
1786946332.952405212	33	0	188	41	0	23
1786946333.077351237	33	0	188	41	0	23
1786946333.198978239	33	0	188	41	0	23
1786946333.324283449	33	0	188	41	0	23
1786946333.449367146	33	0	188	41	0	23
1786946333.570360244	33	0	188	41	0	23
1786946333.691963121	33	0	188	41	0	23
1786946333.813510114	33	0	188	41	0	23
1786946333.938027973	33	0	188	41	0	23
1786946334.059929306	33	0	188	41	0	23
1786946334.184165676	33	0	188	41	0	23
1786946334.305477060	33	0	188	41	0	23
1786946334.430220976	33	0	188	41	0	23
1786946334.554486317	33	0	188	41	0	23
1786946334.675574537	33	0	188	41	0	23
1786946334.796875815	33	0	188	41	0	23
1786946334.925820023	33	0	188	41	0	23
1786946335.050516707	33	0	188	41	0	23
1786946335.171957852	33	0	188	41	0	23
1786946335.293746186	33	0	188	41	0	23
1786946335.418593841	33	0	188	41	0	23
1786946335.543244842	33	0	188	41	0	23
1786946335.664354458	33	0	188	41	0	23
1786946335.786140993	33	0	188	41	0	23
1786946335.907407247	33	0	188	41	0	23
1786946336.028747839	33	0	188	41	0	23
1786946336.150068044	33	0	188	41	0	23
1786946336.271888911	33	0	188	41	0	23
1786946336.397241135	33	0	188	41	0	23
1786946336.518281290	33	0	188	41	0	23
1786946336.639916217	33	0	188	41	0	23
1786946336.764791752	33	0	188	41	0	23
1786946336.886453151	33	0	188	41	0	23
1786946337.014950934	33	0	188	41	0	23
1786946337.139176486	33	0	188	41	0	23
1786946337.263901814	33	0	188	41	0	23
1786946337.389709914	33	0	188	41	0	23
1786946337.513956919	33	0	188	41	0	23
1786946337.643034435	33	0	188	41	0	23
1786946337.764537771	33	0	188	41	0	23
1786946337.888926156	33	0	188	41	0	23
1786946338.028106642	33	0	188	41	0	23
1786946338.149399312	33	0	188	41	0	23
1786946338.270976153	33	0	188	41	0	23
1786946338.392007077	33	0	188	41	0	23
1786946338.513590835	33	0	188	41	0	23
1786946338.634337734	33	0	188	41	0	23
1786946338.755725549	33	0	188	41	0	23
1786946338.876824101	33	0	188	41	0	23
1786946338.998688776	33	0	188	41	0	23
1786946339.126680764	33	0	188	41	0	23
1786946339.247922172	33	0	188	41	0	23
1786946339.369158883	33	0	188	41	0	23
1786946339.490493365	33	0	188	41	0	23
1786946339.612287191	33	0	188	41	0	23
1786946339.741852012	33	0	188	41	0	23
1786946339.862769921	33	0	188	41	0	23
1786946339.984498601	33	0	188	41	0	23
1786946340.106043245	33	0	188	41	0	23
1786946340.227319477	33	0	188	41	0	23
1786946340.348919276	33	0	188	41	0	23
1786946340.470659951	33	0	188	41	0	23
1786946340.591260972	33	0	188	41	0	23
1786946340.712509274	33	0	188	41	0	23
1786946340.837579830	33	0	188	41	0	23
1786946340.958730109	33	0	188	41	0	23
1786946341.084646076	33	0	188	41	0	23
1786946341.207218623	33	0	188	41	0	23
1786946341.338668568	33	0	188	41	0	23
1786946341.459917369	33	0	188	41	0	23
1786946341.584865611	33	0	188	41	0	23
1786946341.714303715	33	0	188	41	0	23
1786946341.838797330	33	0	188	41	0	23
1786946341.967507520	33	0	188	41	0	23
1786946342.088620718	33	0	188	41	0	23
1786946342.218191097	33	0	188	41	0	23
1786946342.339266171	33	0	188	41	0	23
1786946342.460791145	33	0	188	41	0	23
1786946342.585715268	33	0	188	41	0	23
1786946342.706968193	33	0	188	41	0	23
1786946342.828448709	33	0	188	41	0	23
1786946342.953440722	33	0	188	41	0	23
1786946343.075081285	33	0	188	41	0	23
1786946343.196527287	33	0	188	41	0	23
1786946343.317699505	33	0	188	41	0	23
1786946343.439203488	33	0	188	41	0	23
1786946343.567193044	33	0	188	41	0	23
1786946343.691996588	33	0	188	41	0	23
1786946343.820875788	33	0	188	41	0	23
1786946343.944830222	33	0	188	41	0	23
1786946344.065887300	33	0	188	41	0	23
1786946344.195257512	33	0	188	41	0	23
1786946344.324212635	33	0	188	41	0	23
1786946344.449514510	33	0	188	41	0	23
1786946344.581763548	33	0	188	41	0	23
1786946344.702849741	33	0	188	41	0	23
1786946344.824093062	33	0	188	41	0	23
1786946344.952715862	33	0	188	41	0	23
1786946345.078299688	33	0	188	41	0	23
1786946345.203379000	33	0	188	41	0	23
1786946345.328332129	33	0	188	41	0	23
1786946345.453201211	33	0	188	41	0	23
1786946345.574592863	33	0	188	41	0	23
1786946345.699057397	33	0	188	41	0	23
1786946345.821243098	33	0	188	41	0	23
1786946345.950237691	33	0	188	41	0	23
1786946346.071718452	33	0	188	41	0	23
1786946346.193267770	33	0	188	41	0	23
1786946346.314488167	33	0	188	41	0	23
1786946346.442295119	33	0	188	41	0	23
1786946346.567332673	33	0	188	41	0	23
1786946346.692280825	33	0	188	41	0	23
1786946346.813752772	33	0	188	41	0	23
1786946346.938657625	33	0	188	41	0	23
1786946347.060187497	33	0	188	41	0	23
1786946347.181352331	33	0	188	41	0	23
1786946347.306551312	33	0	188	41	0	23
1786946347.428234586	33	0	188	41	0	23
1786946347.549876335	33	0	188	41	0	23
1786946347.670849682	33	0	188	41	0	23
1786946347.794477516	33	0	188	41	0	23
1786946347.915794080	33	0	188	41	0	23
1786946348.044651784	33	0	188	41	0	23
1786946348.172924091	33	0	188	41	0	23
1786946348.294228075	33	0	188	41	0	23
1786946348.415993859	33	0	188	41	0	23
1786946348.553710417	33	0	188	41	0	23
1786946348.685721240	33	0	188	41	0	23
1786946348.813665147	33	0	188	41	0	23
1786946348.939016182	33	0	188	41	0	23
1786946349.059977730	33	0	188	41	0	23
1786946349.181289223	33	0	188	41	0	23
1786946349.314141698	33	0	188	41	0	23
1786946349.437018118	33	0	188	41	0	23
1786946349.557907226	33	0	188	41	0	23
1786946349.682355379	33	0	188	41	0	23
1786946349.806110142	33	2304	188	41	0	23
1786946349.931672127	33	0	188	41	0	23
1786946350.057547522	33	0	188	41	0	23
1786946350.178750846	33	0	188	41	0	23
1786946350.300477042	33	0	188	41	0	23
1786946350.425973436	33	0	188	41	0	23
1786946350.550928095	33	0	188	41	0	23
1786946350.676201448	33	0	188	41	0	23
1786946350.801655075	33	0	188	41	0	23
1786946350.922898340	33	0	188	41	0	23
1786946351.048303544	33	0	188	41	0	23
1786946351.169361172	33	0	188	41	0	23
1786946351.290562068	33	0	188	41	0	23
1786946351.419308265	33	0	188	41	0	23
1786946351.556297866	33	0	188	41	0	23
1786946351.676908367	33	0	188	41	0	23
1786946351.809260230	33	0	188	41	0	23
1786946351.937990328	33	0	188	41	0	23
1786946352.063161849	33	0	188	41	0	23
1786946352.197085256	33	0	188	41	0	23
1786946352.318372096	33	0	188	41	0	23
1786946352.446919526	33	0	188	41	0	23
1786946352.572109351	33	0	188	41	0	23
1786946352.697289458	33	0	188	41	0	23
1786946352.818239058	33	0	188	41	0	23
1786946352.940041417	33	0	188	41	0	23
1786946353.061795330	33	0	188	41	0	23
1786946353.200569153	33	0	188	41	0	23
1786946353.328421317	33	0	188	41	0	23
1786946353.451338145	33	0	188	41	0	23
1786946353.576547683	33	0	188	41	0	23
1786946353.698186463	33	0	188	41	0	23
1786946353.824109004	33	0	188	41	0	23
1786946353.949533119	33	0	188	41	0	23
1786946354.079603532	33	0	188	41	0	23
1786946354.200795075	33	0	188	41	0	23
1786946354.325017051	33	0	188	41	0	23
1786946354.446643976	33	0	188	41	0	23
1786946354.567757049	33	0	188	41	0	23
1786946354.697631249	33	0	188	41	0	23
1786946354.823556756	33	0	188	41	0	23
1786946354.945284869	33	0	188	41	0	23
1786946355.066288606	33	0	188	41	0	23
1786946355.187676500	33	0	188	41	0	23
1786946355.308830283	33	0	188	41	0	23
1786946355.430498458	33	0	188	41	0	23
1786946355.555157462	33	0	188	41	0	23
1786946355.676493287	33	0	188	41	0	23
1786946355.798108422	33	0	188	41	0	23
1786946355.923012540	33	0	188	41	0	23
1786946356.047083405	33	0	188	41	0	23
1786946356.168623367	33	0	188	41	0	23
1786946356.294420007	33	0	188	41	0	23
1786946356.419015964	33	0	188	41	0	23
1786946356.543065844	33	0	188	41	0	23
1786946356.670672339	33	0	188	41	0	23
1786946356.791772848	33	0	188	41	0	23
1786946356.917028139	33	0	188	41	0	23
1786946357.038039935	33	0	188	41	0	23
1786946357.162615084	33	0	188	41	0	23
1786946357.287289819	33	0	188	41	0	23
1786946357.408548530	33	0	188	41	0	23
1786946357.529957802	33	0	188	41	0	23
1786946357.655623515	33	0	188	41	0	23
1786946357.777418519	33	0	188	41	0	23
1786946357.905460831	33	0	188	41	0	23
1786946358.041555565	33	0	188	41	0	23
1786946358.162150758	33	0	188	41	0	23
1786946358.289323649	33	0	188	41	0	23
1786946358.410575811	33	0	188	41	0	23
1786946358.535425068	33	0	188	41	0	23
1786946358.656507408	33	0	188	41	0	23
1786946358.787234553	33	0	188	41	0	23
1786946358.910205365	33	0	188	41	0	23
1786946359.031584604	33	0	188	41	0	23
1786946359.152816543	33	0	188	41	0	23
1786946359.274488827	33	0	188	41	0	23
1786946359.400072264	33	0	188	41	0	23
1786946359.521546791	33	0	188	41	0	23
1786946359.642496444	33	0	188	41	0	23
1786946359.763976468	33	0	188	41	0	23
1786946359.888786081	33	0	188	41	0	23
1786946360.017257195	33	0	188	41	0	23
1786946360.138523826	33	0	188	41	0	23
1786946360.267656696	33	0	188	41	0	23
1786946360.392787705	33	0	188	41	0	23
1786946360.514552401	33	0	188	41	0	23
1786946360.635669170	33	0	188	41	0	23
1786946360.760511156	33	0	188	41	0	23
1786946360.881734993	33	0	188	41	0	23
1786946361.003694725	33	0	188	41	0	23
1786946361.124956258	33	0	188	41	0	23
1786946361.246553780	33	0	188	41	0	23
1786946361.368161850	33	0	188	41	0	23
1786946361.489263031	33	0	188	41	0	23
1786946361.610911564	33	0	188	41	0	23
1786946361.731707982	33	0	188	41	0	23
1786946361.853075703	33	0	188	41	0	23
1786946361.977851880	33	0	188	41	0	23
1786946362.099347301	33	0	188	41	0	23
1786946362.224498731	33	0	188	41	0	23
1786946362.349371640	33	0	188	41	0	23
1786946362.474003891	33	0	188	41	0	23
1786946362.598242953	33	0	188	41	0	23
1786946362.720020665	33	0	188	41	0	23
1786946362.848622617	33	0	188	41	0	23
1786946362.973563916	33	0	188	41	0	23
1786946363.102903785	33	0	188	41	0	23
1786946363.224075781	33	0	188	41	0	23
1786946363.348913716	33	2304	188	41	0	23
1786946363.473433710	33	0	188	41	0	23
1786946363.594805793	33	0	188	41	0	23
1786946363.716041743	33	0	188	41	0	23
1786946363.844460113	33	0	188	41	0	23
1786946363.969389678	33	0	188	41	0	23
1786946364.091220048	33	0	188	41	0	23
1786946364.212165607	33	0	188	41	0	23
1786946364.336654728	33	0	188	41	0	23
1786946364.457803814	33	0	188	41	0	23
1786946364.579497217	33	0	188	41	0	23
1786946364.700719530	33	0	188	41	0	23
1786946364.829465491	33	0	188	41	0	23
1786946364.951179671	33	0	188	41	0	23
1786946365.074442881	33	0	188	41	0	23
1786946365.205783933	33	0	188	41	0	23
1786946365.334254176	33	0	188	41	0	23
1786946365.459419890	33	0	188	41	0	23
1786946365.580691871	33	0	188	41	0	23
1786946365.719750979	33	0	188	41	0	23
1786946365.844818817	33	0	188	41	0	23
1786946365.965549462	33	0	188	41	0	23
1786946366.097990532	33	0	188	41	0	23
1786946366.219182952	33	0	188	41	0	23
1786946366.347804792	33	0	188	41	0	23
1786946366.476413907	33	0	188	41	0	23
1786946366.604173879	33	0	188	41	0	23
1786946366.729010775	33	0	188	41	0	23
1786946366.853968237	33	0	188	41	0	23
1786946366.975717451	33	0	188	41	0	23
1786946367.097497103	33	0	188	41	0	23
1786946367.219254509	33	0	188	41	0	23
1786946367.341005318	33	0	188	41	0	23
1786946367.462288413	33	0	188	41	0	23
1786946367.587163738	33	0	188	41	0	23
1786946367.712199909	33	0	188	41	0	23
1786946367.837628821	33	0	188	41	0	23
1786946367.963751199	33	0	188	41	0	23
1786946368.088862944	33	0	188	41	0	23
1786946368.214585330	33	0	188	41	0	23
1786946368.335742145	33	0	188	41	0	23
1786946368.460613365	33	0	188	41	0	23
1786946368.581779328	33	0	188	41	0	23
1786946368.713600410	33	0	188	41	0	23
1786946368.836088731	33	0	188	41	0	23
1786946368.957715027	33	0	188	41	0	23
1786946369.086705139	33	0	188	41	0	23
1786946369.208683894	33	0	188	41	0	23
1786946369.340512886	33	0	188	41	0	23
1786946369.465620584	33	0	188	41	0	23
1786946369.590948840	33	0	188	41	0	23
1786946369.716420994	33	0	188	41	0	23
1786946369.838487843	33	0	188	41	0	23
1786946369.963635149	33	0	188	41	0	23
1786946370.084715091	33	0	188	41	0	23
1786946370.207017745	33	0	188	41	0	23
1786946370.335792045	33	0	188	41	0	23
1786946370.457084261	33	0	188	41	0	23
1786946370.581922230	33	0	188	41	0	23
1786946370.710680641	33	0	188	41	0	23
1786946370.839664992	33	0	188	41	0	23
1786946370.964806974	33	0	188	41	0	23
1786946371.085884646	33	0	188	41	0	23
1786946371.211392527	33	0	188	41	0	23
1786946371.333518142	33	0	188	41	0	23
1786946371.458512987	33	0	188	41	0	23
1786946371.579601570	33	0	188	41	0	23
1786946371.708188889	33	0	188	41	0	23
1786946371.836411687	33	0	188	41	0	23
1786946371.957761347	33	0	188	41	0	23
1786946372.079347984	33	0	188	41	0	23
1786946372.204358872	33	0	188	41	0	23
1786946372.325656931	33	0	188	41	0	23
1786946372.447153382	33	0	188	41	0	23
1786946372.569072134	33	0	188	41	0	23
1786946372.693975604	33	0	188	41	0	23
1786946372.821926817	33	0	188	41	0	23
1786946372.943131670	33	0	188	41	0	23
1786946373.064619023	33	0	188	41	0	23
1786946373.190024538	33	0	188	41	0	23
1786946373.310848113	33	0	188	41	0	23
1786946373.435911548	33	0	188	41	0	23
1786946373.557711542	33	0	188	41	0	23
1786946373.678794717	33	0	188	41	0	23
1786946373.804418861	33	0	188	41	0	23
1786946373.925441019	33	0	188	41	0	23
1786946374.049672927	33	0	188	41	0	23
1786946374.171121989	33	0	188	41	0	23
1786946374.292681966	33	0	188	41	0	23
1786946374.421396439	33	0	188	41	0	23
1786946374.542869772	33	0	188	41	0	23
1786946374.663858518	33	0	188	41	0	23
1786946374.789037921	33	0	188	41	0	23
1786946374.913279977	33	0	188	41	0	23
1786946375.034961378	33	0	188	41	0	23
1786946375.156066541	33	0	188	41	0	23
1786946375.277555752	33	0	188	41	0	23
1786946375.398958074	33	0	188	41	0	23
1786946375.519878134	33	0	188	41	2304	23
1786946375.645245250	33	0	188	41	0	23
1786946375.769714380	33	0	188	41	0	23
1786946375.890712417	33	0	188	41	0	23
1786946376.020140840	33	0	188	41	0	23
1786946376.149709481	33	0	188	41	0	23
1786946376.270761290	33	0	188	41	0	23
1786946376.392078229	33	0	188	41	0	23
1786946376.513525802	33	0	188	41	0	23
1786946376.640228702	33	0	188	41	0	23
1786946376.776086439	33	0	188	41	0	23
1786946376.901485351	33	0	188	41	0	23
1786946377.026644096	33	0	188	41	0	23
1786946377.147834388	33	0	188	41	0	23
1786946377.272216559	33	0	188	41	0	23
1786946377.401884123	33	0	188	41	0	23
1786946377.526286367	33	0	188	41	0	23
1786946377.650540717	33	0	188	41	0	23
1786946377.771749044	33	0	188	41	0	23
1786946377.897867797	33	0	188	41	0	23
1786946378.019450266	33	0	188	41	0	23
1786946378.140632388	33	0	188	41	0	23
1786946378.263127171	33	0	188	41	0	23
1786946378.388513240	33	0	188	41	0	23
1786946378.513249095	33	0	188	41	0	23
1786946378.634863557	33	0	188	41	0	23
1786946378.756277839	33	0	188	41	0	23
1786946378.886939972	33	0	188	41	0	23
1786946379.008015253	33	0	188	41	0	23
1786946379.129099867	33	0	188	41	0	23
1786946379.250737163	33	0	188	41	0	23
1786946379.371810899	33	0	188	41	0	23
1786946379.497865943	33	0	188	41	0	23
1786946379.619101340	33	0	188	41	0	23
1786946379.748677957	33	0	188	41	0	23
1786946379.878284475	33	0	188	41	0	23
1786946379.999312806	33	0	188	41	0	23
1786946380.120402108	33	0	188	41	0	23
1786946380.249273739	33	0	188	41	0	23
1786946380.378866317	33	0	188	41	0	23
1786946380.503108014	33	0	188	41	0	23
1786946380.631523468	33	0	188	41	0	23
1786946380.752781140	33	0	188	41	0	23
1786946380.874382537	33	0	188	41	0	23
1786946381.002614029	33	0	188	41	0	23
1786946381.131407616	33	0	188	41	0	23
1786946381.253217571	33	0	188	41	0	23
1786946381.382841808	33	0	188	41	0	23
1786946381.504357878	33	0	188	41	0	23
1786946381.625614686	33	0	188	41	0	23
1786946381.750808163	33	0	188	41	0	23
1786946381.871872518	33	0	188	41	0	23
1786946381.993451137	33	0	188	41	0	23
1786946382.115018952	33	0	188	41	0	23
1786946382.236611567	33	0	188	41	0	23
1786946382.357901604	33	0	188	41	0	23
1786946382.479414440	33	0	188	41	0	23
1786946382.601098118	33	0	188	41	0	23
1786946382.725919325	33	0	188	41	0	23
1786946382.855150559	33	0	188	41	0	23
1786946382.976367899	33	0	188	41	0	23
1786946383.103900935	33	0	188	41	0	23
1786946383.228978821	33	0	188	41	0	23
1786946383.350466298	33	0	188	41	0	23
1786946383.486204716	33	0	188	41	0	23
1786946383.607472009	33	0	188	41	0	23
1786946383.728731264	33	0	188	41	0	23
1786946383.850556664	33	0	188	41	0	23
1786946383.975128716	33	0	188	41	0	23
1786946384.107353003	33	0	188	41	0	23
1786946384.237422949	33	0	188	41	0	23
1786946384.358640093	33	0	188	41	0	23
1786946384.479702091	33	0	188	41	0	23
1786946384.610812367	33	0	188	41	0	23
1786946384.735169901	33	0	188	41	0	23
1786946384.859920735	33	0	188	41	0	23
1786946384.984664125	33	0	188	41	0	23
1786946385.106012815	33	0	188	41	0	23
1786946385.228286902	33	0	188	41	0	23
1786946385.359484884	33	0	188	41	0	23
1786946385.484038181	33	0	188	41	0	23
1786946385.608693070	33	0	188	41	0	23
1786946385.729672748	33	0	188	41	0	23
1786946385.851437049	33	2304	188	41	0	23
1786946385.975869301	33	0	188	41	0	23
1786946386.096806036	33	0	188	41	0	23
1786946386.218312044	33	0	188	41	0	23
1786946386.339913346	33	0	188	41	0	23
1786946386.460814729	33	0	188	41	0	23
1786946386.582325467	33	0	188	41	0	23
1786946386.703244266	33	0	188	41	0	23
1786946386.824796337	33	0	188	41	0	23
1786946386.945582413	33	0	188	41	0	23
1786946387.066814856	33	0	188	41	0	23
1786946387.191696130	33	0	188	41	0	23
1786946387.313259007	33	0	188	41	0	23
1786946387.434230286	33	0	188	41	0	23
1786946387.559082489	33	0	188	41	0	23
1786946387.680710067	33	0	188	41	0	23
1786946387.801744359	33	0	188	41	0	23
1786946387.933834840	33	0	188	41	0	23
1786946388.058646868	33	0	188	41	0	23
1786946388.190909731	33	0	188	41	0	23
1786946388.311970173	33	0	188	41	0	23
1786946388.436736010	33	0	188	41	0	23
1786946388.557877366	33	0	188	41	0	23
1786946388.679491327	33	0	188	41	0	23
1786946388.800388315	33	0	188	41	0	23
1786946388.922291505	33	0	188	41	0	23
1786946389.044915096	33	0	188	41	0	23
1786946389.166142726	33	0	188	41	0	23
1786946389.291060954	33	0	188	41	0	23
1786946389.415848604	33	0	188	41	0	23
1786946389.540637835	33	0	188	41	0	23
1786946389.676816969	33	0	188	41	0	23
1786946389.798030835	33	0	188	41	0	23
1786946389.922881788	33	0	188	41	0	23
1786946390.043902445	33	0	188	41	0	23
1786946390.168738509	33	0	188	41	0	23
1786946390.289842902	33	0	188	41	0	23
1786946390.411324245	33	0	188	41	0	23
1786946390.545940899	33	0	188	41	0	23
1786946390.667126620	33	0	188	41	0	23
1786946390.788782474	33	0	188	41	0	23
1786946390.920085249	33	0	188	41	0	23
1786946391.045229962	33	0	188	41	0	23
1786946391.166575599	33	0	188	41	0	23
1786946391.287933502	33	0	188	41	0	23
1786946391.412556027	33	0	188	41	0	23
1786946391.537823108	33	0	188	41	0	23
1786946391.665765722	33	0	188	41	0	23
1786946391.787231226	33	0	188	41	0	23
1786946391.911633252	33	0	188	41	0	23
1786946392.040562800	33	0	188	41	0	23
1786946392.171981251	33	0	188	41	0	23
1786946392.296870629	33	0	188	41	0	23
1786946392.421924711	33	0	188	41	0	23
1786946392.543329678	33	0	188	41	0	23
1786946392.664659829	33	0	188	41	0	23
1786946392.790007837	33	0	188	41	0	23
1786946392.914801575	33	0	188	41	0	23
1786946393.036083310	33	0	188	41	0	23
1786946393.164691272	33	0	188	41	0	23
1786946393.289826303	33	0	188	41	0	23
1786946393.418723001	33	0	188	41	0	23
1786946393.546593999	33	0	188	41	0	23
1786946393.667619374	33	0	188	41	0	23
1786946393.794993482	33	0	188	41	0	23
1786946393.920691243	33	0	188	41	0	23
1786946394.045678098	33	0	188	41	0	23
1786946394.173075914	33	0	188	41	0	23
1786946394.294795562	33	0	188	41	0	23
1786946394.415957439	33	0	188	41	0	23
1786946394.541892460	33	0	188	41	0	23
1786946394.663049096	33	0	188	41	0	23
1786946394.784330502	33	0	188	41	0	23
1786946394.906336848	33	0	188	41	0	23
1786946395.028004862	33	0	188	41	0	23
1786946395.149335546	33	0	188	41	0	23
1786946395.270690376	33	0	188	41	0	23
1786946395.391782119	33	0	188	41	0	23
1786946395.516721156	33	0	188	41	0	23
1786946395.642017351	33	0	188	41	0	23
1786946395.763865108	33	0	188	41	0	23
1786946395.885148466	33	0	188	41	0	23
1786946396.006207795	33	0	188	41	0	23
1786946396.131976527	33	0	188	41	0	23
1786946396.253477849	33	0	188	41	0	23
1786946396.374745889	33	0	188	41	0	23
1786946396.496275894	33	0	188	41	0	23
1786946396.617718069	33	0	188	41	0	23
1786946396.739642340	33	0	188	41	0	23
1786946396.860762244	33	0	188	41	0	23
1786946396.982678428	33	0	188	41	0	23
1786946397.107771271	33	0	188	41	0	23
1786946397.229061061	33	0	188	41	0	23
1786946397.351079071	33	0	188	41	0	23
1786946397.476440053	33	0	188	41	0	23
1786946397.601641711	33	0	188	41	0	23
1786946397.727203671	33	0	188	41	0	23
1786946397.848386433	33	0	188	41	0	23
1786946397.973319902	33	0	188	41	0	23
1786946398.095110370	33	0	188	41	0	23
1786946398.224393310	33	0	188	41	0	23
1786946398.345484799	33	0	188	41	0	23
1786946398.467225600	33	0	188	41	0	23
1786946398.592482046	33	0	188	41	0	23
1786946398.724754919	33	0	188	41	0	23
1786946398.850774355	33	0	188	41	0	23
1786946398.975968399	33	0	188	41	0	23
1786946399.096975653	33	0	188	41	0	23
1786946399.222830064	33	0	188	41	0	23
1786946399.344018705	33	0	188	41	0	23
1786946399.465518393	33	0	188	41	0	23
1786946399.598171531	33	0	188	41	0	23
1786946399.722678366	33	0	188	41	0	23
1786946399.844181646	33	0	188	41	0	23
1786946399.964937906	33	0	188	41	0	23
1786946400.091109447	33	0	188	41	0	23
1786946400.216375157	33	0	188	41	0	23
1786946400.352803454	33	0	188	41	0	23
1786946400.473860336	33	0	188	41	0	23
1786946400.595417622	33	0	188	41	0	23
1786946400.716560478	33	0	188	41	0	23
1786946400.839157510	33	0	188	41	0	23
1786946400.964505721	33	0	188	41	0	23
1786946401.086175277	33	0	188	41	0	23
1786946401.207667685	33	0	188	41	0	23
1786946401.338151620	33	0	188	41	0	23
1786946401.459244897	33	0	188	41	0	23
1786946401.584467074	33	0	188	41	0	23
1786946401.705782257	33	0	188	41	0	23
1786946401.827358947	33	0	188	41	0	23
1786946401.953979099	33	0	188	41	0	23
1786946402.079592783	33	0	188	41	0	23
1786946402.203517975	33	0	188	41	0	23
1786946402.336216094	33	0	188	41	0	23
1786946402.465160578	33	0	188	41	0	23
1786946402.589564515	33	0	188	41	0	23
1786946402.717754697	33	0	188	41	0	23
1786946402.839079163	33	0	188	41	0	23
1786946402.960632225	33	0	188	41	0	23
1786946403.086185624	33	0	188	41	0	23
1786946403.215227549	33	0	188	41	0	23
1786946403.348282955	33	0	188	41	0	23
1786946403.473576993	33	0	188	41	0	23
1786946403.594298341	33	0	188	41	0	23
1786946403.723200992	33	0	188	41	0	23
1786946403.847448818	33	0	188	41	0	23
1786946403.976468285	33	0	188	41	0	23
1786946404.106218005	33	0	188	41	0	23
1786946404.227779628	33	0	188	41	0	23
1786946404.349397577	33	0	188	41	0	23
1786946404.470435559	33	0	188	41	0	23
1786946404.599230934	33	0	188	41	0	23
1786946404.727545710	33	0	188	41	0	23
1786946404.856186149	33	0	188	41	0	23
1786946404.977115546	33	0	188	41	0	23
1786946405.102564887	33	0	188	41	0	23
1786946405.231126845	33	0	188	41	0	23
1786946405.352601915	33	0	188	41	0	23
1786946405.473618036	33	0	188	41	0	23
1786946405.598050595	33	0	188	41	0	23
1786946405.726950577	33	0	188	41	0	23
1786946405.848150896	33	0	188	41	0	23
1786946405.969199712	33	0	188	41	0	23
1786946406.090243354	33	0	188	41	0	23
1786946406.211391567	33	0	188	41	2304	23
1786946406.332461080	33	0	188	41	0	23
1786946406.454374939	33	0	188	41	0	23
1786946406.583475858	33	0	188	41	0	23
1786946406.710965169	33	0	188	41	0	23
1786946406.832150361	33	0	188	41	0	23
1786946406.954558363	33	0	188	41	0	23
1786946407.079180149	33	0	188	41	0	23
1786946407.200408934	33	0	188	41	0	23
1786946407.321860946	33	0	188	41	0	23
1786946407.443331945	33	0	188	41	0	23
1786946407.584230834	33	2304	188	41	0	23
1786946407.711729406	33	0	188	41	0	23
1786946407.836000325	33	0	188	41	0	23
1786946407.957027581	33	0	188	41	0	23
1786946408.078627511	33	0	188	41	0	23
1786946408.199867212	33	0	188	41	0	23
1786946408.321648901	33	0	188	41	0	23
1786946408.442982205	33	0	188	41	0	23
1786946408.564312302	33	0	188	41	0	23
1786946408.686124890	33	0	188	41	0	23
1786946408.807640997	33	0	188	41	0	23
1786946408.935817742	33	0	188	41	0	23
1786946409.057013518	33	0	188	41	0	23
1786946409.181115440	33	0	188	41	0	23
1786946409.302341064	33	0	188	41	0	23
1786946409.423720770	33	0	188	41	0	23
1786946409.545069521	33	0	188	41	0	23
1786946409.672931659	33	0	188	41	0	23
1786946409.793963147	33	0	188	41	0	23
1786946409.921850556	33	0	188	41	0	23
1786946410.042964646	33	2304	188	41	0	23
1786946410.167795036	33	0	188	41	0	23
1786946410.288434130	33	0	188	41	0	23
1786946410.413235073	33	0	188	41	0	23
1786946410.537938713	33	0	188	41	0	23
1786946410.659008407	33	0	188	41	0	23
1786946410.780674385	33	0	188	41	0	23
1786946410.902296675	33	0	188	41	0	23
1786946411.030215595	33	0	188	41	0	23
1786946411.165975267	33	0	188	41	0	23
1786946411.294276806	33	0	188	41	0	23
1786946411.422826601	33	0	188	41	0	23
1786946411.544006646	33	0	188	41	0	23
1786946411.665129035	33	0	188	41	0	23
1786946411.789918056	33	0	188	41	0	23
1786946411.910981638	33	0	188	41	0	23
1786946412.035628148	33	0	188	41	0	23
1786946412.160441929	33	0	188	41	0	23
1786946412.282131471	33	0	188	41	0	23
1786946412.403014247	33	0	188	41	0	23
1786946412.527962982	33	0	188	41	0	23
1786946412.649613710	33	0	188	41	0	23
1786946412.770745090	33	0	188	41	0	23
1786946412.892069744	33	0	188	41	0	23
1786946413.013884106	33	0	188	41	0	23
1786946413.141523243	33	0	188	41	0	23
1786946413.276231115	33	0	188	41	0	23
1786946413.408187589	33	0	188	41	0	23
1786946413.532920323	33	0	188	41	0	23
1786946413.653940751	33	0	188	41	0	23
1786946413.781928692	33	0	188	41	0	23
1786946413.902817809	33	0	188	41	0	23
1786946414.024026526	33	0	188	41	0	23
1786946414.149214326	33	0	188	41	0	23
1786946414.277347728	33	0	188	41	0	23
1786946414.402269006	33	0	188	41	0	23
1786946414.523820336	33	0	188	41	0	23
1786946414.645041480	33	0	188	41	0	23
1786946414.772925083	33	0	188	41	0	23
1786946414.893896963	33	0	188	41	0	23
1786946415.015414670	33	0	188	41	0	23
1786946415.143638122	33	0	188	41	0	23
1786946415.272605943	33	2304	188	41	0	23
1786946415.400700856	33	0	188	41	0	23
1786946415.522153708	33	0	188	41	0	23
1786946415.643223903	33	0	188	41	0	23
1786946415.775109348	33	0	188	41	0	23
1786946415.896950850	33	0	188	41	0	23
1786946416.018051839	33	0	188	41	0	23
1786946416.139687692	33	0	188	41	0	23
1786946416.261192875	33	0	188	41	0	23
1786946416.390373783	33	0	188	41	0	23
1786946416.511550651	33	0	188	41	0	23
1786946416.632734890	33	0	188	41	0	23
1786946416.757763325	33	0	188	41	0	23
1786946416.878977990	33	0	188	41	0	23
1786946417.005277774	33	0	188	41	0	23
1786946417.126311310	33	0	188	41	0	23
1786946417.251995555	33	0	188	41	0	23
1786946417.383627067	33	0	188	41	0	23
1786946417.512437226	33	0	188	41	0	23
1786946417.633634961	33	0	188	41	0	23
1786946417.754949756	33	0	188	41	0	23
1786946417.876451213	33	0	188	41	0	23
1786946417.998004862	33	0	188	41	0	23
1786946418.126763297	33	0	188	41	0	23
1786946418.248263365	33	0	188	41	0	23
1786946418.376212624	33	0	188	41	0	23
1786946418.497329437	33	0	188	41	0	23
1786946418.619004997	33	0	188	41	0	23
1786946418.744926191	33	0	188	41	0	23
1786946418.873009200	33	0	188	41	0	23
1786946419.005516381	33	0	188	41	0	23
1786946419.126636834	33	0	188	41	0	23
1786946419.247761761	33	0	188	41	0	23
1786946419.369399800	33	0	188	41	0	23
1786946419.497519921	33	0	188	41	0	23
1786946419.619047747	33	0	188	41	0	23
1786946419.743992844	33	0	188	41	0	23
1786946419.869095847	33	0	188	41	0	23
1786946419.990822108	33	0	188	41	0	23
1786946420.112312705	33	0	188	41	0	23
1786946420.233715979	33	0	188	41	0	23
1786946420.355386875	33	0	188	41	0	23
1786946420.480611304	33	0	188	41	0	23
1786946420.602247758	33	0	188	41	0	23
1786946420.734692295	33	0	188	41	0	23
1786946420.859654432	33	0	188	41	0	23
1786946420.980380373	33	0	188	41	0	23
1786946421.106502639	33	0	188	41	0	23
1786946421.227425805	33	0	188	41	0	23
1786946421.355917241	33	0	188	41	0	23
1786946421.495565412	33	0	188	41	0	23
1786946421.617295286	33	0	188	41	0	23
1786946421.740213298	33	0	188	41	0	23
1786946421.861370980	33	0	188	41	0	23
1786946421.985377538	33	0	188	41	0	23
1786946422.107439805	33	0	188	41	0	23
1786946422.247680340	33	0	188	41	0	23
1786946422.376355581	33	0	188	41	0	23
1786946422.504068241	33	0	188	41	0	23
1786946422.638743301	33	0	188	41	0	23
1786946422.771500355	33	0	188	41	0	23
1786946422.893378359	33	0	188	41	0	23
1786946423.018881281	33	0	188	41	0	23
1786946423.139974910	33	0	188	41	0	23
1786946423.265780701	33	0	188	41	0	23
1786946423.390715568	33	0	188	41	0	23
1786946423.526330937	33	0	188	41	0	23
1786946423.655500724	33	0	188	41	0	23
1786946423.784178425	33	0	188	41	0	23
1786946423.912188182	33	0	188	41	0	23
1786946424.038013746	33	0	188	41	0	23
1786946424.175169585	33	0	188	41	0	23
1786946424.303743491	33	0	188	41	0	23
1786946424.424955943	33	0	188	41	0	23
1786946424.546551191	33	0	188	41	0	23
1786946424.682445165	33	0	188	41	0	23
1786946424.814939758	33	0	188	41	0	23
1786946424.936604095	33	0	188	41	0	23
1786946425.058023912	33	0	188	41	0	23
1786946425.179752896	33	0	188	41	0	23
1786946425.309536582	33	0	188	41	0	23
1786946425.430451885	33	0	188	41	0	23
1786946425.559363019	33	0	188	41	0	23
1786946425.681345164	33	0	188	41	0	23
1786946425.820326642	33	0	188	41	0	23
1786946425.942590890	33	0	188	41	0	23
1786946426.063711424	33	0	188	41	0	23
1786946426.193533949	33	0	188	41	0	23
1786946426.315095447	33	0	188	41	0	23
1786946426.436724538	33	0	188	41	0	23
1786946426.562785409	33	0	188	41	0	23
1786946426.688402901	33	0	188	41	0	23
1786946426.809755211	33	0	188	41	0	23
1786946426.933183428	33	0	188	41	0	23
1786946427.054298396	33	0	188	41	0	23
1786946427.175696986	33	0	188	41	0	23
1786946427.297460133	33	0	188	41	0	23
1786946427.419320881	33	0	188	41	0	23
1786946427.548071492	33	0	188	41	0	23
1786946427.669390607	33	0	188	41	0	23
1786946427.790723138	33	0	188	41	0	23
1786946427.911917629	33	0	188	41	0	23
1786946428.036218766	33	0	188	41	0	23
1786946428.158021112	33	0	188	41	0	23
1786946428.290272375	33	0	188	41	0	23
1786946428.411839315	33	0	188	41	0	23
1786946428.536201758	33	0	188	41	0	23
1786946428.661135834	33	0	188	41	0	23
1786946428.785853625	33	0	188	41	0	23
1786946428.924570332	33	0	188	41	0	23
1786946429.048089981	33	0	188	41	0	23
1786946429.175904345	33	0	188	41	0	23
1786946429.297180512	33	0	188	41	0	23
1786946429.421947336	33	0	188	41	0	23
1786946429.543624644	33	0	188	41	0	23
1786946429.666919070	33	0	188	41	0	23
1786946429.800946909	33	0	188	41	0	23
1786946429.928082751	33	0	188	41	2304	23
1786946430.049842837	33	0	188	41	0	23
1786946430.170135039	33	0	188	41	0	23
1786946430.291758853	33	0	188	41	0	23
1786946430.415249769	33	0	188	41	0	23
1786946430.536966840	33	0	188	41	0	23
1786946430.658063126	33	0	188	41	0	23
1786946430.779647077	33	0	188	41	0	23
1786946430.908083657	33	0	188	41	0	23
1786946431.029209576	33	0	188	41	0	23
1786946431.157559792	33	0	188	41	0	23
1786946431.282178167	33	0	188	41	0	23
1786946431.407205148	33	0	188	41	0	23
1786946431.538264152	33	0	188	41	0	23
1786946431.666042631	33	0	188	41	0	23
1786946431.787626400	33	0	188	41	0	23
1786946431.914794770	33	0	188	41	0	23
1786946432.036074537	33	0	188	41	0	23
1786946432.158391661	33	0	188	41	0	23
1786946432.279582452	33	0	188	41	0	23
1786946432.401008038	33	0	188	41	0	23
1786946432.525967436	33	0	188	41	0	23
1786946432.647211673	33	0	188	41	0	23
1786946432.769065513	33	0	188	41	0	23
1786946432.893874689	33	0	188	41	0	23
1786946433.019059895	33	0	188	41	0	23
1786946433.144032106	33	0	188	41	0	23
1786946433.265309439	33	0	188	41	0	23
1786946433.386886334	33	0	188	41	0	23
1786946433.508384261	33	0	188	41	0	23
1786946433.630193694	33	0	188	41	0	23
1786946433.755207694	33	0	188	41	0	23
1786946433.883031865	33	0	188	41	0	23
1786946434.004628155	33	0	188	41	0	23
1786946434.125789042	33	0	188	41	0	23
1786946434.247006365	33	0	188	41	0	23
1786946434.368560569	33	0	188	41	0	23
1786946434.490395828	33	0	188	41	0	23
1786946434.611660953	33	0	188	41	0	23
1786946434.733569036	33	0	188	41	0	23
1786946434.856394090	33	0	188	41	0	23
1786946434.978640621	33	0	188	41	0	23
1786946435.100646390	33	0	188	41	0	23
1786946435.227383327	33	0	188	41	0	23
1786946435.351201017	33	0	188	41	0	23
1786946435.487919691	33	0	188	41	0	23
1786946435.616275638	33	0	188	41	0	23
1786946435.744665436	33	0	188	41	0	23
1786946435.866559233	33	0	188	41	0	23
1786946435.987734569	33	0	188	41	0	23
1786946436.112651109	33	0	188	41	0	23
1786946436.240751617	33	0	188	41	0	23
1786946436.370863803	33	0	188	41	0	23
1786946436.493516715	33	0	188	41	0	23
1786946436.616170343	33	0	188	41	0	23
1786946436.737917225	33	0	188	41	0	23
1786946436.865831178	33	0	188	41	0	23
1786946436.990465758	33	0	188	41	0	23
1786946437.112589108	33	0	188	41	0	23
1786946437.240713117	33	0	188	41	0	23
1786946437.361812774	33	0	188	41	0	23
1786946437.484417038	33	0	188	41	0	23
1786946437.623232117	33	0	188	41	0	23
1786946437.751713600	33	0	188	41	0	23
1786946437.879689440	33	0	188	41	0	23
1786946438.004578910	33	0	188	41	0	23
1786946438.125840565	33	0	188	41	0	23
1786946438.247600698	33	0	188	41	0	23
1786946438.369273317	33	0	188	41	0	23
1786946438.496839135	33	0	188	41	0	23
1786946438.618137820	33	0	188	41	0	23
1786946438.739851268	33	0	188	41	0	23
1786946438.861139049	33	0	188	41	0	23
1786946438.982313786	33	0	188	41	0	23
1786946439.107882043	33	0	188	41	0	23
1786946439.233044362	33	0	188	41	0	23
1786946439.361073765	33	0	188	41	0	23
1786946439.495145644	33	0	188	41	0	23
1786946439.620457292	33	0	188	41	0	23
1786946439.743411159	33	0	188	41	0	23
1786946439.871530836	33	0	188	41	0	23
1786946439.996766363	33	0	188	41	0	23
1786946440.121955937	33	0	188	41	0	23
1786946440.250658866	33	0	188	41	0	23
1786946440.374735827	33	0	188	41	0	23
1786946440.496119204	33	0	188	41	0	23
1786946440.617632839	33	0	188	41	0	23
1786946440.743346273	33	0	188	41	0	23
1786946440.875401037	33	0	188	41	0	23
1786946440.996644789	33	0	188	41	0	23
1786946441.118014842	33	0	188	41	0	23
1786946441.243514722	33	0	188	41	0	23
1786946441.373401015	33	0	188	41	0	23
1786946441.501876326	33	0	188	41	0	23
1786946441.627170934	33	0	188	41	0	23
1786946441.750475964	33	0	188	41	0	23
1786946441.878564773	33	0	188	41	0	23
1786946442.004066614	33	0	188	41	0	23
1786946442.125090947	33	0	188	41	0	23
1786946442.246652059	33	0	188	41	0	23
1786946442.368411167	33	0	188	41	0	23
1786946442.496671838	33	0	188	41	0	23
1786946442.618515712	33	0	188	41	0	23
1786946442.740198496	33	0	188	41	0	23
1786946442.861665695	33	0	188	41	0	23
1786946442.987408634	33	0	188	41	0	23
1786946443.116327662	33	0	188	41	0	23
1786946443.241865652	33	0	188	41	0	23
1786946443.377344330	33	0	188	41	0	23
1786946443.506088293	33	0	188	41	0	23
1786946443.632467665	33	0	188	41	0	23
1786946443.754028895	33	0	188	41	0	23
1786946443.879501704	33	0	188	41	0	23
1786946444.004956176	33	0	188	41	0	23
1786946444.134475403	33	0	188	41	0	23
1786946444.255776000	33	0	188	41	0	23
1786946444.381079774	33	0	188	41	0	23
1786946444.502457101	33	0	188	41	0	23
1786946444.623618570	33	0	188	41	0	23
1786946444.749781901	33	0	188	41	0	23
1786946444.870737872	33	0	188	41	0	23
1786946444.991890020	33	0	188	41	0	23
1786946445.113238221	33	0	188	41	0	23
1786946445.239535762	33	0	188	41	0	23
1786946445.368245625	33	0	188	41	0	23
1786946445.489302686	33	0	188	41	0	23
1786946445.610893478	33	0	188	41	0	23
1786946445.739227101	33	0	188	41	0	23
1786946445.860343710	33	0	188	41	0	23
1786946445.981468303	33	2304	188	41	0	23
1786946446.109951953	33	0	188	41	0	23
1786946446.235107043	33	0	188	41	0	23
1786946446.363599329	33	0	188	41	0	23
1786946446.485111061	33	0	188	41	0	23
1786946446.610792377	33	0	188	41	0	23
1786946446.742613145	33	0	188	41	0	23
1786946446.878464907	33	0	188	41	0	23
1786946447.003826419	33	0	188	41	0	23
1786946447.128176810	33	0	188	41	0	23
1786946447.249331667	33	0	188	41	0	23
1786946447.373631999	33	0	188	41	0	23
1786946447.496064805	33	0	188	41	0	23
1786946447.623665683	33	0	188	41	0	23
1786946447.756411163	33	0	188	41	0	23
1786946447.877791305	33	0	188	41	0	23
1786946448.002496795	33	0	188	41	0	23
1786946448.132157157	33	0	188	41	0	23
1786946448.253424495	33	0	188	41	0	23
1786946448.374460958	33	0	188	41	0	23
1786946448.510237325	33	0	188	41	0	23
1786946448.637042473	33	0	188	41	0	23
1786946448.764895580	33	0	188	41	0	23
1786946448.896536048	33	0	188	41	0	23
1786946449.018127448	33	0	188	41	0	23
1786946449.143314875	33	0	188	41	0	23
1786946449.268375683	33	0	188	41	0	23
1786946449.398230981	33	0	188	41	0	23
1786946449.519534906	33	0	188	41	0	23
1786946449.648403677	33	0	188	41	0	23
1786946449.773176974	33	0	188	41	0	23
1786946449.897847928	33	0	188	41	0	23
1786946450.019346284	33	0	188	41	0	23
1786946450.140508031	33	0	188	41	0	23
1786946450.261823362	33	0	188	41	0	23
1786946450.386503871	33	0	188	41	0	23
1786946450.507945272	33	0	188	41	0	23
1786946450.629526497	33	0	188	41	0	23
1786946450.751416100	33	0	188	41	0	23
1786946450.872989087	33	0	188	41	0	23
1786946450.997147461	33	0	188	41	0	23
1786946451.118332301	33	0	188	41	0	23
1786946451.243160125	33	0	188	41	0	23
1786946451.367702877	33	0	188	41	0	23
1786946451.489029249	33	0	188	41	0	23
1786946451.610259121	33	0	188	41	0	23
1786946451.736105925	33	0	188	41	0	23
1786946451.860732992	33	0	188	41	0	23
1786946451.984960135	33	0	188	41	0	23
1786946452.106299305	33	0	188	41	0	23
1786946452.233751237	33	0	188	41	0	23
1786946452.358144949	33	0	188	41	0	23
1786946452.489204410	33	0	188	41	0	23
1786946452.610614093	33	0	188	41	0	23
1786946452.744368765	33	0	188	41	0	23
1786946452.869031714	33	0	188	41	0	23
1786946452.990173493	33	0	188	41	0	23
1786946453.111601719	33	0	188	41	0	23
1786946453.232817551	33	0	188	41	0	23
1786946453.364118592	33	0	188	41	0	23
1786946453.485137503	33	0	188	41	0	23
1786946453.606719928	33	0	188	41	0	23
1786946453.728187915	33	0	188	41	0	23
1786946453.852759319	33	0	188	41	0	23
1786946453.973969163	33	0	188	41	0	23
1786946454.101851249	33	0	188	41	0	23
1786946454.223077270	33	0	188	41	0	23
1786946454.344876989	33	0	188	41	0	23
1786946454.472704969	33	0	188	41	0	23
1786946454.594290335	33	0	188	41	0	23
1786946454.718888125	33	0	188	41	0	23
1786946454.840051768	33	0	188	41	0	23
1786946454.965092295	33	0	188	41	0	23
1786946455.086156686	33	0	188	41	0	23
1786946455.211107074	33	0	188	41	0	23
1786946455.332544361	33	0	188	41	0	23
1786946455.454075554	33	0	188	41	0	23
1786946455.578918196	33	0	188	41	0	23
1786946455.700445490	33	0	188	41	0	23
1786946455.831442499	33	0	188	41	0	23
1786946455.966774774	33	0	188	41	0	23
1786946456.091539703	33	0	188	41	0	23
1786946456.214273797	33	0	188	41	0	23
1786946456.343711136	33	0	188	41	0	23
1786946456.464868917	33	0	188	41	0	23
1786946456.586383120	33	0	188	41	0	23
1786946456.707547597	33	0	188	41	0	23
1786946456.829334365	33	0	188	41	0	23
1786946456.951206500	33	0	188	41	0	23
1786946457.075923329	33	0	188	41	0	23
1786946457.197860166	33	0	188	41	0	23
1786946457.319085802	33	0	188	41	2304	23
1786946457.440784559	33	0	188	41	0	23
1786946457.572983846	33	0	188	41	0	23
1786946457.711614303	33	0	188	41	0	23
1786946457.835956612	33	0	188	41	0	23
1786946457.964350522	33	0	188	41	0	23
1786946458.097132557	33	0	188	41	0	23
1786946458.217774253	33	0	188	41	0	23
1786946458.339246056	33	0	188	41	0	23
1786946458.460718059	33	0	188	41	0	23
1786946458.582688624	33	0	188	41	0	23
1786946458.704280465	33	0	188	41	0	23
1786946458.829332892	33	0	188	41	0	23
1786946458.954212023	33	0	188	41	0	23
1786946459.075385629	33	0	188	41	0	23
1786946459.196576050	33	0	188	41	0	23
1786946459.318036425	33	0	188	41	0	23
1786946459.439778999	33	0	188	41	0	23
1786946459.560678403	33	0	188	41	0	23
1786946459.682640314	33	0	188	41	0	23
1786946459.807876084	33	0	188	41	0	23
1786946459.936412935	33	0	188	41	0	23
1786946460.057723362	33	0	188	41	0	23
1786946460.178519160	33	0	188	41	0	23
1786946460.300504318	33	0	188	41	0	23
1786946460.433119746	33	0	188	41	0	23
1786946460.554546560	33	0	188	41	0	23
1786946460.675724903	33	0	188	41	0	23
1786946460.796769006	33	0	188	41	0	23
1786946460.932063590	33	0	188	41	0	23
1786946461.056834184	33	0	188	41	0	23
1786946461.177824421	33	0	188	41	0	23
1786946461.306929181	33	0	188	41	0	23
1786946461.439530026	33	0	188	41	0	23
1786946461.561221545	33	0	188	41	0	23
1786946461.689426739	33	0	188	41	0	23
1786946461.817533030	33	0	188	41	0	23
1786946461.946617701	33	0	188	41	0	23
1786946462.067545991	33	0	188	41	0	23
1786946462.189041029	33	0	188	41	0	23
1786946462.310810797	33	0	188	41	0	23
1786946462.440022186	33	0	188	41	0	23
1786946462.568106021	33	0	188	41	0	23
1786946462.693225115	33	0	188	41	0	23
1786946462.814658453	33	0	188	41	0	23
1786946462.950365601	33	0	188	41	0	23
1786946463.078131440	33	0	188	41	0	23
1786946463.199813708	33	0	188	41	0	23
1786946463.333687413	33	0	188	41	0	23
1786946463.455349744	33	0	188	41	0	23
1786946463.576736018	33	0	188	41	0	23
1786946463.698479155	33	0	188	41	0	23
1786946463.819662346	33	0	188	41	0	23
1786946463.940882735	33	0	188	41	0	23
1786946464.062497786	33	0	188	41	0	23
1786946464.188212195	33	0	188	41	0	23
1786946464.310333489	33	0	188	41	0	23
1786946464.431670734	33	0	188	41	0	23
1786946464.557493211	33	0	188	41	0	23
1786946464.685797166	33	0	188	41	0	23
1786946464.811283990	33	0	188	41	0	23
1786946464.932455573	33	0	188	41	0	23
1786946465.058742411	33	0	188	41	0	23
1786946465.179606404	33	0	188	41	0	23
1786946465.306456738	33	0	188	41	0	23
1786946465.442436175	33	0	188	41	0	23
1786946465.566346302	33	0	188	41	0	23
1786946465.695543208	33	0	188	41	0	23
1786946465.824528076	33	0	188	41	0	23
1786946465.948540244	33	0	188	41	0	23
1786946466.074216854	33	0	188	41	0	23
1786946466.196165647	33	0	188	41	0	23
1786946466.320644501	33	0	188	41	0	23
1786946466.446545446	33	0	188	41	0	23
1786946466.568015648	33	0	188	41	0	23
1786946466.689470566	33	0	188	41	0	23
1786946466.818265146	33	0	188	41	0	23
1786946466.942885501	33	0	188	41	0	23
1786946467.070804002	33	0	188	41	0	23
1786946467.192055725	33	0	188	41	0	23
1786946467.323231545	33	0	188	41	0	23
1786946467.449076276	33	0	188	41	0	23
1786946467.570137303	33	0	188	41	0	23
1786946467.713512409	33	0	188	41	0	23
1786946467.834905642	33	0	188	41	0	23
1786946467.956704404	33	0	188	41	0	23
1786946468.081378987	33	0	188	41	0	23
1786946468.206393878	33	0	188	41	0	23
1786946468.334999784	33	0	188	41	0	23
1786946468.456867150	33	0	188	41	0	23
1786946468.578491078	33	0	188	41	0	23
1786946468.711417298	33	0	188	41	0	23
1786946468.841079775	33	0	188	41	0	23
1786946468.965176543	33	0	188	41	0	23
1786946469.090546737	33	0	188	41	0	23
1786946469.216406805	33	0	188	41	0	23
1786946469.344194130	33	0	188	41	0	23
1786946469.467443713	33	0	188	41	0	23
1786946469.593052726	33	0	188	41	0	23
1786946469.718197698	33	0	188	41	0	23
1786946469.843396490	33	0	188	41	0	23
1786946469.978021925	33	0	188	41	0	23
1786946470.099000997	33	0	188	41	0	23
1786946470.220374707	33	0	188	41	0	23
1786946470.354917328	33	0	188	41	0	23
1786946470.483368480	33	0	188	41	0	23
1786946470.605048494	33	2304	188	41	0	23
1786946470.726260484	33	0	188	41	0	23
1786946470.848157407	33	0	188	41	0	23
1786946470.969951267	33	0	188	41	0	23
1786946471.094728077	33	0	188	41	0	23
1786946471.220520304	33	0	188	41	0	23
1786946471.345054214	33	0	188	41	0	23
1786946471.466418938	33	0	188	41	0	23
1786946471.591422086	33	0	188	41	0	23
1786946471.715470208	33	0	188	41	0	23
1786946471.836448239	33	0	188	41	0	23
1786946471.957598415	33	0	188	41	0	23
1786946472.086700568	33	0	188	41	0	23
1786946472.211252043	33	0	188	41	0	23
1786946472.332387942	33	0	188	41	0	23
1786946472.457945457	33	0	188	41	0	23
1786946472.582490103	33	0	188	41	0	23
1786946472.709880857	33	0	188	41	0	23
1786946472.834749206	33	0	188	41	0	23
1786946472.956670767	33	0	188	41	0	23
1786946473.077459216	33	0	188	41	0	23
1786946473.199324764	33	0	188	41	0	23
1786946473.321182059	33	0	188	41	0	23
1786946473.443074004	33	0	188	41	0	23
1786946473.564341482	33	0	188	41	0	23
1786946473.686003734	33	0	188	41	0	23
1786946473.807657523	33	0	188	41	0	23
1786946473.928506831	33	0	188	41	0	23
1786946474.050180442	33	0	188	41	0	23
1786946474.173078439	33	0	188	41	0	23
1786946474.306998868	33	0	188	41	0	23
1786946474.428551700	33	0	188	41	0	23
1786946474.549817022	33	0	188	41	0	23
1786946474.671225574	33	0	188	41	0	23
1786946474.792304714	33	0	188	41	0	23
1786946474.914064621	33	0	188	41	0	23
1786946475.042139937	33	0	188	41	0	23
1786946475.166948094	33	0	188	41	0	23
1786946475.298798225	33	0	188	41	0	23
1786946475.419837420	33	0	188	41	0	23
1786946475.540794482	33	0	188	41	0	23
1786946475.662458792	33	0	188	41	0	23
1786946475.793733450	33	0	188	41	0	23
1786946475.918057869	33	0	188	41	0	23
1786946476.043653901	33	0	188	41	0	23
1786946476.164753482	33	0	188	41	0	23
1786946476.292918786	33	0	188	41	0	23
1786946476.413990987	33	0	188	41	0	23
1786946476.541944265	33	0	188	41	0	23
1786946476.663339829	33	0	188	41	0	23
1786946476.784234423	33	0	188	41	0	23
1786946476.909067778	33	0	188	41	0	23
1786946477.030727219	33	0	188	41	0	23
1786946477.151830818	33	0	188	41	0	23
1786946477.272930954	33	0	188	41	0	23
1786946477.394497962	33	0	188	41	0	23
1786946477.518913606	33	0	188	41	0	23
1786946477.640505812	33	2304	188	41	0	23
1786946477.762014400	33	0	188	41	0	23
1786946477.889939892	33	0	188	41	0	23
1786946478.011371485	33	0	188	41	0	23
1786946478.131960904	33	0	188	41	0	23
1786946478.253046111	33	0	188	41	0	23
1786946478.377916058	33	0	188	41	0	23
1786946478.499109635	33	0	188	41	0	23
1786946478.624054736	33	0	188	41	0	23
1786946478.745459525	33	0	188	41	0	23
1786946478.866232638	33	0	188	41	0	23
1786946478.987995541	33	0	188	41	0	23
1786946479.109126247	33	0	188	41	0	23
1786946479.230587854	33	0	188	41	0	23
1786946479.352088083	33	0	188	41	0	23
1786946479.476961557	33	0	188	41	0	23
1786946479.598942410	33	0	188	41	0	23
1786946479.733859536	33	0	188	41	0	23
1786946479.862062600	33	0	188	41	0	23
1786946479.990348291	33	0	188	41	0	23
1786946480.111601034	33	0	188	41	0	23
1786946480.232882444	33	0	188	41	0	23
1786946480.357627530	33	0	188	41	0	23
1786946480.478691365	33	0	188	41	0	23
1786946480.600000238	33	0	188	41	0	23
1786946480.735224512	33	0	188	41	0	23
1786946480.863826814	33	0	188	41	0	23
1786946480.995152813	33	0	188	41	0	23
1786946481.121589989	33	0	188	41	0	23
1786946481.243163742	33	0	188	41	0	23
1786946481.364300614	33	0	188	41	0	23
1786946481.489816495	33	0	188	41	0	23
1786946481.610958406	33	0	188	41	0	23
1786946481.732408491	33	0	188	41	0	23
1786946481.853982962	33	0	188	41	0	23
1786946481.982790232	33	0	188	41	0	23
1786946482.104811100	33	0	188	41	0	23
1786946482.226496482	33	0	188	41	0	23
1786946482.347589518	33	0	188	41	0	23
1786946482.469198190	33	0	188	41	0	23
1786946482.602140584	33	0	188	41	0	23
1786946482.727242641	33	0	188	41	0	23
1786946482.848572506	33	0	188	41	0	23
1786946482.973596919	33	0	188	41	0	23
1786946483.096667817	33	0	188	41	0	23
1786946483.217926824	33	0	188	41	0	23
1786946483.339264098	33	0	188	41	0	23
1786946483.460876935	33	0	188	41	0	23
1786946483.582683449	33	0	188	41	0	23
1786946483.706267730	33	0	188	41	0	23
1786946483.834961081	33	0	188	41	0	23
1786946483.956774131	33	0	188	41	0	23
1786946484.078306847	33	0	188	41	0	23
1786946484.199042645	33	0	188	41	0	23
1786946484.328156530	33	0	188	41	0	23
1786946484.453162734	33	0	188	41	0	23
1786946484.581679824	33	0	188	41	0	23
1786946484.710153260	33	0	188	41	0	23
1786946484.831924076	33	0	188	41	0	23
1786946484.957786064	33	0	188	41	0	23
1786946485.083282238	33	0	188	41	0	23
1786946485.208910280	33	0	188	41	0	23
1786946485.337364192	33	0	188	41	0	23
1786946485.463300966	33	0	188	41	0	23
1786946485.584473573	33	0	188	41	0	23
1786946485.709293723	33	0	188	41	0	23
1786946485.830405883	33	0	188	41	0	23
1786946485.956039776	33	0	188	41	0	23
1786946486.077228567	33	0	188	41	0	23
1786946486.214976103	33	0	188	41	0	23
1786946486.347409819	33	0	188	41	0	23
1786946486.468461547	33	0	188	41	0	23
1786946486.590629669	33	0	188	41	0	23
1786946486.719867912	33	0	188	41	0	23
1786946486.863060349	33	0	188	41	0	23
1786946486.992539247	33	0	188	41	0	23
1786946487.118421558	33	0	188	41	0	23
1786946487.239475323	33	0	188	41	0	23
1786946487.361011085	33	0	188	41	0	23
1786946487.489428875	33	0	188	41	0	23
1786946487.615016685	33	0	188	41	0	23
1786946487.742055125	33	0	188	41	0	23
1786946487.866526665	33	0	188	41	0	23
1786946487.992200322	33	0	188	41	0	23
1786946488.113175662	33	0	188	41	0	23
1786946488.242142272	33	0	188	41	0	23
1786946488.363132441	33	0	188	41	0	23
1786946488.484584032	33	0	188	41	0	23
1786946488.605698265	33	0	188	41	0	23
1786946488.734372918	33	0	188	41	0	23
1786946488.862179461	33	0	188	41	0	23
1786946488.983277994	33	0	188	41	0	23
1786946489.113177943	33	0	188	41	0	23
1786946489.238525310	33	0	188	41	0	23
1786946489.363311565	33	0	188	41	0	23
1786946489.492074202	33	0	188	41	0	23
1786946489.621222229	33	0	188	41	0	23
1786946489.750074771	33	0	188	41	0	23
1786946489.871009732	33	0	188	41	0	23
1786946489.995271254	33	0	188	41	0	23
1786946490.116502855	33	0	188	41	0	23
1786946490.245595593	33	0	188	41	0	23
1786946490.367200047	33	0	188	41	0	23
1786946490.496197198	33	0	188	41	0	23
1786946490.617330501	33	0	188	41	0	23
1786946490.741926928	33	0	188	41	0	23
1786946490.869912705	33	0	188	41	0	23
1786946490.994576416	33	0	188	41	0	23
1786946491.136147468	33	0	188	41	0	23
1786946491.260764335	33	0	188	41	0	23
1786946491.386100090	33	0	188	41	0	23
1786946491.507333350	33	0	188	41	0	23
1786946491.639012060	33	0	188	41	0	23
1786946491.760290722	33	0	188	41	0	23
1786946491.885866470	33	0	188	41	0	23
1786946492.014280050	33	0	188	41	0	23
1786946492.146479879	33	0	188	41	0	23
1786946492.275854211	33	0	188	41	0	23
1786946492.400929304	33	0	188	41	0	23
1786946492.525266000	33	0	188	41	0	23
1786946492.650900222	33	0	188	41	0	23
1786946492.776155982	33	0	188	41	0	23
1786946492.904197292	33	0	188	41	0	23
1786946493.025753415	33	0	188	41	0	23
1786946493.146960468	33	0	188	41	0	23
1786946493.267994204	33	0	188	41	0	23
1786946493.389529655	33	0	188	41	0	23
1786946493.514871817	33	0	188	41	0	23
1786946493.636477176	33	0	188	41	0	23
1786946493.757351933	33	0	188	41	0	23
1786946493.878601240	33	0	188	41	0	23
1786946494.014519671	33	0	188	41	0	23
1786946494.138901469	33	0	188	41	0	23
1786946494.259976059	33	0	188	41	0	23
1786946494.381476407	33	0	188	41	0	23
1786946494.506710184	33	0	188	41	0	23
1786946494.631000002	33	0	188	41	0	23
1786946494.752652624	33	0	188	41	0	23
1786946494.877053931	33	0	188	41	0	23
1786946494.999361216	33	0	188	41	0	23
1786946495.120149955	33	0	188	41	0	23
1786946495.248184490	33	0	188	41	0	23
1786946495.375970165	33	0	188	41	0	23
1786946495.503899768	33	0	188	41	0	23
1786946495.641637251	33	0	188	41	0	23
1786946495.766472738	33	0	188	41	0	23
1786946495.887823199	33	0	188	41	0	23
1786946496.008826621	33	0	188	41	0	23
1786946496.135701030	33	0	188	41	0	23
1786946496.257131463	33	0	188	41	0	23
1786946496.378745894	33	0	188	41	0	23
1786946496.500186705	33	0	188	41	0	23
1786946496.621264043	33	0	188	41	0	23
1786946496.742879078	33	0	188	41	0	23
1786946496.870975077	33	0	188	41	0	23
1786946497.006360207	33	0	188	41	0	23
1786946497.139183542	33	0	188	41	0	23
1786946497.260776036	33	0	188	41	0	23
1786946497.381643713	33	0	188	41	0	23
1786946497.503155392	33	0	188	41	0	23
1786946497.624384322	33	0	188	41	0	23
1786946497.746122607	33	0	188	41	0	23
1786946497.874464408	33	0	188	41	0	23
1786946497.995307118	33	0	188	41	0	23
1786946498.116482000	33	0	188	41	0	23
1786946498.237661464	33	0	188	41	0	23
1786946498.359803847	33	0	188	41	0	23
1786946498.481827649	33	0	188	41	0	23
1786946498.603311454	33	0	188	41	0	23
1786946498.735719071	33	0	188	41	0	23
1786946498.856839703	33	0	188	41	0	23
1786946498.977819867	33	0	188	41	0	23
1786946499.098955822	33	0	188	41	0	23
1786946499.220780794	33	0	188	41	0	23
1786946499.348911051	33	0	188	41	0	23
1786946499.470403951	33	0	188	41	0	23
1786946499.591306052	33	0	188	41	0	23
1786946499.715943398	33	0	188	41	0	23
1786946499.850804540	33	0	188	41	0	23
1786946499.975129646	33	0	188	41	0	23
1786946500.099931237	33	0	188	41	0	23
1786946500.228526908	33	0	188	41	2304	23
1786946500.349667296	33	0	188	41	0	23
1786946500.471141597	33	0	188	41	0	23
1786946500.609646229	33	0	188	41	0	23
1786946500.734308789	33	0	188	41	0	23
1786946500.873291438	33	0	188	41	0	23
1786946500.993848029	33	0	188	41	0	23
1786946501.114895785	33	0	188	41	0	23
1786946501.243920477	33	0	188	41	0	23
1786946501.365000905	33	0	188	41	0	23
1786946501.489903858	33	0	188	41	0	23
1786946501.621668021	33	0	188	41	0	23
1786946501.746719596	33	0	188	41	0	23
1786946501.868045693	33	0	188	41	0	23
1786946502.000189540	33	0	188	41	0	23
1786946502.121200958	33	0	188	41	0	23
1786946502.242440951	33	0	188	41	0	23
1786946502.364234405	33	0	188	41	0	23
1786946502.485712780	33	0	188	41	0	23
1786946502.607178415	33	0	188	41	0	23
1786946502.728779790	33	0	188	41	0	23
1786946502.854004834	33	0	188	41	0	23
1786946502.975449841	33	0	188	41	0	23
1786946503.096202621	33	0	188	41	0	23
1786946503.217565665	33	0	188	41	0	23
1786946503.339449927	33	0	188	41	0	23
1786946503.461453122	33	0	188	41	0	23
1786946503.589539496	33	0	188	41	0	23
1786946503.711185326	33	0	188	41	0	23
1786946503.831943901	33	0	188	41	0	23
1786946503.953201060	33	0	188	41	0	23
1786946504.075030561	33	0	188	41	0	23
1786946504.200540531	33	0	188	41	0	23
1786946504.321957867	33	0	188	41	0	23
1786946504.453644533	33	0	188	41	0	23
1786946504.589221552	33	0	188	41	0	23
1786946504.711020213	33	0	188	41	0	23
1786946504.832369207	33	0	188	41	0	23
1786946504.953468915	33	0	188	41	0	23
1786946505.074648218	33	0	188	41	0	23
1786946505.200393640	33	0	188	41	0	23
1786946505.321541303	33	0	188	41	0	23
1786946505.449943792	33	0	188	41	0	23
1786946505.574959074	33	0	188	41	0	23
1786946505.697014261	33	0	188	41	0	23
1786946505.818759389	33	0	188	41	0	23
1786946505.940189772	33	0	188	41	0	23
1786946506.061291875	33	0	188	41	0	23
1786946506.182831173	33	0	188	41	0	23
1786946506.315336557	33	0	188	41	0	23
1786946506.436899916	33	0	188	41	0	23
1786946506.565031449	33	0	188	41	0	23
1786946506.690190213	33	0	188	41	0	23
1786946506.811481962	33	0	188	41	0	23
1786946506.932952356	33	0	188	41	0	23
1786946507.054421636	33	0	188	41	2304	23
1786946507.175263368	33	0	188	41	0	23
1786946507.299638413	33	0	188	41	0	23
1786946507.423060740	33	0	188	41	0	23
1786946507.555363005	33	0	188	41	0	23
1786946507.683979371	33	0	188	41	0	23
1786946507.805657713	33	0	188	41	0	23
1786946507.934543549	33	0	188	41	0	23
1786946508.067693434	33	0	188	41	0	23
1786946508.189105333	33	0	188	41	0	23
1786946508.320539545	33	0	188	41	0	23
1786946508.445928904	33	0	188	41	0	23
1786946508.577541983	33	0	188	41	0	23
1786946508.706607401	33	0	188	41	0	23
1786946508.827749556	33	0	188	41	0	23
1786946508.959117707	33	0	188	41	0	23
1786946509.080665878	33	0	188	41	0	23
1786946509.201618186	33	0	188	41	0	23
1786946509.325351354	33	0	188	41	0	23
1786946509.447668053	33	0	188	41	0	23
1786946509.579896467	33	0	188	41	0	23
1786946509.702019872	33	0	188	41	0	23
1786946509.827139437	33	0	188	41	0	23
1786946509.955366198	33	0	188	41	0	23
1786946510.080159449	33	0	188	41	0	23
1786946510.205274000	33	0	188	41	0	23
1786946510.326825920	33	0	188	41	0	23
1786946510.448261421	33	0	188	41	0	23
1786946510.569366011	33	0	188	41	0	23
1786946510.698344826	33	0	188	41	0	23
1786946510.819593839	33	0	188	41	0	23
1786946510.945215918	33	0	188	41	0	23
1786946511.070218260	33	0	188	41	0	23
1786946511.191163668	33	0	188	41	0	23
1786946511.316275105	33	0	188	41	0	23
1786946511.437329604	33	0	188	41	0	23
1786946511.559130924	33	0	188	41	0	23
1786946511.680362424	33	0	188	41	0	23
1786946511.809484520	33	0	188	41	0	23
1786946511.943020572	33	0	188	41	0	23
1786946512.064023726	33	0	188	41	0	23
1786946512.185342763	33	0	188	41	0	23
1786946512.310454220	33	0	188	41	0	23
1786946512.431613411	33	0	188	41	0	23
1786946512.553244394	33	0	188	41	0	23
1786946512.678597331	33	0	188	41	0	23
1786946512.800669854	33	0	188	41	0	23
1786946512.921787025	33	0	188	41	0	23
1786946513.043411660	33	0	188	41	0	23
1786946513.169260965	33	0	188	41	0	23
1786946513.291840273	33	0	188	41	0	23
1786946513.416875993	33	0	188	41	0	23
1786946513.538118524	33	0	188	41	0	23
1786946513.663619797	33	0	188	41	0	23
1786946513.784829136	33	0	188	41	0	23
1786946513.917208830	33	0	188	41	0	23
1786946514.042779288	33	0	188	41	0	23
1786946514.167961868	33	0	188	41	0	23
1786946514.289197355	33	0	188	41	0	23
1786946514.410692945	33	0	188	41	0	23
1786946514.549814788	33	0	188	41	0	23
1786946514.674781048	33	0	188	41	0	23
1786946514.796320544	33	0	188	41	0	23
1786946514.917531720	33	0	188	41	0	23
1786946515.038516505	33	0	188	41	0	23
1786946515.159499769	33	0	188	41	0	23
1786946515.280550440	33	0	188	41	0	23
1786946515.402243175	33	0	188	41	0	23
1786946515.524036974	33	0	188	41	0	23
1786946515.645738209	33	0	188	41	0	23
1786946515.773834515	33	0	188	41	0	23
1786946515.895141695	33	0	188	41	0	23
1786946516.016116160	33	0	188	41	0	23
1786946516.137632061	33	0	188	41	0	23
1786946516.258804217	33	0	188	41	0	23
1786946516.380185897	33	0	188	41	0	23
1786946516.501549299	33	0	188	41	0	23
1786946516.623208003	33	0	188	41	0	23
1786946516.744884491	33	0	188	41	0	23
1786946516.879975444	33	0	188	41	0	23
1786946517.001018223	33	0	188	41	0	23
1786946517.126522375	33	0	188	41	0	23
1786946517.247616934	33	0	188	41	0	23
1786946517.369015730	33	0	188	41	0	23
1786946517.507027854	33	0	188	41	0	23
1786946517.628270435	33	0	188	41	0	23
1786946517.756134047	33	0	188	41	0	23
1786946517.880526876	33	0	188	41	0	23
1786946518.001423306	33	0	188	41	0	23
1786946518.126350368	33	0	188	41	0	23
1786946518.247542078	33	0	188	41	0	23
1786946518.369146774	33	0	188	41	0	23
1786946518.494900791	33	0	188	41	0	23
1786946518.619767581	33	0	188	41	0	23
1786946518.741169076	33	0	188	41	0	23
1786946518.862204235	33	0	188	41	0	23
1786946518.987143260	33	0	188	41	0	23
1786946519.108110887	33	0	188	41	0	23
1786946519.229516926	33	0	188	41	0	23
1786946519.351428099	33	0	188	41	0	23
1786946519.473208824	33	0	188	41	0	23
1786946519.594264464	33	0	188	41	0	23
1786946519.720249550	33	0	188	41	0	23
1786946519.844984567	33	0	188	41	0	23
1786946519.966269106	33	0	188	41	0	23
1786946520.090238330	33	0	188	41	0	23
1786946520.211326466	33	0	188	41	0	23
1786946520.332857116	33	0	188	41	0	23
1786946520.454458678	33	0	188	41	0	23
1786946520.575739670	33	0	188	41	0	23
1786946520.697411197	33	0	188	41	0	23
1786946520.825749062	33	0	188	41	0	23
1786946520.950217534	33	0	188	41	0	23
1786946521.071079032	33	0	188	41	0	23
1786946521.191838043	33	0	188	41	0	23
1786946521.313092056	33	0	188	41	0	23
1786946521.434664340	33	0	188	41	0	23
1786946521.563319623	33	0	188	41	0	23
1786946521.692256839	33	0	188	41	0	23
1786946521.816699982	33	0	188	41	0	23
1786946521.938118614	33	0	188	41	0	23
1786946522.059451761	33	0	188	41	0	23
1786946522.191709668	33	0	188	41	0	23
1786946522.316578474	33	0	188	41	0	23
1786946522.447800670	33	0	188	41	0	23
1786946522.569366058	33	0	188	41	0	23
1786946522.694378917	33	0	188	41	0	23
1786946522.819253464	33	0	188	41	0	23
1786946522.940867848	33	0	188	41	0	23
1786946523.066548887	33	0	188	41	0	23
1786946523.187724903	33	0	188	41	0	23
1786946523.308999538	33	0	188	41	0	23
1786946523.448217304	33	0	188	41	0	23
1786946523.569443992	33	0	188	41	0	23
1786946523.691174665	33	0	188	41	0	23
1786946523.822996391	33	0	188	41	0	23
1786946523.949596630	33	0	188	41	0	23
1786946524.072689567	33	0	188	41	0	23
1786946524.197439144	33	0	188	41	0	23
1786946524.329533292	33	0	188	41	0	23
1786946524.458355224	33	0	188	41	0	23
1786946524.583784406	33	0	188	41	0	23
1786946524.705063253	33	0	188	41	0	23
1786946524.826610477	33	0	188	41	0	23
1786946524.948104775	33	0	188	41	0	23
1786946525.079135591	33	0	188	41	0	23
1786946525.208099508	33	0	188	41	0	23
1786946525.332494306	33	0	188	41	0	23
1786946525.453484705	33	0	188	41	0	23
1786946525.581612506	33	0	188	41	0	23
1786946525.702787883	33	0	188	41	0	23
1786946525.824274995	33	0	188	41	0	23
1786946525.952137650	33	0	188	41	0	23
1786946526.074014174	33	0	188	41	0	23
1786946526.201631274	33	0	188	41	0	23
1786946526.323081608	33	0	188	41	0	23
1786946526.448390288	33	0	188	41	0	23
1786946526.572918315	33	0	188	41	0	23
1786946526.694426660	33	0	188	41	0	23
1786946526.822308236	33	0	188	41	0	23
1786946526.954518410	33	0	188	41	0	23
1786946527.075672309	33	0	188	41	0	23
1786946527.197233717	33	0	188	41	0	23
1786946527.327036721	33	0	188	41	0	23
1786946527.448282645	33	0	188	41	0	23
1786946527.579781845	33	0	188	41	0	23
1786946527.701283882	33	0	188	41	0	23
1786946527.826835084	33	0	188	41	0	23
1786946527.947863121	33	0	188	41	0	23
1786946528.068820868	33	0	188	41	0	23
1786946528.189677274	33	0	188	41	0	23
1786946528.311432438	33	0	188	41	0	23
1786946528.437447613	33	0	188	41	0	23
1786946528.558448719	33	0	188	41	0	23
1786946528.679857106	33	0	188	41	0	23
1786946528.801340359	33	0	188	41	0	23
1786946528.927466394	33	0	188	41	0	23
1786946529.055285548	33	0	188	41	0	23
1786946529.176928820	33	0	188	41	0	23
1786946529.297836544	33	0	188	41	0	23
1786946529.424542894	33	0	188	41	0	23
1786946529.554665762	33	0	188	41	0	23
1786946529.676233844	33	0	188	41	0	23
1786946529.797503095	33	0	188	41	0	23
1786946529.926524659	33	0	188	41	0	23
1786946530.047784153	33	0	188	41	0	23
1786946530.169193828	33	0	188	41	0	23
1786946530.290379442	33	0	188	41	0	23
1786946530.411591953	33	0	188	41	0	23
1786946530.536424901	33	0	188	41	0	23
1786946530.657754494	33	0	188	41	0	23
1786946530.786380231	33	0	188	41	0	23
1786946530.907993604	33	0	188	41	0	23
1786946531.031902797	33	0	188	41	0	23
1786946531.160092084	33	0	188	41	0	23
1786946531.281579651	33	0	188	41	0	23
1786946531.406300016	33	0	188	41	0	23
1786946531.527397732	33	0	188	41	0	23
1786946531.649103338	33	0	188	41	0	23
1786946531.770464300	33	0	188	41	0	23
1786946531.891365020	33	0	188	41	0	23
1786946532.020467937	33	0	188	41	0	23
1786946532.141282308	33	0	188	41	0	23
1786946532.262634844	33	0	188	41	0	23
1786946532.387785139	33	0	188	41	2304	23
1786946532.509170171	33	0	188	41	0	23
1786946532.634634116	33	0	188	41	0	23
1786946532.758923242	33	0	188	41	0	23
1786946532.880661199	33	0	188	41	0	23
1786946533.002641936	33	0	188	41	0	23
1786946533.123975197	33	0	188	41	0	23
1786946533.252742702	33	0	188	41	0	23
1786946533.376299143	33	0	188	41	0	23
1786946533.505009444	33	0	188	41	0	23
1786946533.633719981	33	0	188	41	0	23
1786946533.754752770	33	0	188	41	0	23
1786946533.879621806	33	0	188	41	0	23
1786946534.001326790	33	0	188	41	0	23
1786946534.130355520	33	0	188	41	0	23
1786946534.251607983	33	0	188	41	0	23
1786946534.380234909	33	0	188	41	0	23
1786946534.501691145	33	0	188	41	0	23
1786946534.622910925	33	0	188	41	0	23
1786946534.745914044	33	0	188	41	0	23
1786946534.867705991	33	0	188	41	0	23
1786946534.989366858	33	0	188	41	0	23
1786946535.115703985	33	0	188	41	0	23
1786946535.236894384	33	0	188	41	0	23
1786946535.358196791	33	0	188	41	0	23
1786946535.486662715	33	0	188	41	0	23
1786946535.611890275	33	0	188	41	0	23
1786946535.733357188	33	0	188	41	0	23
1786946535.857639321	33	0	188	41	0	23
1786946535.992710135	33	0	188	41	0	23
1786946536.114246342	33	0	188	41	2304	23
1786946536.235799640	33	0	188	41	0	23
1786946536.363985327	33	0	188	41	0	23
1786946536.485587875	33	0	188	41	0	23
1786946536.613320412	33	0	188	41	0	23
1786946536.734890969	33	0	188	41	0	23
1786946536.870466057	33	0	188	41	0	23
1786946536.994762050	33	0	188	41	0	23
1786946537.121045533	33	0	188	41	0	23
1786946537.242319871	33	0	188	41	0	23
1786946537.363497786	33	0	188	41	0	23
1786946537.491596525	33	0	188	41	0	23
1786946537.615872154	33	0	188	41	0	23
1786946537.737740872	33	0	188	41	0	23
1786946537.859066317	33	0	188	41	0	23
1786946537.983517559	33	0	188	41	0	23
1786946538.104535714	33	0	188	41	0	23
1786946538.229661727	33	0	188	41	0	23
1786946538.350638097	33	0	188	41	0	23
1786946538.479456304	33	0	188	41	0	23
1786946538.604427043	33	0	188	41	0	23
1786946538.729928610	33	0	188	41	0	23
1786946538.854692824	33	0	188	41	0	23
1786946538.991482309	33	0	188	41	0	23
1786946539.113234465	33	0	188	41	0	23
1786946539.238621396	33	0	188	41	0	23
1786946539.363830528	33	0	188	41	0	23
1786946539.484894808	33	0	188	41	0	23
1786946539.605899658	33	0	188	41	0	23
1786946539.731338084	33	0	188	41	0	23
1786946539.857179540	33	0	188	41	0	23
1786946539.978469047	33	0	188	41	0	23
1786946540.100057360	33	0	188	41	0	23
1786946540.220979867	33	0	188	41	0	23
1786946540.349116319	33	0	188	41	0	23
1786946540.481678161	33	0	188	41	0	23
1786946540.603129113	33	0	188	41	0	23
1786946540.728240260	33	0	188	41	0	23
1786946540.852914511	33	0	188	41	0	23
1786946540.977696996	33	0	188	41	0	23
1786946541.102439005	33	0	188	41	0	23
1786946541.226626463	33	0	188	41	0	23
1786946541.347815112	33	0	188	41	0	23
1786946541.473099873	33	0	188	41	0	23
1786946541.597500836	33	0	188	41	0	23
1786946541.722713891	33	0	188	41	0	23
1786946541.847608252	33	0	188	41	0	23
1786946541.969093727	33	0	188	41	0	23
1786946542.090289645	33	0	188	41	0	23
1786946542.212082014	33	0	188	41	0	23
1786946542.333561106	33	0	188	41	0	23
1786946542.458864770	33	0	188	41	0	23
1786946542.583706018	33	0	188	41	0	23
1786946542.708921775	33	0	188	41	0	23
1786946542.830523522	33	0	188	41	0	23
1786946542.956007186	33	0	188	41	0	23
1786946543.081740982	33	0	188	41	0	23
1786946543.210721612	33	0	188	41	0	23
1786946543.332161423	33	0	188	41	0	23
1786946543.453711159	33	0	188	41	0	23
1786946543.597015897	33	0	188	41	0	23
1786946543.722352155	33	0	188	41	0	23
1786946543.847066656	33	0	188	41	0	23
1786946543.971745528	33	0	188	41	0	23
1786946544.092927269	33	0	188	41	0	23
1786946544.214384620	33	0	188	41	0	23
1786946544.339116413	33	0	188	41	0	23
1786946544.471112378	33	0	188	41	0	23
1786946544.614889987	33	0	188	41	0	23
1786946544.735930428	33	0	188	41	0	23
1786946544.857006757	33	0	188	41	0	23
1786946544.996320008	33	0	188	41	0	23
1786946545.117630208	33	0	188	41	0	23
1786946545.242724489	33	0	188	41	0	23
1786946545.364389667	33	0	188	41	0	23
1786946545.486034329	33	0	188	41	0	23
1786946545.606690807	33	0	188	41	0	23
1786946545.756891246	33	0	188	41	0	23
1786946545.877946591	33	0	188	41	0	23
1786946545.999441303	33	0	188	41	0	23
1786946546.125341700	33	0	188	41	0	23
1786946546.246802350	33	0	188	41	0	23
1786946546.374795321	33	0	188	41	0	23
1786946546.496283102	33	0	188	41	0	23
1786946546.617664696	33	0	188	41	0	23
1786946546.738938597	33	0	188	41	0	23
1786946546.860499671	33	0	188	41	0	23
1786946546.982497188	33	0	188	41	0	23
1786946547.110118373	33	0	188	41	0	23
1786946547.242951242	33	0	188	41	0	23
1786946547.371404981	33	0	188	41	0	23
1786946547.492836939	33	0	188	41	0	23
1786946547.614029550	33	0	188	41	0	23
1786946547.742528822	33	0	188	41	0	23
1786946547.870285271	33	0	188	41	0	23
1786946547.998818827	33	0	188	41	0	23
1786946548.119902800	33	0	188	41	0	23
1786946548.240867075	33	0	188	41	0	23
1786946548.365413816	33	0	188	41	0	23
1786946548.496894641	33	0	188	41	0	23
1786946548.621969037	33	0	188	41	0	23
1786946548.743012516	33	0	188	41	0	23
1786946548.864552842	33	0	188	41	0	23
1786946548.985784767	33	0	188	41	0	23
1786946549.110764420	33	0	188	41	0	23
1786946549.231793502	33	0	188	41	0	23
1786946549.359541829	33	0	188	41	0	23
1786946549.480777137	33	0	188	41	0	23
1786946549.606017294	33	0	188	41	0	23
1786946549.731046230	33	0	188	41	0	23
1786946549.852141779	33	0	188	41	0	23
1786946549.980534374	33	0	188	41	0	23
1786946550.102921503	33	0	188	41	0	23
1786946550.228512232	33	0	188	41	0	23
1786946550.354265907	33	0	188	41	0	23
1786946550.487588062	33	0	188	41	0	23
1786946550.608852627	33	0	188	41	0	23
1786946550.730320363	33	0	188	41	0	23
1786946550.853600179	33	0	188	41	0	23
1786946550.982153051	33	0	188	41	0	23
1786946551.107024925	33	0	188	41	0	23
1786946551.236554273	33	0	188	41	0	23
1786946551.357735855	33	0	188	41	0	23
1786946551.478773573	33	0	188	41	0	23
1786946551.603778683	33	0	188	41	0	23
1786946551.731795214	33	0	188	41	0	23
1786946551.856155878	33	0	188	41	0	23
1786946551.977654859	33	0	188	41	0	23
1786946552.098464071	33	0	188	41	0	23
1786946552.220121142	33	0	188	41	0	23
1786946552.352938429	33	0	188	41	0	23
1786946552.474063053	33	0	188	41	0	23
1786946552.595125357	33	0	188	41	0	23
1786946552.720196628	33	0	188	41	0	23
1786946552.853081433	33	0	188	41	0	23
1786946552.977980616	33	0	188	41	0	23
1786946553.101715383	33	0	188	41	0	23
1786946553.223233672	33	0	188	41	0	23
1786946553.351115473	33	0	188	41	0	23
1786946553.476204685	33	0	188	41	0	23
1786946553.597651695	33	0	188	41	0	23
1786946553.719127121	33	0	188	41	0	23
1786946553.841639128	33	0	188	41	0	23
1786946553.966368307	33	0	188	41	0	23
1786946554.087214202	33	0	188	41	0	23
1786946554.207562611	33	0	188	41	0	23
1786946554.336194711	33	0	188	41	0	23
1786946554.461246482	33	0	188	41	0	23
1786946554.586080216	33	0	188	41	0	23
1786946554.707222455	33	0	188	41	0	23
1786946554.828227159	33	0	188	41	0	23
1786946554.964358990	33	0	188	41	0	23
1786946555.092898408	33	0	188	41	0	23
1786946555.213835607	33	0	188	41	0	23
1786946555.335344588	33	0	188	41	0	23
1786946555.457050067	33	0	188	41	0	23
1786946555.578010424	33	0	188	41	0	23
1786946555.709747776	33	0	188	41	0	23
1786946555.834579684	33	0	188	41	0	23
1786946555.959816081	33	0	188	41	0	23
1786946556.084185268	33	0	188	41	0	23
1786946556.209793064	33	0	188	41	0	23
1786946556.331227472	33	0	188	41	0	23
1786946556.453847789	33	0	188	41	0	23
1786946556.578615768	33	0	188	41	0	23
1786946556.707458251	33	0	188	41	0	23
1786946556.828594994	33	0	188	41	0	23
1786946556.953470618	33	0	188	41	0	23
1786946557.074415530	33	0	188	41	0	23
1786946557.195385541	33	0	188	41	0	23
1786946557.316410624	33	0	188	41	0	23
1786946557.445108804	33	0	188	41	0	23
1786946557.566465780	33	0	188	41	0	23
1786946557.689535400	33	0	188	41	0	23
1786946557.810507704	33	0	188	41	0	23
1786946557.935152540	33	0	188	41	0	23
1786946558.059755735	33	0	188	41	0	23
1786946558.193614047	33	0	188	41	0	23
1786946558.315796278	33	0	188	41	0	23
1786946558.444552116	33	0	188	41	0	23
1786946558.565972002	33	0	188	41	0	23
1786946558.687828406	33	0	188	41	0	23
1786946558.809143807	33	0	188	41	0	23
1786946558.936965722	33	0	188	41	0	23
1786946559.061390310	33	0	188	41	0	23
1786946559.182164835	33	0	188	41	0	23
1786946559.303132024	33	0	188	41	0	23
1786946559.424568949	33	0	188	41	0	23
1786946559.548903964	33	0	188	41	0	23
1786946559.670264092	33	0	188	41	0	23
1786946559.797974269	33	0	188	41	0	23
1786946559.922668182	33	0	188	41	0	23
1786946560.043782423	33	0	188	41	0	23
1786946560.168992855	33	0	188	41	0	23
1786946560.291339071	33	0	188	41	0	23
1786946560.415636160	33	0	188	41	0	23
1786946560.540221056	33	0	188	41	0	23
1786946560.661591043	33	0	188	41	0	23
1786946560.783106959	33	0	188	41	0	23
1786946560.904197414	33	0	188	41	0	23
1786946561.025740572	33	0	188	41	0	23
1786946561.159418398	33	0	188	41	0	23
1786946561.280350403	33	0	188	41	0	23
1786946561.402575348	33	0	188	41	0	23
1786946561.523553011	33	0	188	41	0	23
1786946561.644349861	33	0	188	41	0	23
1786946561.769177353	33	0	188	41	0	23
1786946561.890194451	33	0	188	41	0	23
1786946562.014648463	33	0	188	41	0	23
1786946562.135756128	33	0	188	41	0	23
1786946562.256966510	33	0	188	41	0	23
1786946562.377894382	33	0	188	41	0	23
1786946562.502364423	33	0	188	41	0	23
1786946562.623746068	33	0	188	41	0	23
1786946562.745098218	33	0	188	41	0	23
1786946562.866249386	33	0	188	41	0	23
1786946562.987843830	33	0	188	41	0	23
1786946563.109198349	33	0	188	41	0	23
1786946563.229991456	33	0	188	41	0	23
1786946563.355001747	33	0	188	41	0	23
1786946563.480070392	33	0	188	41	0	23
1786946563.605852323	33	0	188	41	0	23
1786946563.731155253	33	0	188	41	0	23
1786946563.860522796	33	0	188	41	0	23
1786946563.984810154	33	0	188	41	0	23
1786946564.105999579	33	0	188	41	0	23
1786946564.226707206	33	0	188	41	0	23
1786946564.362711732	33	0	188	41	0	23
1786946564.483717264	33	0	188	41	0	23
1786946564.605154875	33	0	188	41	0	23
1786946564.730102924	33	0	188	41	0	23
1786946564.851700358	33	0	188	41	0	23
1786946564.976818305	33	0	188	41	0	23
1786946565.104757324	33	0	188	41	0	23
1786946565.233576930	33	0	188	41	0	23
1786946565.354673914	33	0	188	41	0	23
1786946565.476169715	33	0	188	41	0	23
1786946565.597317780	33	0	188	41	0	23
1786946565.725822771	33	0	188	41	0	23
1786946565.850971100	33	0	188	41	0	23
1786946565.975948092	33	0	188	41	0	23
1786946566.097057444	33	0	188	41	0	23
1786946566.218255085	33	0	188	41	0	23
1786946566.346664038	33	0	188	41	0	23
1786946566.474527185	33	0	188	41	0	23
1786946566.603497408	33	0	188	41	0	23
1786946566.728521810	33	0	188	41	0	23
1786946566.849585790	33	0	188	41	0	23
1786946566.971654722	33	0	188	41	0	23
1786946567.096225035	33	0	188	41	0	23
1786946567.220997602	33	0	188	41	0	23
1786946567.341962995	33	0	188	41	0	23
1786946567.463564917	33	0	188	41	0	23
1786946567.585227870	33	0	188	41	0	23
1786946567.707088002	33	0	188	41	0	23
1786946567.828825905	33	0	188	41	0	23
1786946567.950638184	33	0	188	41	0	23
1786946568.071581790	33	0	188	41	0	23
1786946568.192461168	33	0	188	41	0	23
1786946568.317246581	33	0	188	41	0	23
1786946568.438333450	33	0	188	41	0	23
1786946568.560108187	33	0	188	41	0	23
1786946568.681648558	33	0	188	41	0	23
1786946568.802730370	33	0	188	41	0	23
1786946568.924320061	33	0	188	41	0	23
1786946569.045684436	33	0	188	41	0	23
1786946569.166381354	33	0	188	41	0	23
1786946569.287263883	33	0	188	41	0	23
1786946569.433682782	33	0	188	41	0	23
1786946569.562278737	33	0	188	41	0	23
1786946569.697813317	33	0	188	41	0	23
1786946569.826205791	33	0	188	41	0	23
1786946569.951162753	33	0	188	41	0	23
1786946570.075148432	33	0	188	41	0	23
1786946570.196746927	33	0	188	41	0	23
1786946570.319919667	33	0	188	41	0	23
1786946570.441270281	33	0	188	41	0	23
1786946570.569204002	33	0	188	41	0	23
1786946570.697795227	33	0	188	41	0	23
1786946570.826022695	33	0	188	41	0	23
1786946570.954233737	33	0	188	41	0	23
1786946571.078617176	33	0	188	41	0	23
1786946571.210557324	33	0	188	41	0	23
1786946571.341103215	33	0	188	41	0	23
1786946571.462464110	33	0	188	41	0	23
1786946571.590723794	33	0	188	41	0	23
1786946571.728441489	33	0	188	41	0	23
1786946571.856303800	33	0	188	41	0	23
1786946571.980992867	33	0	188	41	0	23
1786946572.105718463	33	0	188	41	0	23
1786946572.226339076	33	0	188	41	0	23
1786946572.347223581	33	0	188	41	0	23
1786946572.471741728	33	0	188	41	0	23
1786946572.592908413	33	0	188	41	0	23
1786946572.717724246	33	0	188	41	0	23
1786946572.843131125	33	0	188	41	0	23
1786946572.967983373	33	0	188	41	0	23
1786946573.088896139	33	0	188	41	0	23
1786946573.213811486	33	0	188	41	0	23
1786946573.340657315	33	0	188	41	0	23
1786946573.466073611	33	0	188	41	0	23
1786946573.590506601	33	0	188	41	0	23
1786946573.711700930	33	0	188	41	0	23
1786946573.842920242	33	0	188	41	0	23
1786946573.967068314	33	0	188	41	0	23
1786946574.098935923	33	0	188	41	0	23
1786946574.220472153	33	0	188	41	0	23
1786946574.342260232	33	0	188	41	0	23
1786946574.466054723	33	0	188	41	0	23
1786946574.595212464	33	0	188	41	0	23
1786946574.716662432	33	0	188	41	0	23
1786946574.838007703	33	0	188	41	0	23
1786946574.963265030	33	0	188	41	0	23
1786946575.084355536	33	0	188	41	0	23
1786946575.205485963	33	0	188	41	0	23
1786946575.326895754	33	0	188	41	0	23
1786946575.448124529	33	0	188	41	0	23
1786946575.569331662	33	0	188	41	0	23
1786946575.690684659	33	0	188	41	0	23
1786946575.812328309	33	0	188	41	0	23
1786946575.934168160	33	0	188	41	0	23
1786946576.061706859	33	0	188	41	0	23
1786946576.191233113	33	0	188	41	0	23
1786946576.316569694	33	0	188	41	0	23
1786946576.438103083	33	0	188	41	0	23
1786946576.559750780	33	0	188	41	0	23
1786946576.680988451	33	0	188	41	0	23
1786946576.806452682	33	0	188	41	0	23
1786946576.928100545	33	0	188	41	0	23
1786946577.050040863	33	0	188	41	0	23
1786946577.170545181	33	0	188	41	0	23
1786946577.291533990	33	0	188	41	0	23
1786946577.413262315	33	0	188	41	0	23
1786946577.534789160	33	0	188	41	0	23
1786946577.656329897	33	0	188	41	0	23
1786946577.781500432	33	0	188	41	0	23
1786946577.906353719	33	0	188	41	0	23
1786946578.027145738	33	0	188	41	0	23
1786946578.148434566	33	0	188	41	0	23
1786946578.270146566	33	0	188	41	0	23
1786946578.390968045	33	0	188	41	0	23
1786946578.512676906	33	0	188	41	0	23
1786946578.634014726	33	0	188	41	0	23
1786946578.759200006	33	0	188	41	0	23
1786946578.885965758	33	0	188	41	0	23
1786946579.014832031	33	0	188	41	0	23
1786946579.135934218	33	0	188	41	0	23
1786946579.257313123	33	0	188	41	0	23
1786946579.378403097	33	0	188	41	0	23
1786946579.499761721	33	0	188	41	0	23
1786946579.621480711	33	0	188	41	0	23
1786946579.747021324	33	0	188	41	0	23
1786946579.868472230	33	0	188	41	0	23
1786946579.993434215	33	0	188	41	0	23
1786946580.118129048	33	0	188	41	0	23
1786946580.239008801	33	0	188	41	0	23
1786946580.359962523	33	0	188	41	0	23
1786946580.481276896	33	0	188	41	0	23
1786946580.602949512	33	0	188	41	0	23
1786946580.735313933	33	0	188	41	0	23
1786946580.856630354	33	0	188	41	0	23
1786946580.978099738	33	0	188	41	0	23
1786946581.099316316	33	0	188	41	0	23
1786946581.220484386	33	0	188	41	0	23
1786946581.341827991	33	0	188	41	0	23
1786946581.463318097	33	0	188	41	0	23
1786946581.584369882	33	0	188	41	0	23
1786946581.705631181	33	0	188	41	0	23
1786946581.833885258	33	0	188	41	0	23
1786946581.955332434	33	0	188	41	0	23
1786946582.076216452	33	0	188	41	0	23
1786946582.197135688	33	0	188	41	0	23
1786946582.318125971	33	0	188	41	0	23
1786946582.446591381	33	0	188	41	0	23
1786946582.575211860	33	0	188	41	0	23
1786946582.696596214	33	0	188	41	0	23
1786946582.825348372	33	0	188	41	0	23
1786946582.953679075	33	0	188	41	0	23
1786946583.081319054	33	0	188	41	0	23
1786946583.205624033	33	0	188	41	0	23
1786946583.326540998	33	0	188	41	0	23
1786946583.447781347	33	0	188	41	0	23
1786946583.572473716	33	0	188	41	0	23
1786946583.693757123	33	0	188	41	0	23
1786946583.828680245	33	0	188	41	0	23
1786946583.952093441	33	0	188	41	0	23
1786946584.079747125	33	0	188	41	0	23
1786946584.204999845	33	0	188	41	0	23
1786946584.329571909	33	0	188	41	0	23
1786946584.454433854	33	0	188	41	0	23
1786946584.579233541	33	0	188	41	0	23
1786946584.700408543	33	0	188	41	0	23
1786946584.822358844	33	0	188	41	0	23
1786946584.943582387	33	0	188	41	0	23
1786946585.071308672	33	0	188	41	0	23
1786946585.192927717	33	0	188	41	0	23
1786946585.314098767	33	0	188	41	0	23
1786946585.440187906	33	0	188	41	0	23
1786946585.572647794	33	0	188	41	0	23
1786946585.710936028	33	0	188	41	0	23
1786946585.832288285	33	0	188	41	0	23
1786946585.954208898	33	0	188	41	0	23
1786946586.077853607	33	0	188	41	0	23
1786946586.201895440	33	0	188	41	0	23
1786946586.330297465	33	0	188	41	0	23
1786946586.451390066	33	0	188	41	0	23
1786946586.576005224	33	0	188	41	0	23
1786946586.707485942	33	0	188	41	0	23
1786946586.837316139	33	0	188	41	0	23
1786946586.958801714	33	0	188	41	0	23
1786946587.084689481	33	0	188	41	0	23
1786946587.205461891	33	0	188	41	0	23
1786946587.327269634	33	0	188	41	0	23
1786946587.452725793	33	0	188	41	0	23
1786946587.577923111	33	0	188	41	0	23
1786946587.699037533	33	0	188	41	0	23
1786946587.824970901	33	0	188	41	0	23
1786946587.950033654	33	0	188	41	0	23
1786946588.080581957	33	0	188	41	0	23
1786946588.205760399	33	0	188	41	0	23
1786946588.326713970	33	0	188	41	0	23
1786946588.448069499	33	0	188	41	0	23
1786946588.585041523	33	0	188	41	0	23
1786946588.706404980	33	0	188	41	0	23
1786946588.828645573	33	0	188	41	0	23
1786946588.950034374	33	0	188	41	0	23
1786946589.070948172	33	0	188	41	0	23
1786946589.192042782	33	0	188	41	0	23
1786946589.313338248	33	0	188	41	0	23
1786946589.434475799	33	0	188	41	0	23
1786946589.570456095	33	0	188	41	0	23
1786946589.691949326	33	0	188	41	0	23
1786946589.816827639	33	0	188	41	0	23
1786946589.941764104	33	0	188	41	0	23
1786946590.078267225	33	0	188	41	0	23
1786946590.198552787	33	0	188	41	0	23
1786946590.330293926	33	0	188	41	0	23
1786946590.455221152	33	0	188	41	0	23
1786946590.577496567	33	0	188	41	0	23
1786946590.698851474	33	0	188	41	0	23
1786946590.820231771	33	0	188	41	0	23
1786946590.945328930	33	0	188	41	0	23
1786946591.066784206	33	0	188	41	0	23
1786946591.187729711	33	0	188	41	0	23
1786946591.308683424	33	0	188	41	0	23
1786946591.434091558	33	0	188	41	0	23
1786946591.559679045	33	0	188	41	0	23
1786946591.681229449	33	0	188	41	0	23
1786946591.806219668	33	0	188	41	0	23
1786946591.927481644	33	0	188	41	0	23
1786946592.052594180	33	0	188	41	0	23
1786946592.177913167	33	0	188	41	0	23
1786946592.298723591	33	0	188	41	0	23
1786946592.420162740	33	0	188	41	0	23
1786946592.548450941	33	0	188	41	0	23
1786946592.673752829	33	0	188	41	0	23
1786946592.795582340	33	0	188	41	0	23
1786946592.921075040	33	0	188	41	0	23
1786946593.042269981	33	0	188	41	0	23
1786946593.163191841	33	0	188	41	0	23
1786946593.287822794	33	0	188	41	0	23
1786946593.419758461	33	0	188	41	0	23
1786946593.544871064	33	0	188	41	0	23
1786946593.669723587	33	0	188	41	0	23
1786946593.794452665	33	0	188	41	0	23
1786946593.915803027	33	0	188	41	0	23
1786946594.040742826	33	0	188	41	0	23
1786946594.169178308	33	0	188	41	0	23
1786946594.289874355	33	0	188	41	0	23
1786946594.421978020	33	0	188	41	0	23
1786946594.546481750	33	0	188	41	0	23
1786946594.667966916	33	0	188	41	0	23
1786946594.789813123	33	0	188	41	0	23
1786946594.911361219	33	0	188	41	0	23
1786946595.033110399	33	0	188	41	0	23
1786946595.157359016	33	0	188	41	0	23
1786946595.278282341	33	0	188	41	0	23
1786946595.399054940	33	0	188	41	0	23
1786946595.520627054	33	0	188	41	0	23
1786946595.642046528	33	0	188	41	0	23
1786946595.763542867	33	0	188	41	0	23
1786946595.885244386	33	0	188	41	0	23
1786946596.006388500	33	0	188	41	0	23
1786946596.141808226	33	0	188	41	0	23
1786946596.262877191	33	0	188	41	0	23
1786946596.392095278	33	0	188	41	0	23
1786946596.513661358	33	0	188	41	0	23
1786946596.635364786	33	0	188	41	0	23
1786946596.756621606	33	0	188	41	0	23
1786946596.877765304	33	0	188	41	0	23
1786946597.002568035	33	0	188	41	0	23
1786946597.123688032	33	0	188	41	0	23
1786946597.245308066	33	0	188	41	0	23
1786946597.373132702	33	0	188	41	0	23
1786946597.494824008	33	0	188	41	0	23
1786946597.616222052	33	0	188	41	0	23
1786946597.744637185	33	0	188	41	0	23
1786946597.865668953	33	0	188	41	0	23
1786946597.987340499	33	0	188	41	0	23
1786946598.114229331	33	0	188	41	0	23
1786946598.235232484	33	0	188	41	0	23
1786946598.356592444	33	0	188	41	0	23
1786946598.478344398	33	0	188	41	0	23
1786946598.599438516	33	0	188	41	0	23
1786946598.720848571	33	0	188	41	0	23
1786946598.842989029	33	0	188	41	0	23
1786946598.971112386	33	0	188	41	0	23
1786946599.099376703	33	0	188	41	0	23
1786946599.220253636	33	0	188	41	0	23
1786946599.344787433	33	0	188	41	0	23
1786946599.465961580	33	0	188	41	0	23
1786946599.587507207	33	0	188	41	0	23
1786946599.708812332	33	0	188	41	0	23
1786946599.829765900	33	0	188	41	0	23
1786946599.950995339	33	0	188	41	0	23
1786946600.072567004	33	0	188	41	0	23
1786946600.193932190	33	0	188	41	0	23
1786946600.314891774	33	0	188	41	0	23
1786946600.436069128	33	0	188	41	0	23
1786946600.562150653	33	0	188	41	2304	23
1786946600.688207059	33	0	188	41	0	23
1786946600.813526787	33	0	188	41	0	23
1786946600.941700583	33	0	188	41	0	23
1786946601.063299636	33	0	188	41	0	23
1786946601.193041066	33	0	188	41	0	23
1786946601.314563363	33	0	188	41	0	23
1786946601.439292034	33	0	188	41	0	23
1786946601.564123321	33	0	188	41	0	23
1786946601.686107110	33	0	188	41	0	23
1786946601.809800970	33	0	188	41	0	23
1786946601.931669149	33	0	188	41	0	23
1786946602.052917685	33	0	188	41	0	23
1786946602.173852472	33	0	188	41	0	23
1786946602.298810002	33	0	188	41	0	23
1786946602.423151919	33	0	188	41	0	23
1786946602.548375722	33	0	188	41	0	23
1786946602.682131384	33	0	188	41	0	23
1786946602.807512997	33	0	188	41	0	23
1786946602.928913469	33	0	188	41	0	23
1786946603.053052635	33	0	188	41	0	23
1786946603.174334715	33	0	188	41	0	23
1786946603.295309259	33	0	188	41	0	23
1786946603.418061293	33	0	188	41	0	23
1786946603.539320639	33	0	188	41	0	23
1786946603.661184378	33	0	188	41	0	23
1786946603.786927927	33	0	188	41	0	23
1786946603.908936687	33	0	188	41	0	23
1786946604.030060373	33	0	188	41	0	23
1786946604.158710560	33	0	188	41	0	23
1786946604.283890782	33	0	188	41	0	23
1786946604.410868779	33	0	188	41	0	23
1786946604.535889989	33	0	188	41	0	23
1786946604.661225737	33	0	188	41	0	23
1786946604.786894137	33	0	188	41	0	23
1786946604.908639916	33	0	188	41	0	23
1786946605.034131281	33	0	188	41	0	23
1786946605.155017425	33	0	188	41	0	23
1786946605.275870827	33	0	188	41	0	23
1786946605.400262297	33	0	188	41	0	23
1786946605.529805230	33	0	188	41	0	23
1786946605.654933167	33	2304	188	41	0	23
1786946605.776106465	33	0	188	41	0	23
1786946605.898282207	33	0	188	41	0	23
1786946606.019506516	33	0	188	41	0	23
1786946606.145010408	33	0	188	41	0	23
1786946606.266024626	33	0	188	41	0	23
1786946606.387392287	33	0	188	41	0	23
1786946606.508631089	33	0	188	41	0	23
1786946606.633615194	33	0	188	41	0	23
1786946606.755154104	33	0	188	41	0	23
1786946606.876378582	33	0	188	41	0	23
1786946607.004843573	33	0	188	41	0	23
1786946607.125845096	33	0	188	41	0	23
1786946607.246581599	33	0	188	41	0	23
1786946607.371928470	33	0	188	41	0	23
1786946607.493088172	33	0	188	41	0	23
1786946607.622175800	33	0	188	41	0	23
1786946607.743241685	33	0	188	41	0	23
1786946607.872051133	33	0	188	41	0	23
1786946607.993158990	33	0	188	41	0	23
1786946608.113860175	33	0	188	41	0	23
1786946608.235021870	33	0	188	41	0	23
1786946608.359684934	33	0	188	41	0	23
1786946608.480855145	33	0	188	41	0	23
1786946608.602759799	33	0	188	41	0	23
1786946608.724527546	33	0	188	41	0	23
1786946608.856937595	33	0	188	41	0	23
1786946608.982082956	33	0	188	41	0	23
1786946609.106981065	33	0	188	41	0	23
1786946609.228362939	33	0	188	41	0	23
1786946609.352647746	33	0	188	41	0	23
1786946609.474350385	33	0	188	41	0	23
1786946609.595471303	33	0	188	41	0	23
1786946609.727816317	33	0	188	41	0	23
1786946609.852681817	33	0	188	41	0	23
1786946609.977595153	33	0	188	41	0	23
1786946610.101848748	33	0	188	41	0	23
1786946610.222755731	33	0	188	41	0	23
1786946610.344332835	33	0	188	41	0	23
1786946610.465807592	33	0	188	41	0	23
1786946610.586666241	33	0	188	41	0	23
1786946610.707905675	33	0	188	41	0	23
1786946610.829414968	33	0	188	41	0	23
1786946610.961535430	33	0	188	41	0	23
1786946611.086739787	33	0	188	41	0	23
1786946611.207793227	33	0	188	41	0	23
1786946611.328732382	33	0	188	41	0	23
1786946611.453874273	33	0	188	41	0	23
1786946611.593338691	33	0	188	41	0	23
1786946611.714747053	33	0	188	41	0	23
1786946611.836226127	33	0	188	41	0	23
1786946611.957426433	33	0	188	41	0	23
1786946612.086775123	33	0	188	41	0	23
1786946612.207348585	33	0	188	41	0	23
1786946612.331022452	33	0	188	41	0	23
1786946612.452773101	33	0	188	41	0	23
1786946612.581032784	33	0	188	41	0	23
1786946612.713816094	33	0	188	41	0	23
1786946612.834972742	33	0	188	41	0	23
1786946612.959647028	33	0	188	41	0	23
1786946613.084674651	33	0	188	41	0	23
1786946613.205568200	33	0	188	41	0	23
1786946613.327035133	33	0	188	41	0	23
1786946613.458740517	33	0	188	41	0	23
1786946613.579786976	33	0	188	41	0	23
1786946613.700977104	33	0	188	41	0	23
1786946613.833949811	33	0	188	41	0	23
1786946613.955038640	33	0	188	41	0	23
1786946614.094715077	33	0	188	41	0	23
1786946614.215880300	33	0	188	41	0	23
1786946614.340919569	33	2304	188	41	0	23
1786946614.472313002	33	0	188	41	0	23
1786946614.597098380	33	0	188	41	0	23
1786946614.726203013	33	0	188	41	0	23
1786946614.851019779	33	0	188	41	0	23
1786946614.975883281	33	0	188	41	0	23
1786946615.096943840	33	0	188	41	0	23
1786946615.217998927	33	0	188	41	0	23
1786946615.342225110	33	0	188	41	0	23
1786946615.470858552	33	0	188	41	0	23
1786946615.595168674	33	0	188	41	0	23
1786946615.716771657	33	0	188	41	0	23
1786946615.838711226	33	0	188	41	0	23
1786946615.960505480	33	0	188	41	0	23
1786946616.081911395	33	0	188	41	0	23
1786946616.206500325	33	0	188	41	0	23
1786946616.328146292	33	0	188	41	0	23
1786946616.449318274	33	0	188	41	0	23
1786946616.574132206	33	0	188	41	0	23
1786946616.698891648	33	0	188	41	0	23
1786946616.820005367	33	0	188	41	0	23
1786946616.952555638	33	0	188	41	0	23
1786946617.077774331	33	0	188	41	0	23
1786946617.202672470	33	0	188	41	0	23
1786946617.322946234	33	0	188	41	0	23
1786946617.448604061	33	0	188	41	0	23
1786946617.581624825	33	0	188	41	0	23
1786946617.710168580	33	0	188	41	0	23
1786946617.840152678	33	0	188	41	0	23
1786946617.961450254	33	0	188	41	0	23
1786946618.089493588	33	0	188	41	0	23
1786946618.209856033	33	0	188	41	0	23
1786946618.330471862	33	0	188	41	0	23
1786946618.455090191	33	0	188	41	0	23
1786946618.576271461	33	0	188	41	0	23
1786946618.697848308	33	0	188	41	0	23
1786946618.819748297	33	0	188	41	0	23
1786946618.942162718	33	0	188	41	0	23
1786946619.063904719	33	0	188	41	0	23
1786946619.184745968	33	0	188	41	0	23
1786946619.308336986	33	0	188	41	0	23
1786946619.433156886	33	0	188	41	0	23
1786946619.554774692	33	0	188	41	0	23
1786946619.684822353	33	0	188	41	0	23
1786946619.812610353	33	0	188	41	0	23
1786946619.933984500	33	0	188	41	0	23
1786946620.055789611	33	0	188	41	0	23
1786946620.176588139	33	0	188	41	0	23
1786946620.297352150	33	0	188	41	0	23
1786946620.418331009	33	0	188	41	0	23
1786946620.543367632	33	0	188	41	0	23
1786946620.664829601	33	0	188	41	0	23
1786946620.786154226	33	0	188	41	0	23
1786946620.907629303	33	0	188	41	0	23
1786946621.028936506	33	0	188	41	0	23
1786946621.153829801	33	0	188	41	0	23
1786946621.278423159	33	0	188	41	0	23
1786946621.399553692	33	0	188	41	0	23
1786946621.520810825	33	0	188	41	0	23
1786946621.642648847	33	0	188	41	0	23
1786946621.763758582	33	0	188	41	0	23
1786946621.885446722	33	0	188	41	0	23
1786946622.007031739	33	0	188	41	0	23
1786946622.135598464	33	0	188	41	0	23
1786946622.256745475	33	0	188	41	0	23
1786946622.377920225	33	0	188	41	0	23
1786946622.499372423	33	0	188	41	0	23
1786946622.620730397	33	0	188	41	2304	23
1786946622.742395014	33	0	188	41	0	23
1786946622.866991677	33	0	188	41	0	23
1786946622.991991673	33	0	188	41	0	23
1786946623.120264442	33	0	188	41	0	23
1786946623.240980887	33	0	188	41	0	23
1786946623.365730089	33	0	188	41	0	23
1786946623.487076692	33	0	188	41	0	23
1786946623.608558490	33	0	188	41	0	23
1786946623.730204666	33	2304	188	41	0	23
1786946623.859206752	33	0	188	41	0	23
1786946623.980990078	33	0	188	41	0	23
1786946624.106070890	33	0	188	41	0	23
1786946624.226771541	33	0	188	41	0	23
1786946624.351842277	33	0	188	41	0	23
1786946624.476987062	33	0	188	41	0	23
1786946624.605962166	33	0	188	41	0	23
1786946624.730817319	33	0	188	41	0	23
1786946624.859889990	33	0	188	41	0	23
1786946624.981205813	33	0	188	41	0	23
1786946625.106885538	33	0	188	41	0	23
1786946625.227529556	33	0	188	41	0	23
1786946625.348240896	33	0	188	41	0	23
1786946625.469808722	33	0	188	41	2304	23
1786946625.594984615	33	0	188	41	0	23
1786946625.716300498	33	0	188	41	0	23
1786946625.841168906	33	0	188	41	0	23
1786946625.962251382	33	0	188	41	0	23
1786946626.083404276	33	0	188	41	0	23
1786946626.204488267	33	0	188	41	0	23
1786946626.325230922	33	0	188	41	0	23
1786946626.446839409	33	0	188	41	0	23
1786946626.568258987	33	0	188	41	0	23
1786946626.693260049	33	0	188	41	0	23
1786946626.814135799	33	0	188	41	0	23
1786946626.935583633	33	0	188	41	0	23
1786946627.060631736	33	0	188	41	0	23
1786946627.181358252	33	0	188	41	0	23
1786946627.303735532	33	0	188	41	0	23
1786946627.424585100	33	0	188	41	0	23
1786946627.553064712	33	0	188	41	0	23
1786946627.674379475	33	0	188	41	0	23
1786946627.795513262	33	0	188	41	0	23
1786946627.917276783	33	0	188	41	0	23
1786946628.039397106	33	0	188	41	0	23
1786946628.164159618	33	0	188	41	0	23
1786946628.288723715	33	0	188	41	0	23
1786946628.409191934	33	0	188	41	0	23
1786946628.534205048	33	0	188	41	0	23
1786946628.659176278	33	0	188	41	0	23
1786946628.781109845	33	0	188	41	0	23
1786946628.909992853	33	0	188	41	0	23
1786946629.045534111	33	0	188	41	0	23
1786946629.170329133	33	0	188	41	0	23
1786946629.291123669	33	0	188	41	0	23
1786946629.412212831	33	0	188	41	0	23
1786946629.533617471	33	0	188	41	0	23
1786946629.661937871	33	0	188	41	0	23
1786946629.782963624	33	0	188	41	0	23
1786946629.904352360	33	0	188	41	0	23
1786946630.025557402	33	0	188	41	0	23
1786946630.146417614	33	0	188	41	0	23
1786946630.266769212	33	0	188	41	0	23
1786946630.391075056	33	0	188	41	0	23
1786946630.512200847	33	0	188	41	0	23
1786946630.636893778	33	0	188	41	0	23
1786946630.765222485	33	0	188	41	2304	23
1786946630.886711084	33	0	188	41	0	23
1786946631.007755627	33	0	188	41	2304	23
1786946631.128682478	33	0	188	41	0	23
1786946631.249569934	33	0	188	41	0	23
1786946631.374245944	33	0	188	41	0	23
1786946631.495226168	33	0	188	41	0	23
1786946631.617017273	33	0	188	41	0	23
1786946631.740951402	33	0	188	41	0	23
1786946631.861910617	33	0	188	41	0	23
1786946631.990040135	33	0	188	41	0	23
1786946632.118567402	33	0	188	41	0	23
1786946632.239096042	33	0	188	41	0	23
1786946632.360235828	33	0	188	41	0	23
1786946632.482535116	33	0	188	41	0	23
1786946632.603655895	33	0	188	41	0	23
1786946632.726600459	33	0	188	41	0	23
1786946632.851930774	33	0	188	41	0	23
1786946632.980777459	33	0	188	41	0	23
1786946633.106058478	33	0	188	41	0	23
1786946633.226832758	33	0	188	41	0	23
1786946633.348211389	33	0	188	41	0	23
1786946633.471931629	33	0	188	41	0	23
1786946633.593644066	33	0	188	41	0	23
1786946633.715222924	33	0	188	41	0	23
1786946633.839983813	33	0	188	41	0	23
1786946633.965525614	33	0	188	41	0	23
1786946634.086482219	33	0	188	41	0	23
1786946634.210776004	33	0	188	41	0	23
1786946634.331302649	33	0	188	41	0	23
1786946634.452529140	33	0	188	41	0	23
1786946634.574172563	33	0	188	41	0	23
1786946634.695607706	33	0	188	41	0	23
1786946634.819655690	33	0	188	41	0	23
1786946634.941506924	33	0	188	41	0	23
1786946635.063000386	33	0	188	41	0	23
1786946635.185487525	33	0	188	41	0	23
1786946635.306716799	33	0	188	41	0	23
1786946635.436483622	33	0	188	41	0	23
1786946635.557481929	33	0	188	41	0	23
1786946635.686821668	33	0	188	41	0	23
1786946635.815640332	33	0	188	41	0	23
1786946635.941417704	33	0	188	41	0	23
1786946636.062765768	33	0	188	41	0	23
1786946636.188083946	33	0	188	41	0	23
1786946636.308650577	33	0	188	41	0	23
1786946636.430077927	33	0	188	41	0	23
1786946636.551434544	33	0	188	41	0	23
1786946636.677478863	33	0	188	41	0	23
1786946636.802559186	33	0	188	41	0	23
1786946636.924519526	33	0	188	41	0	23
1786946637.045584296	33	0	188	41	0	23
1786946637.166609471	33	0	188	41	0	23
1786946637.287114021	33	0	188	41	0	23
1786946637.408657413	33	0	188	41	0	23
1786946637.530367372	33	0	188	41	0	23
1786946637.654781440	33	0	188	41	0	23
1786946637.775872473	33	0	188	41	0	23
1786946637.899218591	33	0	188	41	0	23
1786946638.027920630	33	0	188	41	0	23
1786946638.152564701	33	0	188	41	0	23
1786946638.273174945	33	0	188	41	0	23
1786946638.394686862	33	0	188	41	0	23
1786946638.516011139	33	0	188	41	0	23
1786946638.637119211	33	0	188	41	0	23
1786946638.758388299	33	0	188	41	0	23
1786946638.880060602	33	0	188	41	0	23
1786946639.000958727	33	0	188	41	0	23
1786946639.121895211	33	0	188	41	0	23
1786946639.242819222	33	0	188	41	0	23
1786946639.363578490	33	0	188	41	0	23
1786946639.485994765	33	0	188	41	0	23
1786946639.614689159	33	0	188	41	2304	23
1786946639.739890686	33	0	188	41	0	23
1786946639.865074462	33	0	188	41	0	23
1786946639.998040948	33	0	188	41	0	23
1786946640.119460339	33	0	188	41	0	23
1786946640.239980582	33	0	188	41	0	23
1786946640.364572525	33	0	188	41	0	23
1786946640.486494125	33	0	188	41	0	23
1786946640.608108572	33	0	188	41	0	23
1786946640.729439365	33	0	188	41	0	23
1786946640.854893600	33	0	188	41	0	23
1786946640.978150598	33	0	188	41	0	23
1786946641.107288292	33	0	188	41	0	23
1786946641.232304366	33	0	188	41	0	23
1786946641.353007907	33	0	188	41	0	23
1786946641.474133807	33	0	188	41	0	23
1786946641.603539097	33	0	188	41	0	23
1786946641.731718235	33	0	188	41	0	23
1786946641.860300417	33	0	188	41	0	23
1786946641.981561460	33	0	188	41	0	23
1786946642.110234221	33	0	188	41	0	23
1786946642.231543666	33	0	188	41	0	23
1786946642.353418517	33	0	188	41	0	23
1786946642.474515715	33	0	188	41	0	23
1786946642.595705619	33	0	188	41	0	23
1786946642.716927702	33	0	188	41	0	23
1786946642.838672525	33	0	188	41	0	23
1786946642.960181170	33	0	188	41	0	23
1786946643.083055801	33	0	188	41	0	23
1786946643.204742410	33	0	188	41	0	23
1786946643.324814280	33	0	188	41	0	23
1786946643.450098729	33	0	188	41	0	23
1786946643.575063246	33	0	188	41	0	23
1786946643.703591990	33	0	188	41	0	23
1786946643.825304406	33	0	188	41	0	23
1786946643.946693067	33	0	188	41	0	23
1786946644.067712950	33	0	188	41	0	23
1786946644.188700851	33	0	188	41	0	23
1786946644.309333068	33	0	188	41	0	23
1786946644.430632732	33	0	188	41	0	23
1786946644.552354060	33	0	188	41	0	23
1786946644.675402835	33	0	188	41	2304	23
1786946644.803569646	33	0	188	41	0	23
1786946644.928499112	33	0	188	41	0	23
1786946645.053426419	33	0	188	41	0	23
1786946645.174149498	33	0	188	41	0	23
1786946645.302465968	33	0	188	41	0	23
1786946645.423508751	33	0	188	41	0	23
1786946645.548442892	33	0	188	41	0	23
1786946645.673217663	33	0	188	41	0	23
1786946645.794113452	33	0	188	41	0	23
1786946645.922862580	33	0	188	41	0	23
1786946646.044098133	33	0	188	41	0	23
1786946646.164905545	33	0	188	41	0	23
1786946646.289440335	33	0	188	41	0	23
1786946646.410062336	33	0	188	41	0	23
1786946646.531567235	33	0	188	41	0	23
1786946646.652879545	33	0	188	41	0	23
1786946646.774333642	33	0	188	41	0	23
1786946646.895510031	33	0	188	41	0	23
1786946647.024082690	33	0	188	41	0	23
1786946647.144860461	33	0	188	41	0	23
1786946647.269184378	33	0	188	41	0	23
1786946647.397689481	33	0	188	41	0	23
1786946647.519123437	33	0	188	41	0	23
1786946647.640204062	33	0	188	41	0	23
1786946647.761183749	33	0	188	41	0	23
1786946647.882489454	33	0	188	41	0	23
1786946648.004256071	33	0	188	41	0	23
1786946648.125548969	33	0	188	41	0	23
1786946648.252870450	33	0	188	41	0	23
1786946648.381619693	33	0	188	41	0	23
1786946648.506529760	33	0	188	41	0	23
1786946648.642309412	33	0	188	41	0	23
1786946648.766959325	33	0	188	41	0	23
1786946648.888159942	33	0	188	41	0	23
1786946649.016383995	33	0	188	41	0	23
1786946649.141221506	33	0	188	41	0	23
1786946649.261813689	33	0	188	41	0	23
1786946649.390057210	33	0	188	41	0	23
1786946649.521821394	33	0	188	41	0	23
1786946649.642770596	33	0	188	41	0	23
1786946649.767543756	33	0	188	41	0	23
1786946649.896458505	33	0	188	41	0	23
1786946650.021203067	33	0	188	41	0	23
1786946650.142101569	33	0	188	41	0	23
1786946650.262097397	33	0	188	41	0	23
1786946650.383510824	33	0	188	41	0	23
1786946650.504661711	33	0	188	41	0	23
1786946650.641030612	33	0	188	41	0	23
1786946650.765268423	33	0	188	41	0	23
1786946650.890978762	33	0	188	41	0	23
1786946651.012489664	33	0	188	41	0	23
1786946651.136080070	33	0	188	41	0	23
1786946651.257107694	33	0	188	41	0	23
1786946651.378266316	33	0	188	41	0	23
1786946651.502800305	33	0	188	41	0	23
1786946651.626990548	33	0	188	41	0	23
1786946651.752214441	33	0	188	41	0	23
1786946651.880638074	33	0	188	41	0	23
1786946652.001883716	33	0	188	41	0	23
1786946652.134691161	33	0	188	41	0	23
1786946652.259856751	33	0	188	41	0	23
1786946652.380792513	33	0	188	41	0	23
1786946652.505421535	33	0	188	41	0	23
1786946652.626581849	33	0	188	41	0	23
1786946652.748020522	33	0	188	41	0	23
1786946652.870230728	33	0	188	41	0	23
1786946652.991463544	33	0	188	41	0	23
1786946653.116814630	33	0	188	41	0	23
1786946653.241236177	33	0	188	41	0	23
1786946653.361595365	33	0	188	41	0	23
1786946653.485610552	33	0	188	41	0	23
1786946653.617397725	33	0	188	41	0	23
1786946653.738699268	33	0	188	41	0	23
1786946653.864229895	33	0	188	41	0	23
1786946654.010501950	33	0	188	41	0	23
1786946654.131409452	33	0	188	41	0	23
1786946654.255808275	33	0	188	41	0	23
1786946654.376846942	33	0	188	41	0	23
1786946654.498126347	33	0	188	41	0	23
1786946654.619391011	33	0	188	41	0	23
1786946654.745111448	33	0	188	41	0	23
1786946654.866276481	33	0	188	41	0	23
1786946654.988240205	33	0	188	41	0	23
1786946655.109332730	33	0	188	41	0	23
1786946655.230614337	33	0	188	41	0	23
1786946655.352013367	33	0	188	41	0	23
1786946655.472895180	33	0	188	41	0	23
1786946655.593875567	33	0	188	41	0	23
1786946655.719172600	33	0	188	41	0	23
1786946655.840375232	33	0	188	41	0	23
1786946655.962142679	33	0	188	41	0	23
1786946656.083889588	33	0	188	41	0	23
1786946656.205720086	33	0	188	41	0	23
1786946656.326432660	33	0	188	41	0	23
1786946656.460078135	33	0	188	41	0	23
1786946656.589547175	33	0	188	41	0	23
1786946656.715061307	33	0	188	41	0	23
1786946656.840505489	33	0	188	41	0	23
1786946656.961513097	33	0	188	41	0	23
1786946657.083345996	33	0	188	41	0	23
1786946657.204533750	33	0	188	41	0	23
1786946657.329261865	33	0	188	41	0	23
1786946657.450782655	33	0	188	41	0	23
1786946657.571723670	33	0	188	41	0	23
1786946657.693075858	33	0	188	41	0	23
1786946657.815090326	33	0	188	41	0	23
1786946657.940338774	33	0	188	41	0	23
1786946658.061217024	33	0	188	41	0	23
1786946658.182156801	33	0	188	41	0	23
1786946658.302984828	33	0	188	41	0	23
1786946658.423782614	33	0	188	41	0	23
1786946658.549249292	33	0	188	41	0	23
1786946658.678223060	33	0	188	41	0	23
1786946658.811684500	33	0	188	41	0	23
1786946658.943305049	33	0	188	41	0	23
1786946659.064866369	33	0	188	41	0	23
1786946659.186483139	33	0	188	41	0	23
1786946659.307092038	33	0	188	41	0	23
1786946659.436754789	33	0	188	41	0	23
1786946659.560315743	33	0	188	41	0	23
1786946659.686496083	33	0	188	41	0	23
1786946659.819671949	33	0	188	41	0	23
1786946659.945369202	33	0	188	41	0	23
1786946660.070792629	33	0	188	41	0	23
1786946660.191639709	33	0	188	41	0	23
1786946660.312835300	33	0	188	41	0	23
1786946660.438146852	33	0	188	41	0	23
1786946660.561017448	33	0	188	41	0	23
1786946660.686295702	33	0	188	41	0	23
1786946660.815654685	33	0	188	41	0	23
1786946660.944979472	33	0	188	41	0	23
1786946661.082000782	33	0	188	41	0	23
1786946661.207701792	33	0	188	41	0	23
1786946661.328070657	33	0	188	41	0	23
1786946661.448805531	33	0	188	41	0	23
1786946661.570803253	33	0	188	41	0	23
1786946661.700024206	33	0	188	41	0	23
1786946661.821158866	33	0	188	41	0	23
1786946661.950264374	33	0	188	41	0	23
1786946662.074278485	33	0	188	41	0	23
1786946662.199475697	33	0	188	41	0	23
1786946662.323949224	33	0	188	41	0	23
1786946662.444534130	33	0	188	41	0	23
1786946662.568340847	33	0	188	41	0	23
1786946662.688522155	33	0	188	41	0	23
1786946662.813022549	33	0	188	41	0	23
1786946662.937661695	33	0	188	41	0	23
1786946663.062114465	33	0	188	41	0	23
1786946663.186468835	33	0	188	41	0	23
1786946663.306566445	33	0	188	41	0	23
1786946663.426787220	33	0	188	41	0	23
1786946663.551298302	33	0	188	41	0	23
1786946663.671280631	33	0	188	41	0	23
1786946663.791853762	33	0	188	41	0	23
1786946663.912427056	33	0	188	41	0	23
1786946664.032914479	33	0	188	41	0	23
1786946664.152936950	33	0	188	41	0	23
1786946664.272878315	33	0	188	41	0	23
1786946664.396796040	33	0	188	41	0	23
1786946664.517271442	33	0	188	41	0	23
1786946664.641628509	33	0	188	41	0	23
1786946664.769148058	33	0	188	41	0	23
1786946664.893569211	33	0	188	41	0	23
1786946665.018107974	33	0	188	41	0	23
1786946665.139008985	33	0	188	41	0	23
1786946665.258928158	33	0	188	41	0	23
1786946665.378816297	33	0	188	41	0	23
1786946665.499073149	33	0	188	41	0	23
1786946665.619633447	33	0	188	41	0	23
1786946665.739827143	33	0	188	41	0	23
1786946665.860325291	33	0	188	41	0	23
1786946665.980297748	33	0	188	41	0	23
1786946666.100331340	33	0	188	41	0	23
1786946666.220297628	33	0	188	41	0	23
1786946666.339763340	33	0	188	41	0	23
1786946666.463742995	33	0	188	41	0	23
1786946666.586729146	33	0	188	41	0	23
1786946666.707058844	33	0	188	41	0	23
1786946666.835308310	33	0	188	41	0	23
1786946666.959570487	33	0	188	41	0	23
1786946667.079606871	33	0	188	41	0	23
1786946667.199220271	33	0	188	41	0	23
1786946667.319205975	33	0	188	41	0	23
1786946667.439241628	33	0	188	41	0	23
1786946667.559437128	33	0	188	41	0	23
1786946667.680420414	33	0	188	41	0	23
1786946667.800668263	33	0	188	41	0	23
1786946667.920787034	33	0	188	41	0	23
1786946668.047927081	33	0	188	41	0	23
1786946668.168001556	33	0	188	41	0	23
1786946668.291821144	33	0	188	41	0	23
1786946668.411942843	33	0	188	41	0	23
1786946668.532345997	33	0	188	41	0	23
1786946668.652874527	33	0	188	41	0	23
1786946668.773358775	33	0	188	41	0	23
1786946668.901514688	33	0	188	41	0	23
1786946669.026025491	33	0	188	41	0	23
1786946669.146888468	33	0	188	41	0	23
1786946669.269713694	33	0	188	41	0	23
1786946669.389393151	33	0	188	41	0	23
1786946669.513518292	33	0	188	41	0	23
1786946669.637603369	33	0	188	41	0	23
1786946669.764800987	33	0	188	41	0	23
1786946669.892530819	33	0	188	41	0	23
1786946670.012825068	33	0	188	41	0	23
1786946670.133220944	33	0	188	41	0	23
1786946670.253505678	33	0	188	41	0	23
1786946670.372807838	33	0	188	41	0	23
1786946670.492832357	33	0	188	41	0	23
1786946670.616135018	33	0	188	41	0	23
1786946670.740504231	33	0	188	41	0	23
1786946670.860927293	33	0	188	41	0	23
1786946670.981804491	33	0	188	41	0	23
1786946671.102501259	33	0	188	41	0	23
1786946671.223167326	33	0	188	41	0	23
1786946671.346397302	33	0	188	41	0	23
1786946671.470114137	33	0	188	41	0	23
1786946671.590209276	33	0	188	41	0	23
1786946671.714308240	33	0	188	41	0	23
1786946671.845136725	33	0	188	41	0	23
1786946671.971939724	33	0	188	41	0	23
1786946672.092194813	33	0	188	41	0	23
1786946672.215651190	33	0	188	41	0	23
1786946672.338278225	33	0	188	41	0	23
1786946672.462083622	33	0	188	41	0	23
1786946672.586102668	33	0	188	41	0	23
1786946672.712754470	33	0	188	41	0	23
1786946672.833310709	33	0	188	41	0	23
1786946672.965033528	33	0	188	41	0	23
1786946673.085886193	33	0	188	41	0	23
1786946673.213134350	33	0	188	41	0	23
1786946673.343250803	33	0	188	41	0	23
1786946673.463202219	33	0	188	41	0	23
1786946673.591049224	33	0	188	41	0	23
1786946673.711585609	33	0	188	41	0	23
1786946673.842428450	33	0	188	41	0	23
1786946673.962957162	33	0	188	41	0	23
1786946674.089910506	33	0	188	41	0	23
1786946674.212864104	33	0	188	41	0	23
1786946674.332652615	33	0	188	41	0	23
1786946674.452849522	33	0	188	41	0	23
1786946674.576381212	33	0	188	41	0	23
1786946674.701185692	33	0	188	41	0	23
1786946674.825712086	33	0	188	41	0	23
1786946674.946311690	33	0	188	41	0	23
1786946675.066944238	33	0	188	41	0	23
1786946675.190505443	33	0	188	41	0	23
1786946675.310417775	33	0	188	41	0	23
1786946675.430572278	33	0	188	41	0	23
1786946675.550940566	33	0	188	41	0	23
1786946675.671254990	33	0	188	41	0	23
1786946675.791468459	33	0	188	41	0	23
1786946675.915464444	33	0	188	41	0	23
1786946676.043578268	33	0	188	41	0	23
1786946676.163577130	33	0	188	41	0	23
1786946676.283823260	33	0	188	41	0	23
1786946676.402984613	33	0	188	41	0	23
1786946676.526915245	33	0	188	41	0	23
1786946676.651649595	33	0	188	41	0	23
1786946676.776605116	33	0	188	41	0	23
1786946676.900475753	33	0	188	41	0	23
1786946677.024928709	33	0	188	41	0	23
1786946677.145613405	33	0	188	41	0	23
1786946677.265946250	33	0	188	41	0	23
1786946677.385454104	33	0	188	41	0	23
1786946677.505159777	33	0	188	41	0	23
1786946677.637557025	33	0	188	41	0	23
1786946677.766485350	33	0	188	41	0	23
1786946677.891059380	33	0	188	41	0	23
1786946678.010976468	33	0	188	41	0	23
1786946678.130943709	33	0	188	41	0	23
1786946678.250719027	33	0	188	41	0	23
1786946678.370242740	33	0	188	41	0	23
1786946678.494404121	33	0	188	41	0	23
1786946678.614806858	33	0	188	41	0	23
1786946678.735604893	33	0	188	41	0	23
1786946678.856273831	33	0	188	41	0	23
1786946678.976954661	33	0	188	41	0	23
1786946679.101544546	33	2304	188	41	0	23
1786946679.221762449	33	0	188	41	0	23
1786946679.341213300	33	0	188	41	0	23
1786946679.461232673	33	0	188	41	0	23
1786946679.581896960	33	0	188	41	0	23
1786946679.702242158	33	0	188	41	0	23
1786946679.822859664	33	0	188	41	0	23
1786946679.943268990	33	0	188	41	0	23
1786946680.063931116	33	0	188	41	0	23
1786946680.192445264	33	0	188	41	0	23
1786946680.313651548	33	0	188	41	0	23
1786946680.437622619	33	0	188	41	0	23
1786946680.558009495	33	0	188	41	0	23
1786946680.677977527	33	0	188	41	0	23
1786946680.798146178	33	0	188	41	0	23
1786946680.919311419	33	0	188	41	0	23
1786946681.043002167	33	0	188	41	0	23
1786946681.166568165	33	0	188	41	0	23
1786946681.286092855	33	0	188	41	0	23
1786946681.405999214	33	0	188	41	0	23
1786946681.526707288	33	0	188	41	0	23
1786946681.655790018	33	0	188	41	0	23
1786946681.780478583	33	0	188	41	0	23
1786946681.900698274	33	0	188	41	0	23
1786946682.020945615	33	0	188	41	0	23
1786946682.145372180	33	0	188	41	0	23
1786946682.267943249	33	0	188	41	0	23
1786946682.387750834	33	0	188	41	0	23
1786946682.507560998	33	0	188	41	0	23
1786946682.628045107	33	0	188	41	0	23
1786946682.748377346	33	0	188	41	0	23
1786946682.868678099	33	0	188	41	0	23
1786946682.989268552	33	0	188	41	0	23
1786946683.117287014	33	0	188	41	0	23
1786946683.237508262	33	0	188	41	0	23
1786946683.364838457	33	0	188	41	0	23
1786946683.485722443	33	0	188	41	0	23
1786946683.609797954	33	0	188	41	0	23
1786946683.730255764	33	0	188	41	0	23
1786946683.858577754	33	0	188	41	0	23
1786946683.978999114	33	0	188	41	0	23
1786946684.099405529	33	0	188	41	0	23
1786946684.223501349	33	0	188	41	0	23
1786946684.343051645	33	0	188	41	0	23
1786946684.463144927	33	0	188	41	0	23
1786946684.591786533	33	0	188	41	0	23
1786946684.716257400	33	0	188	41	0	23
1786946684.840441742	33	0	188	41	0	23
1786946684.964978814	33	0	188	41	0	23
1786946685.085407844	33	0	188	41	0	23
1786946685.213977061	33	0	188	41	0	23
1786946685.337601618	33	0	188	41	0	23
1786946685.460945651	33	0	188	41	0	23
1786946685.581476026	33	0	188	41	0	23
1786946685.702221266	33	0	188	41	0	23
1786946685.823236691	33	0	188	41	0	23
1786946685.943756301	33	0	188	41	0	23
1786946686.067770950	33	0	188	41	0	23
1786946686.187598012	33	0	188	41	0	23
1786946686.307600569	33	0	188	41	0	23
1786946686.427463717	33	0	188	41	0	23
1786946686.547896834	33	0	188	41	0	23
1786946686.672829839	33	0	188	41	0	23
1786946686.797278216	33	0	188	41	0	23
1786946686.917734405	33	0	188	41	0	23
1786946687.038279818	33	0	188	41	0	23
1786946687.158325188	33	0	188	41	0	23
1786946687.278582519	33	0	188	41	0	23
1786946687.398357370	33	0	188	41	0	23
1786946687.518317194	33	0	188	41	0	23
1786946687.642902013	33	0	188	41	0	23
1786946687.771375128	33	0	188	41	0	23
1786946687.898851847	33	0	188	41	0	23
1786946688.027462199	33	0	188	41	0	23
1786946688.151469129	33	0	188	41	0	23
1786946688.274488441	33	0	188	41	0	23
1786946688.394180945	33	0	188	41	0	23
1786946688.514215519	33	0	188	41	0	23
1786946688.634703753	33	0	188	41	0	23
1786946688.754980221	33	0	188	41	0	23
1786946688.883266642	33	0	188	41	0	23
1786946689.004061761	33	0	188	41	0	23
1786946689.132210414	33	0	188	41	0	23
1786946689.255409993	33	0	188	41	0	23
1786946689.374787366	33	0	188	41	0	23
1786946689.494623517	33	0	188	41	0	23
1786946689.619191338	33	0	188	41	0	23
1786946689.740094241	33	0	188	41	0	23
1786946689.860825679	33	0	188	41	0	23
1786946689.981066460	33	0	188	41	0	23
1786946690.105439873	33	0	188	41	0	23
1786946690.225646732	33	0	188	41	0	23
1786946690.345606968	33	0	188	41	0	23
1786946690.469410338	33	0	188	41	2304	23
1786946690.590863509	33	0	188	41	0	23
1786946690.718813477	33	0	188	41	0	23
1786946690.838850470	33	0	188	41	0	23
1786946690.959448963	33	0	188	41	0	23
1786946691.086894967	33	0	188	41	0	23
1786946691.206865729	33	0	188	41	0	23
1786946691.326677946	33	0	188	41	0	23
1786946691.450871932	33	0	188	41	0	23
1786946691.571275155	33	0	188	41	0	23
1786946691.691678179	33	0	188	41	0	23
1786946691.815832934	33	0	188	41	0	23
1786946691.943738101	33	0	188	41	0	23
1786946692.064579563	33	0	188	41	0	23
1786946692.184434731	33	0	188	41	0	23
1786946692.303843180	33	0	188	41	0	23
1786946692.427875982	33	0	188	41	0	23
1786946692.548335181	33	0	188	41	0	23
1786946692.668888845	33	0	188	41	0	23
1786946692.791680365	33	0	188	41	0	23
1786946692.913724594	33	0	188	41	0	23
1786946693.038790739	33	0	188	41	0	23
1786946693.159054281	33	0	188	41	0	23
1786946693.279203778	33	0	188	41	0	23
1786946693.398821347	33	0	188	41	0	23
1786946693.518690284	33	0	188	41	0	23
1786946693.639262650	33	0	188	41	0	23
1786946693.763208154	33	0	188	41	0	23
1786946693.883675174	33	0	188	41	0	23
1786946694.007830520	33	0	188	41	0	23
1786946694.128218556	33	0	188	41	0	23
1786946694.248279473	33	0	188	41	0	23
1786946694.374752593	33	0	188	41	0	23
1786946694.495059091	33	0	188	41	0	23
1786946694.615507785	33	0	188	41	0	23
1786946694.736188684	33	0	188	41	0	23
1786946694.856616710	33	0	188	41	0	23
1786946694.980673333	33	0	188	41	0	23
1786946695.108666777	33	0	188	41	0	23
1786946695.228671114	33	0	188	41	0	23
1786946695.351243846	33	0	188	41	0	23
1786946695.474802452	33	0	188	41	0	23
1786946695.594550976	33	0	188	41	0	23
1786946695.718172893	33	0	188	41	0	23
1786946695.842118721	33	0	188	41	0	23
1786946695.974612761	33	0	188	41	0	23
1786946696.097048343	33	0	188	41	0	23
1786946696.220365807	33	0	188	41	0	23
1786946696.342864348	33	0	188	41	0	23
1786946696.463595768	33	0	188	41	0	23
1786946696.583948597	33	0	188	41	0	23
1786946696.705435284	33	0	188	41	0	23
1786946696.832259030	33	0	188	41	0	23
1786946696.956494218	33	0	188	41	0	23
1786946697.080525141	33	0	188	41	0	23
1786946697.207361804	33	0	188	41	0	23
1786946697.326971804	33	0	188	41	0	23
1786946697.450186102	33	0	188	41	0	23
1786946697.570919919	33	0	188	41	0	23
1786946697.691253158	33	0	188	41	0	23
1786946697.818272756	33	0	188	41	0	23
1786946697.942328299	33	0	188	41	0	23
1786946698.069751073	33	0	188	41	0	23
1786946698.193038107	33	0	188	41	0	23
1786946698.312720690	33	0	188	41	0	23
1786946698.438452629	33	0	188	41	0	23
1786946698.558885761	33	0	188	41	0	23
1786946698.679298071	33	0	188	41	0	23
1786946698.799689946	33	0	188	41	0	23
1786946698.919943206	33	0	188	41	0	23
1786946699.040368140	33	0	188	41	0	23
1786946699.160983686	33	0	188	41	0	23
1786946699.280946887	33	0	188	41	0	23
1786946699.403723870	33	0	188	41	0	23
1786946699.523581713	33	0	188	41	0	23
1786946699.650630367	33	0	188	41	0	23
1786946699.771243862	33	0	188	41	0	23
1786946699.898803012	33	0	188	41	0	23
1786946700.019275015	33	2304	188	41	0	23
1786946700.143307124	33	0	188	41	0	23
1786946700.263080311	33	0	188	41	0	23
1786946700.382382425	33	0	188	41	0	23
1786946700.502459818	33	0	188	41	0	23
1786946700.622961834	33	0	188	41	0	23
1786946700.746864003	33	0	188	41	0	23
1786946700.867309563	33	0	188	41	0	23
1786946700.987999628	33	0	188	41	0	23
1786946701.108830755	33	0	188	41	0	23
1786946701.228725231	33	0	188	41	0	23
1786946701.348165866	33	0	188	41	0	23
1786946701.468150221	33	0	188	41	0	23
1786946701.595642243	33	0	188	41	0	23
1786946701.715890565	33	0	188	41	0	23
1786946701.841649326	33	0	188	41	0	23
1786946701.962184597	33	0	188	41	0	23
1786946702.082759888	33	0	188	41	0	23
1786946702.202928482	33	0	188	41	0	23
1786946702.322464497	33	0	188	41	0	23
1786946702.442236251	33	0	188	41	0	23
1786946702.562710488	33	0	188	41	0	23
1786946702.691789671	33	0	188	41	0	23
1786946702.816501678	33	0	188	41	0	23
1786946702.945267516	33	0	188	41	0	23
1786946703.065814374	33	0	188	41	0	23
1786946703.189734261	33	0	188	41	0	23
1786946703.309386534	33	0	188	41	0	23
1786946703.433492629	33	0	188	41	0	23
1786946703.554050521	33	0	188	41	0	23
1786946703.678896122	33	0	188	41	0	23
1786946703.802956493	33	0	188	41	0	23
1786946703.923250267	33	0	188	41	0	23
1786946704.052425904	33	0	188	41	0	23
1786946704.179863867	33	0	188	41	0	23
1786946704.299689771	33	0	188	41	0	23
1786946704.419411066	33	0	188	41	0	23
1786946704.546462433	33	0	188	41	0	23
1786946704.671162840	33	0	188	41	0	23
1786946704.791400239	33	0	188	41	0	23
1786946704.916061719	33	0	188	41	0	23
1786946705.036294836	33	0	188	41	0	23
1786946705.156508924	33	0	188	41	0	23
1786946705.276829167	33	0	188	41	0	23
1786946705.400616512	33	0	188	41	0	23
1786946705.520842613	33	0	188	41	0	23
1786946705.645651236	33	0	188	41	0	23
1786946705.770436344	33	0	188	41	0	23
1786946705.895334567	33	0	188	41	0	23
1786946706.022605820	33	0	188	41	0	23
1786946706.147534278	33	0	188	41	0	23
1786946706.267763989	33	0	188	41	0	23
1786946706.393463937	33	0	188	41	0	23
1786946706.513254946	33	0	188	41	0	23
1786946706.633521603	33	0	188	41	0	23
1786946706.754089078	33	0	188	41	0	23
1786946706.875053345	33	0	188	41	0	23
1786946706.999330853	33	0	188	41	0	23
1786946707.119524593	33	0	188	41	0	23
1786946707.243573076	33	0	188	41	0	23
1786946707.363205767	33	0	188	41	0	23
1786946707.487586623	33	0	188	41	0	23
1786946707.608061119	33	0	188	41	0	23
1786946707.728536372	33	0	188	41	0	23
1786946707.853197869	33	0	188	41	0	23
1786946707.973727522	33	0	188	41	0	23
1786946708.102600590	33	0	188	41	0	23
1786946708.230562403	33	0	188	41	0	23
1786946708.350343058	33	0	188	41	0	23
1786946708.470464900	33	0	188	41	0	23
1786946708.599261918	33	0	188	41	0	23
1786946708.719373240	33	0	188	41	0	23
1786946708.847176121	33	0	188	41	0	23
1786946708.975220275	33	0	188	41	2304	23
1786946709.095725781	33	0	188	41	0	23
1786946709.218804682	33	0	188	41	0	23
1786946709.339984503	33	0	188	41	0	23
1786946709.460173667	33	0	188	41	0	23
1786946709.580578106	33	0	188	41	0	23
1786946709.709393809	33	0	188	41	0	23
1786946709.829794215	33	0	188	41	0	23
1786946709.957562511	33	0	188	41	0	23
1786946710.078037244	33	0	188	41	0	23
1786946710.201501856	33	0	188	41	0	23
1786946710.321544710	33	0	188	41	0	23
1786946710.446008034	33	0	188	41	0	23
1786946710.570645539	33	0	188	41	0	23
1786946710.695307742	33	0	188	41	0	23
1786946710.822360303	33	0	188	41	0	23
1786946710.946878241	33	0	188	41	0	23
1786946711.079911622	33	0	188	41	0	23
1786946711.199285344	33	0	188	41	0	23
1786946711.326921174	33	0	188	41	0	23
1786946711.451122615	33	0	188	41	0	23
1786946711.571314748	33	0	188	41	0	23
1786946711.691728513	33	0	188	41	0	23
1786946711.816069163	33	0	188	41	0	23
1786946711.940374382	33	0	188	41	0	23
1786946712.060533561	33	0	188	41	0	23
1786946712.180877344	33	0	188	41	0	23
1786946712.300128045	33	0	188	41	0	23
1786946712.423629491	33	0	188	41	0	23
1786946712.553011082	33	0	188	41	0	23
1786946712.677583787	33	0	188	41	0	23
1786946712.802287767	33	0	188	41	0	23
1786946712.922269868	33	0	188	41	0	23
1786946713.043071405	33	0	188	41	0	23
1786946713.167635519	33	0	188	41	0	23
1786946713.292813015	33	0	188	41	0	23
1786946713.412275448	33	0	188	41	0	23
1786946713.531722467	33	0	188	41	0	23
1786946713.652406774	33	0	188	41	0	23
1786946713.778060442	33	0	188	41	0	23
1786946713.906145265	33	2304	188	41	0	23
1786946714.034673416	33	0	188	41	0	23
1786946714.159475180	33	0	188	41	0	23
1786946714.283557922	33	0	188	41	0	23
1786946714.406895900	33	0	188	41	0	23
1786946714.531050347	33	0	188	41	0	23
1786946714.662460417	33	0	188	41	0	23
1786946714.786614842	33	0	188	41	0	23
1786946714.907222062	33	0	188	41	0	23
1786946715.027718715	33	0	188	41	0	23
1786946715.156152623	33	0	188	41	0	23
1786946715.276120504	33	0	188	41	0	23
1786946715.399638925	33	0	188	41	0	23
1786946715.520045843	33	0	188	41	0	23
1786946715.644189922	33	0	188	41	0	23
1786946715.764590706	33	0	188	41	0	23
1786946715.884965151	33	0	188	41	0	23
1786946716.005052271	33	0	188	41	2304	23
1786946716.125190806	33	0	188	41	0	23
1786946716.245305345	33	0	188	41	0	23
1786946716.364113470	33	0	188	41	0	23
1786946716.484185128	33	0	188	41	0	23
1786946716.612901231	33	0	188	41	0	23
1786946716.737533078	33	0	188	41	0	23
1786946716.862101851	33	0	188	41	0	23
1786946716.990599528	33	0	188	41	0	23
1786946717.118376325	33	0	188	41	0	23
1786946717.238069248	33	0	188	41	0	23
1786946717.357462109	33	0	188	41	0	23
1786946717.477073730	33	0	188	41	0	23
1786946717.597411035	33	0	188	41	0	23
1786946717.717855912	33	0	188	41	0	23
1786946717.838178661	33	0	188	41	0	23
1786946717.962778603	33	0	188	41	0	23
1786946718.090823315	33	0	188	41	0	23
1786946718.218762038	33	0	188	41	0	23
1786946718.342264307	33	0	188	41	0	23
1786946718.461960229	33	0	188	41	0	23
1786946718.582542051	33	0	188	41	0	23
1786946718.706755959	33	0	188	41	0	23
1786946718.827595082	33	0	188	41	0	23
1786946718.947635083	33	0	188	41	0	23
1786946719.067573609	33	0	188	41	0	23
1786946719.188217693	33	0	188	41	0	23
1786946719.307551446	33	0	188	41	0	23
1786946719.438819014	33	0	188	41	0	23
1786946719.562798116	33	0	188	41	0	23
1786946719.683504035	33	0	188	41	0	23
1786946719.803804981	33	0	188	41	0	23
1786946719.923725478	33	0	188	41	0	23
1786946720.047921648	33	0	188	41	0	23
1786946720.169218489	33	0	188	41	0	23
1786946720.288598847	33	0	188	41	0	23
1786946720.407879870	33	0	188	41	0	23
1786946720.527743664	33	0	188	41	0	23
1786946720.648200122	33	0	188	41	0	23
1786946720.769343410	33	0	188	41	0	23
1786946720.893528799	33	0	188	41	0	23
1786946721.013801003	33	0	188	41	0	23
1786946721.137858990	33	0	188	41	0	23
1786946721.257483627	33	0	188	41	0	23
1786946721.376781170	33	0	188	41	0	23
1786946721.496508851	33	0	188	41	0	23
1786946721.620117123	33	0	188	41	0	23
1786946721.747396701	33	0	188	41	0	23
1786946721.867707371	33	0	188	41	0	23
1786946721.988413343	33	0	188	41	0	23
1786946722.108746696	33	0	188	41	0	23
1786946722.228539514	33	0	188	41	0	23
1786946722.348119700	33	0	188	41	0	23
1786946722.471707611	33	0	188	41	0	23
1786946722.591948358	33	0	188	41	0	23
1786946722.715945327	33	0	188	41	0	23
1786946722.836753385	33	0	188	41	0	23
1786946722.957815949	33	0	188	41	0	23
1786946723.086832335	33	0	188	41	0	23
1786946723.206855820	33	0	188	41	0	23
1786946723.326048398	33	0	188	41	0	23
1786946723.450651928	33	0	188	41	0	23
1786946723.574160619	33	0	188	41	0	23
1786946723.694510365	33	0	188	41	2304	23
1786946723.815163975	33	0	188	41	0	23
1786946723.939490723	33	0	188	41	0	23
1786946724.060005134	33	0	188	41	0	23
1786946724.191959602	33	0	188	41	0	23
1786946724.311813291	33	0	188	41	0	23
1786946724.431360480	33	0	188	41	0	23
1786946724.551330718	33	0	188	41	0	23
1786946724.671948386	33	0	188	41	0	23
1786946724.792583953	33	0	188	41	0	23
1786946724.916914163	33	0	188	41	0	23
1786946725.045442914	33	0	188	41	0	23
1786946725.165973090	33	0	188	41	0	23
1786946725.297061768	33	0	188	41	0	23
1786946725.417647654	33	0	188	41	0	23
1786946725.548684704	33	0	188	41	0	23
1786946725.668921111	33	0	188	41	0	23
1786946725.796851707	33	0	188	41	0	23
1786946725.917433621	33	0	188	41	0	23
1786946726.044176907	33	0	188	41	0	23
1786946726.168083164	33	0	188	41	0	23
1786946726.288390000	33	0	188	41	0	23
1786946726.407869280	33	0	188	41	0	23
1786946726.527917013	33	0	188	41	0	23
1786946726.657735930	33	0	188	41	0	23
1786946726.778264839	33	0	188	41	0	23
1786946726.903347439	33	0	188	41	0	23
1786946727.027868860	33	0	188	41	0	23
1786946727.152034971	33	0	188	41	0	23
1786946727.274824738	33	0	188	41	0	23
1786946727.405041656	33	0	188	41	0	23
1786946727.525325933	33	0	188	41	0	23
1786946727.652940233	33	0	188	41	0	23
1786946727.773279058	33	0	188	41	0	23
1786946727.901203860	33	0	188	41	0	23
1786946728.022052862	33	0	188	41	0	23
1786946728.144976224	33	0	188	41	0	23
1786946728.272364227	33	0	188	41	0	23
1786946728.391295132	33	0	188	41	0	23
1786946728.510980747	33	0	188	41	0	23
1786946728.635084663	33	0	188	41	0	23
1786946728.755588228	33	0	188	41	0	23
1786946728.875928363	33	0	188	41	0	23
1786946728.996278829	33	0	188	41	0	23
1786946729.117784776	33	0	188	41	0	23
1786946729.237258332	33	0	188	41	0	23
1786946729.356943494	33	0	188	41	0	23
1786946729.480621905	33	0	188	41	0	23
1786946729.603830979	33	0	188	41	0	23
1786946729.725935772	33	0	188	41	0	23
1786946729.852974007	33	0	188	41	0	23
1786946729.977128014	33	0	188	41	0	23
1786946730.097697035	33	0	188	41	0	23
1786946730.217632967	33	0	188	41	0	23
1786946730.340644041	33	0	188	41	0	23
1786946730.460620023	33	0	188	41	0	23
1786946730.587613436	33	0	188	41	0	23
1786946730.711962198	33	0	188	41	0	23
1786946730.837151946	33	0	188	41	0	23
1786946730.957562176	33	0	188	41	0	23
1786946731.077776946	33	0	188	41	0	23
1786946731.198184409	33	0	188	41	0	23
1786946731.317869048	33	0	188	41	0	23
1786946731.437221729	33	0	188	41	0	23
1786946731.559001048	33	0	188	41	0	23
1786946731.686737224	33	0	188	41	0	23
1786946731.806482843	33	0	188	41	0	23
1786946731.927192981	33	0	188	41	0	23
1786946732.050851316	33	0	188	41	0	23
1786946732.171583338	33	0	188	41	0	23
1786946732.291192258	33	0	188	41	0	23
1786946732.409990447	33	0	188	41	0	23
1786946732.529760780	33	0	188	41	0	23
1786946732.653510487	33	0	188	41	0	23
1786946732.773925824	33	0	188	41	0	23
1786946732.895041424	33	0	188	41	0	23
1786946733.018822259	33	0	188	41	0	23
1786946733.146559997	33	0	188	41	0	23
1786946733.266267945	33	0	188	41	0	23
1786946733.385390611	33	0	188	41	0	23
1786946733.505325792	33	0	188	41	0	23
1786946733.625863622	33	0	188	41	0	23
1786946733.747584249	33	0	188	41	0	23
1786946733.871185078	33	0	188	41	0	23
1786946733.994980066	33	0	188	41	0	23
1786946734.115503939	33	0	188	41	0	23
1786946734.235280599	33	0	188	41	0	23
1786946734.369198504	33	0	188	41	0	23
1786946734.492978586	33	0	188	41	0	23
1786946734.616667895	33	0	188	41	0	23
1786946734.737085356	33	0	188	41	0	23
1786946734.857747794	33	0	188	41	0	23
1786946734.978858536	33	0	188	41	0	23
1786946735.106501429	33	0	188	41	0	23
1786946735.226397299	33	0	188	41	0	23
1786946735.349298838	33	0	188	41	0	23
1786946735.477997425	33	0	188	41	0	23
1786946735.604324715	33	0	188	41	0	23
1786946735.726913950	33	0	188	41	0	23
1786946735.848505527	33	0	188	41	0	23
1786946735.975403781	33	0	188	41	0	23
1786946736.096747325	33	0	188	41	0	23
1786946736.221574317	33	0	188	41	0	23
1786946736.342330456	33	0	188	41	0	23
1786946736.461934281	33	0	188	41	0	23
1786946736.588743698	33	0	188	41	0	23
1786946736.714295701	33	0	188	41	0	23
1786946736.835673318	33	0	188	41	2304	23
1786946736.958817308	33	2304	188	41	0	23
1786946737.086461703	33	0	188	41	0	23
1786946737.213195134	33	0	188	41	0	23
1786946737.335373945	33	0	188	41	0	23
1786946737.459960107	33	0	188	41	0	23
1786946737.587332848	33	0	188	41	0	23
1786946737.715305785	33	0	188	41	0	23
1786946737.836828804	33	0	188	41	0	23
1786946737.957830337	33	0	188	41	0	23
1786946738.079292722	33	0	188	41	0	23
1786946738.207603925	33	0	188	41	0	23
1786946738.327439806	33	0	188	41	0	23
1786946738.447449534	33	0	188	41	0	23
1786946738.573613877	33	0	188	41	0	23
1786946738.698174198	33	0	188	41	0	23
1786946738.818963723	33	0	188	41	0	23
1786946738.943770248	33	0	188	41	0	23
1786946739.064444338	33	0	188	41	0	23
1786946739.191515368	33	0	188	41	0	23
1786946739.311544595	33	0	188	41	0	23
1786946739.431353245	33	0	188	41	0	23
1786946739.551272923	33	0	188	41	0	23
1786946739.673171485	33	0	188	41	0	23
1786946739.797883298	33	0	188	41	0	23
1786946739.922162956	33	0	188	41	0	23
1786946740.055270292	33	0	188	41	0	23
1786946740.176213781	33	0	188	41	0	23
1786946740.296648168	33	0	188	41	0	23
1786946740.416512615	33	0	188	41	0	23
1786946740.544303809	33	0	188	41	0	23
1786946740.668212339	33	0	188	41	0	23
1786946740.797318718	33	0	188	41	0	23
1786946740.918106293	33	0	188	41	0	23
1786946741.039089175	33	0	188	41	0	23
1786946741.167934210	33	0	188	41	0	23
1786946741.288132968	33	0	188	41	0	23
1786946741.407952884	33	0	188	41	0	23
1786946741.528218534	33	0	188	41	0	23
1786946741.649130186	33	0	188	41	0	23
1786946741.769521471	33	0	188	41	0	23
1786946741.899268903	33	0	188	41	0	23
1786946742.022993007	33	0	188	41	0	23
1786946742.152201800	33	0	188	41	0	23
1786946742.272564297	33	0	188	41	0	23
1786946742.396496222	33	0	188	41	0	23
1786946742.516392150	33	0	188	41	0	23
1786946742.640820524	33	0	188	41	0	23
1786946742.765634067	33	0	188	41	0	23
1786946742.886831536	33	0	188	41	0	23
1786946743.011525196	33	0	188	41	0	23
1786946743.132457910	33	0	188	41	0	23
1786946743.256291011	33	0	188	41	0	23
1786946743.385109183	33	0	188	41	0	23
1786946743.505216137	33	0	188	41	0	23
1786946743.625644785	33	0	188	41	0	23
1786946743.747391176	33	0	188	41	0	23
1786946743.868934534	33	0	188	41	0	23
1786946743.989676534	33	0	188	41	0	23
1786946744.114881517	33	0	188	41	0	23
1786946744.235096063	33	0	188	41	0	23
1786946744.354544551	33	0	188	41	0	23
1786946744.473775602	33	0	188	41	0	23
1786946744.597370920	33	0	188	41	0	23
1786946744.718304698	33	0	188	41	0	23
1786946744.839354236	33	0	188	41	0	23
1786946744.959768712	33	0	188	41	0	23
1786946745.082448676	33	0	188	41	0	23
1786946745.203177557	33	0	188	41	0	23
1786946745.327582586	33	0	188	41	0	23
1786946745.447349911	33	0	188	41	0	23
1786946745.575603120	33	0	188	41	0	23
1786946745.703383795	33	0	188	41	0	23
1786946745.826014546	33	0	188	41	0	23
1786946745.946004566	33	0	188	41	0	23
1786946746.066813471	33	0	188	41	0	23
1786946746.187648833	33	0	188	41	0	23
1786946746.308050938	33	0	188	41	0	23
1786946746.429659757	33	0	188	41	0	23
1786946746.553051154	33	0	188	41	0	23
1786946746.673753236	33	0	188	41	0	23
1786946746.794331894	33	0	188	41	0	23
1786946746.915636461	33	0	188	41	0	23
1786946747.036536656	33	0	188	41	0	23
1786946747.161382300	33	0	188	41	0	23
1786946747.282572291	33	0	188	41	0	23
1786946747.402731977	33	0	188	41	0	23
1786946747.522480223	33	0	188	41	0	23
1786946747.643031011	33	0	188	41	0	23
1786946747.763231853	33	0	188	41	0	23
1786946747.883809959	33	0	188	41	0	23
1786946748.009003521	33	0	188	41	0	23
1786946748.130251565	33	0	188	41	0	23
1786946748.250253775	33	0	188	41	0	23
1786946748.369737816	33	0	188	41	0	23
1786946748.493914347	33	0	188	41	0	23
1786946748.618384133	33	0	188	41	0	23
1786946748.743101991	33	0	188	41	0	23
1786946748.863182475	33	0	188	41	0	23
1786946748.986463162	33	0	188	41	0	23
1786946749.111384747	33	0	188	41	0	23
1786946749.231677680	33	0	188	41	0	23
1786946749.351445479	33	0	188	41	0	23
1786946749.471367934	33	0	188	41	0	23
1786946749.591996449	33	0	188	41	0	23
1786946749.712511985	33	0	188	41	0	23
1786946749.840278478	33	0	188	41	0	23
1786946749.961065981	33	0	188	41	0	23
1786946750.089539230	33	0	188	41	0	23
1786946750.217530046	33	0	188	41	0	23
1786946750.338071221	33	0	188	41	0	23
1786946750.461803534	33	0	188	41	0	23
1786946750.581797575	33	0	188	41	0	23
1786946750.706467409	33	0	188	41	0	23
1786946750.831102418	33	0	188	41	0	23
1786946750.951841811	33	0	188	41	0	23
1786946751.076855828	33	0	188	41	0	23
1786946751.197632377	33	0	188	41	0	23
1786946751.317822411	33	0	188	41	0	23
1786946751.437270861	33	0	188	41	0	23
1786946751.560670260	33	0	188	41	0	23
1786946751.689459906	33	0	188	41	0	23
1786946751.817500220	33	0	188	41	0	23
1786946751.938253491	33	0	188	41	0	23
1786946752.058779946	33	0	188	41	0	23
1786946752.179034898	33	0	188	41	0	23
1786946752.307845381	33	0	188	41	0	23
1786946752.431368252	33	0	188	41	0	23
1786946752.555111765	33	0	188	41	0	23
1786946752.684242802	33	0	188	41	0	23
1786946752.804960253	33	0	188	41	0	23
1786946752.925653664	33	0	188	41	0	23
1786946753.050442078	33	0	188	41	0	23
1786946753.177519159	33	0	188	41	0	23
1786946753.301138051	33	0	188	41	0	23
1786946753.425379093	33	0	188	41	0	23
1786946753.549097001	33	0	188	41	0	23
1786946753.670005304	33	0	188	41	0	23
1786946753.801613749	33	0	188	41	0	23
1786946753.922357310	33	0	188	41	0	23
1786946754.047299166	33	0	188	41	0	23
1786946754.167939440	33	0	188	41	0	23
1786946754.287540874	33	0	188	41	0	23
1786946754.407312516	33	0	188	41	0	23
1786946754.527647305	33	0	188	41	0	23
1786946754.652685317	33	0	188	41	0	23
1786946754.786056070	33	0	188	41	0	23
1786946754.906859659	33	0	188	41	0	23
1786946755.027601285	33	0	188	41	0	23
1786946755.149395927	33	0	188	41	0	23
1786946755.269906633	33	0	188	41	0	23
1786946755.389013991	33	0	188	41	0	23
1786946755.517120923	33	0	188	41	0	23
1786946755.642071047	33	0	188	41	0	23
1786946755.767218098	33	0	188	41	0	23
1786946755.891472904	33	0	188	41	0	23
1786946756.014728475	33	0	188	41	0	23
1786946756.135609777	33	0	188	41	0	23
1786946756.255644143	33	0	188	41	0	23
1786946756.375400998	33	0	188	41	0	23
1786946756.503590709	33	0	188	41	0	23
1786946756.624742078	33	0	188	41	0	23
1786946756.747236669	33	0	188	41	0	23
1786946756.867873534	33	0	188	41	0	23
1786946756.988512087	33	0	188	41	0	23
1786946757.108807439	33	0	188	41	0	23
1786946757.233562138	33	0	188	41	0	23
1786946757.353390298	33	0	188	41	0	23
1786946757.472746658	33	0	188	41	0	23
1786946757.592787938	33	0	188	41	0	23
1786946757.716639098	33	0	188	41	0	23
1786946757.837437154	33	0	188	41	0	23
1786946757.958144506	33	0	188	41	0	23
1786946758.086773253	33	0	188	41	0	23
1786946758.207772812	33	0	188	41	0	23
1786946758.327858250	33	0	188	41	0	23
1786946758.447817118	33	0	188	41	0	23
1786946758.567772799	33	0	188	41	0	23
1786946758.688435052	33	0	188	41	0	23
1786946758.810968154	33	0	188	41	0	23
1786946758.931746091	33	0	188	41	0	23
1786946759.052299832	33	0	188	41	0	23
1786946759.177088704	33	0	188	41	0	23
1786946759.297260380	33	0	188	41	0	23
1786946759.421092610	33	0	188	41	0	23
1786946759.545627769	33	0	188	41	0	23
1786946759.670588521	33	0	188	41	0	23
1786946759.802635705	33	0	188	41	0	23
1786946759.923228746	33	0	188	41	0	23
1786946760.043951118	33	0	188	41	0	23
1786946760.165331480	33	0	188	41	0	23
1786946760.285323014	33	0	188	41	0	23
1786946760.404506724	33	0	188	41	0	23
1786946760.524698162	33	0	188	41	0	23
1786946760.650511326	33	0	188	41	0	23
1786946760.770505056	33	0	188	41	0	23
1786946760.894740180	33	0	188	41	0	23
1786946761.022953316	33	0	188	41	0	23
1786946761.147771338	33	0	188	41	0	23
1786946761.272031651	33	0	188	41	0	23
1786946761.391733602	33	0	188	41	0	23
1786946761.511433849	33	0	188	41	0	23
1786946761.632202882	33	0	188	41	0	23
1786946761.752625120	33	0	188	41	0	23
1786946761.873395154	33	0	188	41	0	23
1786946762.002288286	33	0	188	41	0	23
1786946762.122934291	33	0	188	41	0	23
1786946762.243192484	33	0	188	41	0	23
1786946762.362596095	33	0	188	41	0	23
1786946762.485566029	33	0	188	41	0	23
1786946762.614101940	33	0	188	41	0	23
1786946762.734656771	33	0	188	41	0	23
1786946762.855369219	33	0	188	41	0	23
1786946762.976393595	33	0	188	41	0	23
1786946763.097447095	33	0	188	41	0	23
1786946763.222493813	33	0	188	41	0	23
1786946763.341486445	33	0	188	41	0	23
1786946763.465191709	33	0	188	41	0	23
1786946763.589446053	33	0	188	41	0	23
1786946763.710115654	33	0	188	41	0	23
1786946763.830584774	33	0	188	41	0	23
1786946763.951217726	33	0	188	41	0	23
1786946764.071579514	33	0	188	41	0	23
1786946764.192610783	33	0	188	41	0	23
1786946764.312619485	33	0	188	41	0	23
1786946764.436229583	33	0	188	41	0	23
1786946764.560859187	33	0	188	41	0	23
1786946764.681296335	33	0	188	41	0	23
1786946764.801760017	33	0	188	41	0	23
1786946764.926689389	33	0	188	41	0	23
1786946765.047495875	33	0	188	41	0	23
1786946765.172255969	33	0	188	41	0	23
1786946765.296577495	33	0	188	41	0	23
1786946765.420238443	33	0	188	41	0	23
1786946765.543780167	33	0	188	41	0	23
1786946765.668180131	33	0	188	41	0	23
1786946765.792227024	33	0	188	41	0	23
1786946765.916867602	33	0	188	41	0	23
1786946766.037656980	33	0	188	41	0	23
1786946766.161815222	33	0	188	41	0	23
1786946766.281780683	33	0	188	41	0	23
1786946766.404588071	33	0	188	41	0	23
1786946766.532733433	33	0	188	41	0	23
1786946766.661717122	33	0	188	41	0	23
1786946766.782143305	33	0	188	41	0	23
1786946766.906683556	33	0	188	41	0	23
1786946767.027476197	33	0	188	41	0	23
1786946767.147463999	33	0	188	41	0	23
1786946767.268360445	33	0	188	41	0	23
1786946767.392438706	33	0	188	41	0	23
1786946767.512761184	33	0	188	41	0	23
1786946767.645219839	33	0	188	41	0	23
1786946767.765906499	33	0	188	41	0	23
1786946767.886159052	33	0	188	41	0	23
1786946768.014295295	33	0	188	41	0	23
1786946768.139054142	33	0	188	41	0	23
1786946768.263611875	33	0	188	41	0	23
1786946768.383449413	33	0	188	41	2304	23
1786946768.503630511	33	0	188	41	0	23
1786946768.628657602	33	0	188	41	0	23
1786946768.748963914	33	0	188	41	0	23
1786946768.876168170	33	0	188	41	0	23
1786946768.996948016	33	0	188	41	0	23
1786946769.121728809	33	0	188	41	0	23
1786946769.246281025	33	0	188	41	0	23
1786946769.370214845	33	0	188	41	0	23
1786946769.490166196	33	0	188	41	0	23
1786946769.610339563	33	0	188	41	0	23
1786946769.730476675	33	0	188	41	0	23
1786946769.850651418	33	0	188	41	0	23
1786946769.971330255	33	0	188	41	0	23
1786946770.092051890	33	0	188	41	0	23
1786946770.220460609	33	0	188	41	0	23
1786946770.343708796	33	0	188	41	0	23
1786946770.463368357	33	0	188	41	0	23
1786946770.587136783	33	0	188	41	0	23
1786946770.708154625	33	0	188	41	0	23
1786946770.828859066	33	0	188	41	0	23
1786946770.949578383	33	0	188	41	0	23
1786946771.074084573	33	0	188	41	0	23
1786946771.195015029	33	0	188	41	0	23
1786946771.323781420	33	0	188	41	0	23
1786946771.443660121	33	0	188	41	0	23
1786946771.563967744	33	0	188	41	0	23
1786946771.684817745	33	0	188	41	0	23
1786946771.809170387	33	0	188	41	0	23
1786946771.929662923	33	0	188	41	0	23
1786946772.050457289	33	0	188	41	0	23
1786946772.171723910	33	0	188	41	0	23
1786946772.294975541	33	0	188	41	0	23
1786946772.414861593	33	0	188	41	0	23
1786946772.538478470	33	0	188	41	0	23
1786946772.662133234	33	0	188	41	0	23
1786946772.786938363	33	0	188	41	0	23
1786946772.907856156	33	0	188	41	0	23
1786946773.028708580	33	0	188	41	0	23
1786946773.160087075	33	0	188	41	0	23
1786946773.283905052	33	0	188	41	0	23
1786946773.403294655	33	0	188	41	0	23
1786946773.523665009	33	0	188	41	0	23
1786946773.647887727	33	0	188	41	0	23
1786946773.772168064	33	0	188	41	0	23
1786946773.894234082	33	0	188	41	0	23
1786946774.014904713	33	0	188	41	0	23
1786946774.135504719	33	0	188	41	0	23
1786946774.255853098	33	0	188	41	0	23
1786946774.375715835	33	0	188	41	0	23
1786946774.495360045	33	0	188	41	0	23
1786946774.619784092	33	0	188	41	0	23
1786946774.740625790	33	0	188	41	0	23
1786946774.860739884	33	0	188	41	0	23
1786946774.983897602	33	0	188	41	0	23
1786946775.104638715	33	0	188	41	0	23
1786946775.232252622	33	0	188	41	0	23
1786946775.352574874	33	0	188	41	0	23
1786946775.475776997	33	0	188	41	0	23
1786946775.602887463	33	0	188	41	0	23
1786946775.723279802	33	0	188	41	0	23
1786946775.844050776	33	0	188	41	0	23
1786946775.968224651	33	0	188	41	0	23
1786946776.102806969	33	0	188	41	0	23
1786946776.223378314	33	0	188	41	0	23
1786946776.347309331	33	0	188	41	0	23
1786946776.467122506	33	0	188	41	0	23
1786946776.587674123	33	0	188	41	0	23
1786946776.711952146	33	0	188	41	0	23
1786946776.833896964	33	0	188	41	0	23
1786946776.958724364	33	0	188	41	0	23
1786946777.079201646	33	0	188	41	0	23
1786946777.200132544	33	0	188	41	0	23
1786946777.319691981	33	0	188	41	0	23
1786946777.443100883	33	0	188	41	0	23
1786946777.563744705	33	0	188	41	0	23
1786946777.687823058	33	0	188	41	0	23
1786946777.808126168	33	0	188	41	0	23
1786946777.928828045	33	0	188	41	0	23
1786946778.049117672	33	0	188	41	0	23
1786946778.169349674	33	0	188	41	0	23
1786946778.289397202	33	0	188	41	0	23
1786946778.408673537	33	0	188	41	0	23
1786946778.532214652	33	0	188	41	0	23
1786946778.652838999	33	0	188	41	0	23
1786946778.773960996	33	0	188	41	0	23
1786946778.905108898	33	0	188	41	0	23
1786946779.025717289	33	0	188	41	0	23
1786946779.146302703	33	0	188	41	0	23
1786946779.266205348	33	0	188	41	0	23
1786946779.389779341	33	0	188	41	0	23
1786946779.509767464	33	0	188	41	0	23
1786946779.630049288	33	0	188	41	0	23
1786946779.750543635	33	0	188	41	0	23
1786946779.870653713	33	0	188	41	0	23
1786946779.997422078	33	0	188	41	0	23
1786946780.122548728	33	0	188	41	0	23
1786946780.250740123	33	0	188	41	0	23
1786946780.370582482	33	0	188	41	0	23
1786946780.496739853	33	0	188	41	0	23
1786946780.620921525	33	0	188	41	0	23
1786946780.743950078	33	0	188	41	0	23
1786946780.864435638	33	0	188	41	0	23
1786946780.985752828	33	0	188	41	0	23
1786946781.110006133	33	0	188	41	0	23
1786946781.234376949	33	0	188	41	0	23
1786946781.358415301	33	0	188	41	0	23
1786946781.481927673	33	0	188	41	0	23
1786946781.602046821	33	0	188	41	0	23
1786946781.726036666	33	0	188	41	0	23
1786946781.847373845	33	0	188	41	0	23
1786946781.968917613	33	0	188	41	0	23
1786946782.089341061	33	0	188	41	0	23
1786946782.209739420	33	0	188	41	0	23
1786946782.329591932	33	0	188	41	0	23
1786946782.449099084	33	0	188	41	0	23
1786946782.569225834	33	0	188	41	0	23
1786946782.693207014	33	0	188	41	0	23
1786946782.813226417	33	0	188	41	0	23
1786946782.933706131	33	0	188	41	0	23
1786946783.054127022	33	0	188	41	0	23
1786946783.178717781	33	0	188	41	0	23
1786946783.298828521	33	0	188	41	2304	23
1786946783.418153561	33	0	188	41	0	23
1786946783.538048577	33	0	188	41	0	23
1786946783.658797049	33	0	188	41	0	23
1786946783.779420783	33	0	188	41	0	23
1786946783.903017333	33	0	188	41	0	23
1786946784.031168465	33	0	188	41	0	23
1786946784.164614797	33	0	188	41	0	23
1786946784.287910102	33	0	188	41	0	23
1786946784.420083112	33	0	188	41	0	23
1786946784.540600945	33	0	188	41	0	23
1786946784.665591461	33	0	188	41	0	23
1786946784.785871887	33	0	188	41	0	23
1786946784.906772916	33	0	188	41	0	23
1786946785.034553286	33	0	188	41	0	23
1786946785.155360596	33	0	188	41	0	23
1786946785.278861103	33	0	188	41	0	23
1786946785.399140179	33	0	188	41	0	23
1786946785.519314197	33	0	188	41	0	23
1786946785.644417181	33	0	188	41	0	23
1786946785.765550456	33	0	188	41	0	23
1786946785.886283362	33	0	188	41	0	23
1786946786.006512092	33	0	188	41	0	23
1786946786.130899240	33	0	188	41	0	23
1786946786.259143236	33	0	188	41	0	23
1786946786.379171589	33	0	188	41	0	23
1786946786.506385265	33	0	188	41	0	23
1786946786.625936060	33	0	188	41	0	23
1786946786.747003297	33	0	188	41	0	23
1786946786.871276351	33	0	188	41	0	23
1786946786.991861059	33	0	188	41	0	23
1786946787.128626491	33	0	188	41	0	23
1786946787.249316427	33	0	188	41	0	23
1786946787.369411397	33	0	188	41	0	23
1786946787.488876687	33	0	188	41	0	23
1786946787.609119749	33	0	188	41	0	23
1786946787.733261026	33	0	188	41	0	23
1786946787.853703002	33	0	188	41	0	23
1786946787.974268516	33	0	188	41	0	23
1786946788.094726003	33	0	188	41	0	23
1786946788.218867069	33	0	188	41	0	23
1786946788.341435161	33	0	188	41	0	23
1786946788.468384333	33	0	188	41	0	23
1786946788.588336802	33	0	188	41	0	23
1786946788.712544910	33	2304	188	41	0	23
1786946788.837020457	33	0	188	41	0	23
1786946788.957521030	33	0	188	41	0	23
1786946789.080938405	33	0	188	41	0	23
1786946789.201483942	33	0	188	41	0	23
1786946789.321949317	33	0	188	41	0	23
1786946789.447868284	33	0	188	41	0	23
1786946789.567991277	33	0	188	41	0	23
1786946789.688545632	33	0	188	41	0	23
1786946789.808783730	33	0	188	41	0	23
1786946789.933586644	33	0	188	41	0	23
1786946790.054198752	33	0	188	41	0	23
1786946790.178043353	33	0	188	41	0	23
1786946790.305456932	33	0	188	41	0	23
1786946790.428155398	33	0	188	41	0	23
1786946790.548212000	33	0	188	41	0	23
1786946790.677153704	33	0	188	41	0	23
1786946790.803756292	33	0	188	41	0	23
1786946790.924778477	33	0	188	41	0	23
1786946791.048951868	33	0	188	41	0	23
1786946791.169286076	33	0	188	41	0	23
1786946791.289412394	33	0	188	41	0	23
1786946791.409139013	33	0	188	41	0	23
1786946791.529594967	33	0	188	41	0	23
1786946791.650097119	33	0	188	41	0	23
1786946791.770422994	33	0	188	41	0	23
1786946791.891159675	33	0	188	41	0	23
1786946792.012306602	33	0	188	41	0	23
1786946792.133472417	33	0	188	41	0	23
1786946792.274299417	33	0	188	41	0	23
1786946792.394182639	33	0	188	41	0	23
1786946792.514023464	33	0	188	41	0	23
1786946792.634812319	33	0	188	41	0	23
1786946792.759345313	33	0	188	41	0	23
1786946792.891460852	33	0	188	41	0	23
1786946793.016536768	33	0	188	41	0	23
1786946793.137200720	33	0	188	41	0	23
1786946793.258046062	33	0	188	41	0	23
1786946793.382222733	33	0	188	41	0	23
1786946793.502040059	33	0	188	41	0	23
1786946793.626245612	33	0	188	41	0	23
1786946793.747126726	33	0	188	41	0	23
1786946793.871281732	33	0	188	41	0	23
1786946793.996567557	33	0	188	41	0	23
1786946794.120761223	33	0	188	41	0	23
1786946794.245139714	33	0	188	41	0	23
1786946794.365079113	33	0	188	41	0	23
1786946794.484145251	33	0	188	41	0	23
1786946794.606910945	33	0	188	41	0	23
1786946794.731594585	33	0	188	41	0	23
1786946794.859184728	33	0	188	41	0	23
1786946794.982999492	33	0	188	41	0	23
1786946795.104271888	33	0	188	41	0	23
1786946795.228658010	33	0	188	41	0	23
1786946795.360378116	33	0	188	41	0	23
1786946795.479389368	33	0	188	41	0	23
1786946795.599686380	33	0	188	41	0	23
1786946795.728458413	33	0	188	41	0	23
1786946795.849373202	33	0	188	41	0	23
1786946795.970295656	33	0	188	41	0	23
1786946796.091416640	33	0	188	41	0	23
1786946796.211840533	33	0	188	41	0	23
1786946796.330877091	33	0	188	41	0	23
1786946796.451084046	33	0	188	41	0	23
1786946796.571155757	33	0	188	41	0	23
1786946796.696207123	33	0	188	41	0	23
1786946796.819156211	33	0	188	41	0	23
1786946796.947451846	33	0	188	41	0	23
1786946797.072006686	33	0	188	41	0	23
1786946797.197331863	33	0	188	41	0	23
1786946797.321087592	33	0	188	41	0	23
1786946797.441020112	33	0	188	41	0	23
1786946797.568124875	33	0	188	41	0	23
1786946797.692087962	33	0	188	41	0	23
1786946797.813254495	33	0	188	41	0	23
1786946797.942143030	33	0	188	41	0	23
1786946798.069888002	33	0	188	41	0	23
1786946798.193959695	33	0	188	41	0	23
1786946798.313621124	33	0	188	41	0	23
1786946798.433342726	33	0	188	41	0	23
1786946798.552972900	33	0	188	41	0	23
1786946798.673815595	33	0	188	41	0	23
1786946798.794267822	33	0	188	41	0	23
1786946798.922171247	33	0	188	41	0	23
1786946799.043067881	33	0	188	41	0	23
1786946799.171636938	33	0	188	41	0	23
1786946799.291912381	33	0	188	41	0	23
1786946799.415236529	33	0	188	41	0	23
1786946799.534737847	33	0	188	41	0	23
1786946799.655690539	33	0	188	41	0	23
1786946799.775956286	33	0	188	41	0	23
1786946799.896531794	33	0	188	41	0	23
1786946800.030802937	33	0	188	41	0	23
1786946800.157403567	33	0	188	41	0	23
1786946800.288870982	33	0	188	41	0	23
1786946800.412392792	33	0	188	41	0	23
1786946800.532568793	33	0	188	41	0	23
1786946800.653325320	33	0	188	41	0	23
1786946800.774267650	33	0	188	41	0	23
1786946800.897028461	33	0	188	41	0	23
1786946801.017711031	33	0	188	41	0	23
1786946801.138396198	33	0	188	41	0	23
1786946801.270235657	33	0	188	41	0	23
1786946801.401901342	33	0	188	41	0	23
1786946801.521860454	33	0	188	41	0	23
1786946801.645284449	33	0	188	41	0	23
1786946801.781231914	33	0	188	41	0	23
1786946801.901232911	33	0	188	41	0	23
1786946802.022022549	33	0	188	41	0	23
1786946802.150534434	33	0	188	41	0	23
1786946802.275221758	33	0	188	41	0	23
1786946802.402345552	33	0	188	41	0	23
1786946802.521327193	33	0	188	41	0	23
1786946802.641255466	33	0	188	41	0	23
1786946802.761652188	33	0	188	41	0	23
1786946802.885029542	33	0	188	41	0	23
1786946803.013882147	33	0	188	41	0	23
1786946803.134266206	33	0	188	41	0	23
1786946803.254647880	33	0	188	41	0	23
1786946803.374746215	33	0	188	41	0	23
1786946803.494763217	33	0	188	41	0	23
1786946803.614893948	33	0	188	41	0	23
1786946803.739529984	33	0	188	41	0	23
1786946803.859759980	33	0	188	41	0	23
1786946803.980426779	33	0	188	41	0	23
1786946804.107795489	33	0	188	41	0	23
1786946804.232362181	33	0	188	41	0	23
1786946804.356708201	33	0	188	41	0	23
1786946804.479953434	33	0	188	41	0	23
1786946804.604331933	33	0	188	41	0	23
1786946804.725059957	33	0	188	41	0	23
1786946804.845536256	33	0	188	41	0	23
1786946804.965974254	33	0	188	41	0	23
1786946805.090199491	33	0	188	41	0	23
1786946805.215562268	33	0	188	41	0	23
1786946805.339459447	33	0	188	41	0	23
1786946805.462890077	33	0	188	41	0	23
1786946805.583465953	33	0	188	41	0	23
1786946805.717409825	33	0	188	41	0	23
1786946805.849681235	33	0	188	41	0	23
1786946805.970519502	33	0	188	41	0	23
1786946806.091013489	33	0	188	41	0	23
1786946806.215281018	33	0	188	41	0	23
1786946806.335457691	33	0	188	41	0	23
1786946806.455241436	33	0	188	41	0	23
1786946806.575265380	33	0	188	41	0	23
1786946806.699888425	33	0	188	41	0	23
1786946806.824617116	33	0	188	41	0	23
1786946806.945221332	33	0	188	41	0	23
1786946807.067012322	33	0	188	41	0	23
1786946807.187910798	33	0	188	41	0	23
1786946807.319371711	33	0	188	41	0	23
1786946807.439370182	33	0	188	41	0	23
1786946807.563239218	33	0	188	41	0	23
1786946807.683715046	33	0	188	41	0	23
1786946807.808001902	33	0	188	41	0	23
1786946807.932200569	33	0	188	41	0	23
1786946808.056257079	33	0	188	41	0	23
1786946808.185803416	33	0	188	41	0	23
1786946808.310371409	33	0	188	41	0	23
1786946808.430054831	33	0	188	41	0	23
1786946808.554434035	33	0	188	41	0	23
1786946808.675490080	33	0	188	41	0	23
1786946808.796010722	33	0	188	41	0	23
1786946808.920633536	33	0	188	41	0	23
1786946809.044082058	33	0	188	41	0	23
1786946809.164865121	33	0	188	41	0	23
1786946809.293097617	33	0	188	41	0	23
1786946809.417486443	33	0	188	41	0	23
1786946809.537495906	33	0	188	41	0	23
1786946809.658274368	33	0	188	41	0	23
1786946809.789387271	33	0	188	41	0	23
1786946809.918166231	33	0	188	41	0	23
1786946810.038797286	33	0	188	41	0	23
1786946810.159454265	33	0	188	41	0	23
1786946810.280232817	33	0	188	41	0	23
1786946810.400497080	33	0	188	41	0	23
1786946810.520365709	33	0	188	41	0	23
1786946810.640465251	33	0	188	41	0	23
1786946810.761111663	33	0	188	41	0	23
1786946810.881835641	33	0	188	41	0	23
1786946811.002191811	33	0	188	41	0	23
1786946811.122909270	33	0	188	41	0	23
1786946811.243391586	33	0	188	41	0	23
1786946811.366896501	33	0	188	41	0	23
1786946811.486254469	33	0	188	41	0	23
1786946811.606246576	33	0	188	41	0	23
1786946811.727582752	33	0	188	41	0	23
1786946811.847836579	33	0	188	41	0	23
1786946811.972680970	33	0	188	41	0	23
1786946812.097597631	33	0	188	41	0	23
1786946812.218071894	33	0	188	41	0	23
1786946812.341563121	33	0	188	41	0	23
1786946812.462224459	33	0	188	41	0	23
1786946812.582031075	33	0	188	41	0	23
1786946812.702581488	33	0	188	41	0	23
1786946812.823465394	33	0	188	41	0	23
1786946812.948923496	33	0	188	41	0	23
1786946813.068883635	33	0	188	41	0	23
1786946813.193071283	33	0	188	41	0	23
1786946813.314252836	33	0	188	41	0	23
1786946813.436493670	33	0	188	41	0	23
1786946813.560059753	33	0	188	41	0	23
1786946813.685255679	33	0	188	41	0	23
1786946813.809440710	33	0	188	41	0	23
1786946813.930120292	33	0	188	41	0	23
1786946814.050730720	33	0	188	41	0	23
1786946814.171424835	33	0	188	41	0	23
1786946814.302864234	33	0	188	41	0	23
1786946814.423027183	33	0	188	41	0	23
1786946814.546596055	33	0	188	41	0	23
1786946814.671736734	33	0	188	41	0	23
1786946814.801117333	33	0	188	41	0	23
1786946814.925375101	33	0	188	41	0	23
1786946815.047213478	33	0	188	41	0	23
1786946815.168127790	33	0	188	41	0	23
1786946815.288635170	33	0	188	41	0	23
1786946815.408963701	33	0	188	41	0	23
1786946815.528690850	33	0	188	41	0	23
1786946815.653130506	33	0	188	41	0	23
1786946815.773646373	33	0	188	41	0	23
1786946815.903381832	33	0	188	41	0	23
1786946816.023910082	33	0	188	41	0	23
1786946816.144390911	33	0	188	41	0	23
1786946816.265124155	33	0	188	41	0	23
1786946816.385246386	33	0	188	41	0	23
1786946816.504897046	33	0	188	41	0	23
1786946816.625197594	33	0	188	41	0	23
1786946816.758260984	33	0	188	41	0	23
1786946816.882937091	33	0	188	41	0	23
1786946817.003324050	33	0	188	41	0	23
1786946817.124048166	33	0	188	41	0	23
1786946817.244796775	33	0	188	41	0	23
1786946817.368946355	33	0	188	41	0	23
1786946817.488785396	33	0	188	41	0	23
1786946817.629569718	33	0	188	41	0	23
1786946817.753923216	33	0	188	41	0	23
1786946817.876227877	33	0	188	41	0	23
1786946818.000468800	33	0	188	41	0	23
1786946818.121569811	33	0	188	41	0	23
1786946818.246216846	33	0	188	41	0	23
1786946818.366048901	33	0	188	41	0	23
1786946818.486773821	33	0	188	41	0	23
1786946818.607184047	33	0	188	41	0	23
1786946818.727893103	33	0	188	41	0	23
1786946818.860980537	33	0	188	41	0	23
1786946818.981510061	33	0	188	41	0	23
1786946819.105865607	33	0	188	41	0	23
1786946819.226572880	33	0	188	41	0	23
1786946819.355454262	33	0	188	41	0	23
1786946819.475710757	33	0	188	41	0	23
1786946819.596409229	33	0	188	41	0	23
1786946819.716944118	33	0	188	41	0	23
1786946819.837414437	33	0	188	41	0	23
1786946819.962366137	33	0	188	41	0	23
1786946820.083678617	33	0	188	41	0	23
1786946820.213002498	33	0	188	41	0	23
1786946820.334212358	33	0	188	41	0	23
1786946820.458572510	33	0	188	41	0	23
1786946820.578695920	33	0	188	41	0	23
1786946820.699230235	33	0	188	41	0	23
1786946820.819524274	33	0	188	41	0	23
1786946820.952887391	33	0	188	41	0	23
1786946821.073126992	33	0	188	41	0	23
1786946821.193404625	33	0	188	41	0	23
1786946821.322499456	33	0	188	41	0	23
1786946821.442665468	33	0	188	41	0	23
1786946821.562585454	33	0	188	41	0	23
1786946821.682258496	33	0	188	41	0	23
1786946821.806367309	33	0	188	41	0	23
1786946821.926405614	33	0	188	41	0	23
1786946822.055039458	33	0	188	41	0	23
1786946822.179758659	33	0	188	41	0	23
1786946822.304228172	33	0	188	41	0	23
1786946822.423868776	33	0	188	41	0	23
1786946822.543261506	33	0	188	41	0	23
1786946822.669238487	33	0	188	41	0	23
1786946822.789896970	33	0	188	41	0	23
1786946822.910122340	33	0	188	41	0	23
1786946823.030286616	33	0	188	41	0	23
1786946823.154258349	33	0	188	41	0	23
1786946823.282423719	33	0	188	41	0	23
1786946823.402085883	33	0	188	41	0	23
1786946823.525810747	33	0	188	41	0	23
1786946823.645767481	33	0	188	41	0	23
1786946823.772838689	33	0	188	41	0	23
1786946823.893387480	33	0	188	41	0	23
1786946824.017477444	33	0	188	41	0	23
1786946824.137902660	33	0	188	41	0	23
1786946824.258640893	33	0	188	41	0	23
1786946824.378141130	33	0	188	41	0	23
1786946824.497528640	33	0	188	41	0	23
1786946824.617417796	33	0	188	41	0	23
1786946824.743088562	33	0	188	41	0	23
1786946824.863498428	33	0	188	41	0	23
1786946824.988387851	33	0	188	41	0	23
1786946825.109019065	33	0	188	41	0	23
1786946825.229565269	33	0	188	41	0	23
1786946825.349010100	33	0	188	41	0	23
1786946825.468491050	33	0	188	41	0	23
1786946825.588468884	33	0	188	41	0	23
1786946825.708890938	33	0	188	41	0	23
1786946825.829143584	33	0	188	41	0	23
1786946825.949125806	33	0	188	41	0	23
1786946826.073647850	33	0	188	41	0	23
1786946826.193889531	33	0	188	41	0	23
1786946826.320475255	33	0	188	41	0	23
1786946826.440058373	33	0	188	41	0	23
1786946826.560019254	33	0	188	41	0	23
1786946826.680157480	33	0	188	41	0	23
1786946826.800416172	33	0	188	41	0	23
1786946826.920380516	33	0	188	41	0	23
1786946827.040266964	33	0	188	41	0	23
1786946827.165176383	33	0	188	41	0	23
1786946827.285545065	33	0	188	41	0	23
1786946827.409005716	33	0	188	41	0	23
1786946827.532632708	33	0	188	41	0	23
1786946827.651924097	33	0	188	41	0	23
1786946827.772575229	33	0	188	41	0	23
1786946827.896452215	33	0	188	41	0	23
1786946828.016756362	33	0	188	41	0	23
1786946828.136804844	33	0	188	41	0	23
1786946828.257286027	33	0	188	41	0	23
1786946828.381365950	33	0	188	41	0	23
1786946828.500808148	33	0	188	41	0	23
1786946828.620618855	33	0	188	41	0	23
1786946828.740932067	33	0	188	41	0	23
1786946828.861133259	33	0	188	41	0	23
1786946828.981590148	33	0	188	41	0	23
1786946829.110195825	33	0	188	41	0	23
1786946829.229921586	33	0	188	41	0	23
1786946829.353456543	33	0	188	41	0	23
1786946829.473143201	33	0	188	41	0	23
1786946829.598022745	33	0	188	41	0	23
1786946829.720731715	33	0	188	41	0	23
1786946829.840565129	33	0	188	41	0	23
1786946829.961003815	33	0	188	41	0	23
1786946830.083946262	33	0	188	41	0	23
1786946830.204414508	33	0	188	41	0	23
1786946830.324152578	33	0	188	41	0	23
1786946830.443691289	33	0	188	41	0	23
1786946830.568128392	33	0	188	41	0	23
1786946830.689127948	33	0	188	41	0	23
1786946830.809249186	33	0	188	41	0	23
1786946830.933971094	33	0	188	41	0	23
1786946831.057916142	33	0	188	41	0	23
1786946831.186599957	33	0	188	41	0	23
1786946831.307658634	33	0	188	41	0	23
1786946831.427051655	33	0	188	41	0	23
1786946831.550149988	33	0	188	41	0	23
1786946831.670648630	33	0	188	41	0	23
1786946831.798440931	33	0	188	41	0	23
1786946831.918733277	33	0	188	41	0	23
1786946832.042944285	33	0	188	41	0	23
1786946832.163188948	33	0	188	41	0	23
1786946832.282588602	33	0	188	41	0	23
1786946832.401894589	33	0	188	41	0	23
1786946832.521219104	33	0	188	41	0	23
1786946832.640955571	33	0	188	41	0	23
1786946832.761532762	33	0	188	41	0	23
1786946832.881890310	33	0	188	41	0	23
1786946833.002475317	33	0	188	41	0	23
1786946833.129273327	33	0	188	41	0	23
1786946833.253266127	33	0	188	41	0	23
1786946833.372426059	33	0	188	41	0	23
1786946833.492073331	33	0	188	41	0	23
1786946833.611863634	33	0	188	41	0	23
1786946833.732326938	33	0	188	41	0	23
1786946833.852547079	33	0	188	41	0	23
1786946833.972722330	33	0	188	41	0	23
1786946834.096508697	33	0	188	41	0	23
1786946834.216869324	33	0	188	41	0	23
1786946834.336941768	33	0	188	41	0	23
1786946834.456828530	33	0	188	41	0	23
1786946834.576976295	33	0	188	41	0	23
1786946834.697362419	33	0	188	41	0	23
1786946834.821914730	33	0	188	41	0	23
1786946834.950264999	33	0	188	41	0	23
1786946835.070670532	33	0	188	41	0	23
1786946835.190406061	33	0	188	41	0	23
1786946835.314120187	33	0	188	41	0	23
1786946835.433499053	33	0	188	41	0	23
1786946835.553071055	33	0	188	41	0	23
1786946835.672792034	33	0	188	41	0	23
1786946835.792958248	33	0	188	41	0	23
1786946835.913227476	33	0	188	41	0	23
1786946836.033412319	33	0	188	41	0	23
1786946836.157388527	33	0	188	41	0	23
1786946836.281363465	33	0	188	41	0	23
1786946836.401786391	33	0	188	41	0	23
1786946836.520706908	33	0	188	41	0	23
1786946836.640496241	33	0	188	41	0	23
1786946836.768831509	33	0	188	41	0	23
1786946836.889258897	33	0	188	41	0	23
1786946837.009179216	33	0	188	41	0	23
1786946837.129476536	33	0	188	41	0	23
1786946837.249656538	33	0	188	41	0	23
1786946837.369609547	33	0	188	41	2304	23
1786946837.489226493	33	0	188	41	0	23
1786946837.608508545	33	0	188	41	0	23
1786946837.728669425	33	0	188	41	0	23
1786946837.852513580	33	0	188	41	0	23
1786946837.972594136	33	0	188	41	0	23
1786946838.103297042	33	0	188	41	0	23
1786946838.223614787	33	0	188	41	0	23
1786946838.343191824	33	0	188	41	2304	23
1786946838.463156041	33	0	188	41	0	23
1786946838.582744094	33	0	188	41	0	23
1786946838.702569127	33	0	188	41	0	23
1786946838.822530778	33	0	188	41	0	23
1786946838.942736703	33	0	188	41	0	23
1786946839.062885670	33	0	188	41	0	23
1786946839.191761868	33	0	188	41	0	23
1786946839.311995280	33	0	188	41	0	23
1786946839.440472396	33	0	188	41	0	23
1786946839.577034416	33	0	188	41	0	23
1786946839.697153488	33	0	188	41	0	23
1786946839.817360595	33	0	188	41	0	23
1786946839.937743213	33	0	188	41	0	23
1786946840.061774910	33	0	188	41	0	23
1786946840.181818268	33	0	188	41	0	23
1786946840.302203974	33	0	188	41	0	23
1786946840.422116636	33	0	188	41	0	23
1786946840.545696370	33	0	188	41	0	23
1786946840.669615981	33	0	188	41	0	23
1786946840.789784989	33	0	188	41	0	23
1786946840.909997297	33	0	188	41	0	23
1786946841.029989582	33	0	188	41	0	23
1786946841.150059245	33	0	188	41	0	23
1786946841.270102100	33	0	188	41	0	23
1786946841.389917573	33	0	188	41	0	23
1786946841.509405079	33	0	188	41	0	23
1786946841.637189718	33	0	188	41	0	23
1786946841.761108225	33	0	188	41	0	23
1786946841.883510418	33	0	188	41	0	23
1786946842.003745735	33	0	188	41	0	23
1786946842.123757231	33	0	188	41	0	23
1786946842.243882590	33	0	188	41	0	23
1786946842.368124602	33	0	188	41	0	23
1786946842.491173995	33	0	188	41	0	23
1786946842.611188640	33	0	188	41	0	23
1786946842.731368397	33	0	188	41	0	23
1786946842.851733945	33	0	188	41	0	23
1786946842.973425917	33	0	188	41	0	23
1786946843.096474835	33	0	188	41	0	23
1786946843.216564592	33	0	188	41	0	23
1786946843.336484354	33	0	188	41	2304	23
1786946843.460626976	33	0	188	41	0	23
1786946843.589547512	33	0	188	41	0	23
1786946843.709467243	33	0	188	41	0	23
1786946843.832877382	33	0	188	41	0	23
1786946843.953174651	33	0	188	41	0	23
1786946844.077114625	33	0	188	41	0	23
1786946844.197275348	33	0	188	41	0	23
1786946844.317533970	33	0	188	41	0	23
1786946844.437396171	33	0	188	41	0	23
1786946844.557177471	33	0	188	41	0	23
1786946844.677220670	33	0	188	41	0	23
1786946844.801135093	33	0	188	41	0	23
1786946844.928210659	33	0	188	41	0	23
1786946845.048389734	33	0	188	41	0	23
1786946845.168744389	33	0	188	41	0	23
1786946845.296680145	33	0	188	41	0	23
1786946845.416367047	33	0	188	41	0	23
1786946845.539550090	33	0	188	41	0	23
1786946845.663499514	33	0	188	41	0	23
1786946845.783516377	33	0	188	41	0	23
1786946845.903580468	33	0	188	41	0	23
1786946846.027813485	33	0	188	41	0	23
1786946846.152040330	33	0	188	41	0	23
1786946846.274887579	33	0	188	41	0	23
1786946846.394789035	33	0	188	41	0	23
1786946846.514639708	33	0	188	41	0	23
1786946846.634856378	33	0	188	41	0	23
1786946846.758934489	33	0	188	41	0	23
1786946846.883768463	33	0	188	41	0	23
1786946847.008372407	33	0	188	41	0	23
1786946847.128521128	33	0	188	41	0	23
1786946847.251620018	33	0	188	41	0	23
1786946847.371632750	33	0	188	41	0	23
1786946847.491156254	33	0	188	41	0	23
1786946847.610918390	33	0	188	41	0	23
1786946847.731066934	33	0	188	41	0	23
1786946847.851521025	33	0	188	41	0	23
1786946847.971902631	33	0	188	41	0	23
1786946848.104475372	33	0	188	41	0	23
1786946848.224909462	33	0	188	41	0	23
1786946848.352604805	33	0	188	41	0	23
1786946848.472485709	33	0	188	41	0	23
1786946848.592264094	33	0	188	41	0	23
1786946848.716170786	33	0	188	41	0	23
1786946848.836371259	33	0	188	41	0	23
1786946848.956658607	33	0	188	41	0	23
1786946849.076954674	33	0	188	41	0	23
1786946849.201049622	33	0	188	41	0	23
1786946849.321197368	33	0	188	41	0	23
1786946849.441133786	33	0	188	41	0	23
1786946849.560908410	33	0	188	41	0	23
1786946849.680588716	33	0	188	41	0	23
1786946849.800659498	33	0	188	41	0	23
1786946849.920713846	33	0	188	41	0	23
1786946850.040805421	33	0	188	41	0	23
1786946850.160564418	33	0	188	41	0	23
1786946850.284143882	33	0	188	41	0	23
1786946850.404208931	33	0	188	41	0	23
1786946850.528026565	33	0	188	41	0	23
1786946850.648264309	33	0	188	41	0	23
1786946850.768301320	33	0	188	41	0	23
1786946850.888265778	33	0	188	41	0	23
1786946851.008186655	33	0	188	41	0	23
1786946851.128414727	33	0	188	41	0	23
1786946851.248364457	33	0	188	41	0	23
1786946851.372511892	33	0	188	41	0	23
1786946851.495146000	33	0	188	41	0	23
1786946851.615017313	33	0	188	41	2304	23
1786946851.735198480	33	0	188	41	0	23
1786946851.859468552	33	0	188	41	0	23
1786946851.979881168	33	0	188	41	0	23
1786946852.100054609	33	0	188	41	0	23
1786946852.220340941	33	0	188	41	0	23
1786946852.344713480	33	0	188	41	0	23
1786946852.464606225	33	0	188	41	0	23
1786946852.584530177	33	0	188	41	0	23
1786946852.704388319	33	0	188	41	0	23
1786946852.824590729	33	0	188	41	0	23
1786946852.948605651	33	0	188	41	0	23
1786946853.068394556	33	0	188	41	0	23
1786946853.188409947	33	0	188	41	0	23
1786946853.308836397	33	0	188	41	0	23
1786946853.428049646	33	0	188	41	0	23
1786946853.551796117	33	0	188	41	0	23
1786946853.671955331	33	0	188	41	0	23
1786946853.792333674	33	0	188	41	0	23
1786946853.912658971	33	0	188	41	0	23
1786946854.032915485	33	0	188	41	0	23
1786946854.167389786	33	0	188	41	0	23
1786946854.291293665	33	0	188	41	0	23
1786946854.411255179	33	0	188	41	0	23
1786946854.531247462	33	0	188	41	0	23
1786946854.655678810	33	0	188	41	0	23
1786946854.775601866	33	0	188	41	0	23
1786946854.895898402	33	0	188	41	0	23
1786946855.023769868	33	0	188	41	0	23
1786946855.146603312	33	0	188	41	0	23
1786946855.269653440	33	0	188	41	0	23
1786946855.389134016	33	0	188	41	2304	23
1786946855.512561844	33	0	188	41	0	23
1786946855.643042995	33	0	188	41	0	23
1786946855.769952166	33	0	188	41	0	23
1786946855.897508187	33	0	188	41	0	23
1786946856.017656341	33	0	188	41	0	23
1786946856.141419589	33	0	188	41	0	23
1786946856.264626419	33	0	188	41	0	23
1786946856.384531748	33	0	188	41	0	23
1786946856.517232563	33	0	188	41	0	23
1786946856.641085343	33	0	188	41	0	23
1786946856.761637622	33	0	188	41	0	23
1786946856.885240929	33	0	188	41	0	23
1786946857.005663093	33	0	188	41	0	23
1786946857.125698373	33	0	188	41	0	23
1786946857.245590656	33	0	188	41	0	23
1786946857.365522364	33	0	188	41	0	23
1786946857.485306534	33	0	188	41	0	23
1786946857.605314127	33	0	188	41	0	23
1786946857.731955185	33	0	188	41	0	23
1786946857.856090915	33	0	188	41	0	23
1786946857.976141064	33	0	188	41	0	23
1786946858.096231608	33	0	188	41	0	23
1786946858.216355829	33	0	188	41	0	23
1786946858.336729693	33	0	188	41	0	23
1786946858.461175741	33	0	188	41	0	23
1786946858.583999968	33	0	188	41	0	23
1786946858.704343569	33	0	188	41	0	23
1786946858.824550475	33	0	188	41	0	23
1786946858.946878561	33	0	188	41	0	23
1786946859.067068570	33	0	188	41	0	23
1786946859.187168381	33	0	188	41	0	23
1786946859.314378280	33	0	188	41	0	23
1786946859.437487662	33	0	188	41	0	23
1786946859.557420440	33	0	188	41	0	23
1786946859.677619269	33	0	188	41	0	23
1786946859.798304450	33	0	188	41	0	23
1786946859.918362899	33	0	188	41	0	23
1786946860.038369887	33	0	188	41	0	23
1786946860.158153055	33	0	188	41	0	23
1786946860.278435064	33	0	188	41	0	23
1786946860.398049860	33	0	188	41	0	23
1786946860.522012011	33	0	188	41	0	23
1786946860.641646314	33	0	188	41	0	23
1786946860.761507325	33	0	188	41	0	23
1786946860.881467930	33	0	188	41	0	23
1786946861.004864141	33	0	188	41	0	23
1786946861.124853994	33	0	188	41	0	23
1786946861.248483760	33	0	188	41	0	23
1786946861.376223844	33	0	188	41	0	23
1786946861.499645263	33	0	188	41	0	23
1786946861.624103532	33	0	188	41	0	23
1786946861.744358474	33	0	188	41	0	23
1786946861.864720329	33	0	188	41	0	23
1786946861.985043183	33	0	188	41	0	23
1786946862.108967721	33	0	188	41	0	23
1786946862.229327711	33	2304	188	41	0	23
1786946862.349067466	33	0	188	41	0	23
1786946862.473451071	33	0	188	41	0	23
1786946862.593567961	33	0	188	41	0	23
1786946862.716523356	33	0	188	41	0	23
1786946862.836409072	33	0	188	41	0	23
1786946862.956386853	33	0	188	41	0	23
1786946863.076646801	33	0	188	41	0	23
1786946863.200087882	33	0	188	41	0	23
1786946863.320445070	33	0	188	41	0	23
1786946863.440318962	33	0	188	41	0	23
1786946863.568666407	33	0	188	41	0	23
1786946863.692234800	33	0	188	41	0	23
1786946863.812173292	33	0	188	41	0	23
1786946863.932601229	33	0	188	41	0	23
1786946864.052612197	33	0	188	41	2304	23
1786946864.172604450	33	0	188	41	0	23
1786946864.292717477	33	0	188	41	0	23
1786946864.412482575	33	0	188	41	0	23
1786946864.532044563	33	0	188	41	0	23
1786946864.651917650	33	0	188	41	0	23
1786946864.775552604	33	0	188	41	0	23
1786946864.896498538	33	0	188	41	0	23
1786946865.016747108	33	0	188	41	0	23
1786946865.140737344	33	0	188	41	0	23
1786946865.260615472	33	0	188	41	0	23
1786946865.380856073	33	0	188	41	0	23
1786946865.504521477	33	0	188	41	0	23
1786946865.628015853	33	0	188	41	0	23
1786946865.754680523	33	0	188	41	0	23
1786946865.874924524	33	0	188	41	0	23
1786946866.002912835	33	0	188	41	0	23
1786946866.123142435	33	0	188	41	0	23
1786946866.243295104	33	0	188	41	0	23
1786946866.363091663	33	0	188	41	0	23
1786946866.486858279	33	0	188	41	0	23
1786946866.606654770	33	0	188	41	0	23
1786946866.730226750	33	0	188	41	0	23
1786946866.850157567	33	0	188	41	0	23
1786946866.969992484	33	0	188	41	0	23
1786946867.090149158	33	0	188	41	0	23
1786946867.210154436	33	0	188	41	0	23
1786946867.330142090	33	0	188	41	0	23
1786946867.449855275	33	0	188	41	0	23
1786946867.574034252	33	0	188	41	0	23
1786946867.693466478	33	0	188	41	0	23
1786946867.813303024	33	0	188	41	0	23
1786946867.936866921	33	0	188	41	0	23
1786946868.060881580	33	0	188	41	0	23
1786946868.188324513	33	0	188	41	0	23
1786946868.311543608	33	0	188	41	0	23
1786946868.435000322	33	0	188	41	0	23
1786946868.554812462	33	0	188	41	0	23
1786946868.677370991	33	0	188	41	0	23
1786946868.801512820	33	0	188	41	0	23
1786946868.921593568	33	0	188	41	0	23
1786946869.041500755	33	0	188	41	0	23
1786946869.161821481	33	0	188	41	0	23
1786946869.282062450	33	0	188	41	0	23
1786946869.401870533	33	0	188	41	0	23
1786946869.521901858	33	0	188	41	0	23
1786946869.641929904	33	0	188	41	0	23
1786946869.768388244	33	0	188	41	0	23
1786946869.888231847	33	0	188	41	0	23
1786946870.008218976	33	0	188	41	0	23
1786946870.128309109	33	0	188	41	0	23
1786946870.248312074	33	0	188	41	0	23
1786946870.368206873	33	2304	188	41	0	23
1786946870.492458741	33	0	188	41	0	23
1786946870.612490038	33	0	188	41	0	23
1786946870.742543491	33	0	188	41	0	23
1786946870.862735417	33	0	188	41	0	23
1786946870.982435583	33	0	188	41	0	23
1786946871.102146457	33	0	188	41	0	23
1786946871.223968475	33	0	188	41	0	23
1786946871.347934135	33	0	188	41	0	23
1786946871.472211734	33	0	188	41	0	23
1786946871.591945367	33	0	188	41	0	23
1786946871.711231559	33	0	188	41	0	23
1786946871.831825967	33	0	188	41	0	23
1786946871.952263945	33	0	188	41	0	23
1786946872.072365473	33	0	188	41	0	23
1786946872.195647768	33	0	188	41	0	23
1786946872.319212686	33	0	188	41	0	23
1786946872.439206583	33	0	188	41	0	23
1786946872.559086093	33	0	188	41	0	23
1786946872.682381680	33	0	188	41	0	23
1786946872.802615517	33	0	188	41	0	23
1786946872.922784087	33	0	188	41	0	23
1786946873.051070291	33	0	188	41	0	23
1786946873.171346489	33	0	188	41	0	23
1786946873.295876767	33	0	188	41	0	23
1786946873.415957668	33	0	188	41	0	23
1786946873.535687498	33	0	188	41	0	23
1786946873.655688396	33	0	188	41	0	23
1786946873.778462392	33	0	188	41	0	23
1786946873.905674532	33	0	188	41	0	23
1786946874.025766755	33	0	188	41	0	23
1786946874.145726138	33	0	188	41	0	23
1786946874.265698573	33	0	188	41	0	23
1786946874.384914953	33	0	188	41	0	23
1786946874.508513579	33	0	188	41	0	23
1786946874.641281276	33	0	188	41	0	23
1786946874.761272855	33	0	188	41	0	23
1786946874.884083334	33	0	188	41	0	23
1786946875.008382009	33	0	188	41	0	23
1786946875.128451352	33	0	188	41	0	23
1786946875.258016664	33	0	188	41	0	23
1786946875.381645733	33	0	188	41	2304	23
1786946875.500866364	33	0	188	41	0	23
1786946875.620247079	33	0	188	41	0	23
1786946875.740355163	33	0	188	41	0	23
1786946875.863615380	33	0	188	41	0	23
1786946875.983890464	33	0	188	41	0	23
1786946876.103873016	33	0	188	41	0	23
1786946876.224140614	33	0	188	41	0	23
1786946876.352606599	33	0	188	41	0	23
1786946876.472693034	33	0	188	41	0	23
1786946876.592538971	33	2304	188	41	0	23
1786946876.712745072	33	0	188	41	0	23
1786946876.836758854	33	0	188	41	0	23
1786946876.971157777	33	0	188	41	0	23
1786946877.095522293	33	0	188	41	0	23
1786946877.215814744	33	0	188	41	0	23
1786946877.339911470	33	0	188	41	0	23
1786946877.463530485	33	0	188	41	0	23
1786946877.583343006	33	0	188	41	0	23
1786946877.706644531	33	0	188	41	0	23
1786946877.826656650	33	0	188	41	0	23
1786946877.946542036	33	0	188	41	0	23
1786946878.070198185	33	0	188	41	0	23
1786946878.193665353	33	0	188	41	0	23
1786946878.313577344	33	0	188	41	0	23
1786946878.433017809	33	0	188	41	0	23
1786946878.556749994	33	0	188	41	0	23
1786946878.677017580	33	0	188	41	0	23
1786946878.797335731	33	0	188	41	0	23
1786946878.917404293	33	0	188	41	0	23
1786946879.037191669	33	0	188	41	0	23
1786946879.157364187	33	0	188	41	0	23
1786946879.277362213	33	0	188	41	0	23
1786946879.396932066	33	0	188	41	0	23
1786946879.521085910	33	0	188	41	0	23
1786946879.644137479	33	0	188	41	0	23
1786946879.764742345	33	0	188	41	0	23
1786946879.884546929	33	0	188	41	0	23
1786946880.011985259	33	0	188	41	0	23
1786946880.132340946	33	0	188	41	0	23
1786946880.252616811	33	0	188	41	0	23
1786946880.372698038	33	0	188	41	0	23
1786946880.492920125	33	0	188	41	0	23
1786946880.618218897	33	0	188	41	0	23
1786946880.747855253	33	0	188	41	0	23
1786946880.872438927	33	0	188	41	0	23
1786946880.992682746	33	0	188	41	0	23
1786946881.116362586	33	0	188	41	0	23
1786946881.237130717	33	0	188	41	0	23
1786946881.360402734	33	0	188	41	0	23
1786946881.480045545	33	0	188	41	0	23
1786946881.599761757	33	0	188	41	0	23
1786946881.719621045	33	0	188	41	0	23
1786946881.839516897	33	0	188	41	0	23
1786946881.960083957	33	0	188	41	0	23
1786946882.083800563	33	0	188	41	0	23
1786946882.212660886	33	0	188	41	0	23
1786946882.332262868	33	0	188	41	0	23
1786946882.452118700	33	0	188	41	0	23
1786946882.575796037	33	0	188	41	0	23
1786946882.699517093	33	0	188	41	2304	23
1786946882.819693196	33	0	188	41	0	23
1786946882.946069499	33	0	188	41	0	23
1786946883.070379135	33	0	188	41	0	23
1786946883.190301787	33	0	188	41	0	23
1786946883.316638291	33	0	188	41	0	23
1786946883.447649824	33	0	188	41	0	23
1786946883.567188711	33	0	188	41	0	23
1786946883.687353427	33	0	188	41	0	23
1786946883.810567238	33	0	188	41	0	23
1786946883.933636668	33	0	188	41	0	23
1786946884.053330578	33	0	188	41	0	23
1786946884.177223506	33	0	188	41	0	23
1786946884.297455395	33	0	188	41	2304	23
1786946884.418224841	33	0	188	41	0	23
1786946884.538237433	33	0	188	41	0	23
1786946884.658251859	33	0	188	41	0	23
1786946884.778154450	33	0	188	41	0	23
1786946884.898443293	33	0	188	41	0	23
1786946885.018777968	33	0	188	41	0	23
1786946885.146337605	33	0	188	41	0	23
1786946885.266347765	33	0	188	41	0	23
1786946885.384674506	33	0	188	41	0	23
1786946885.503592783	33	0	188	41	0	23
1786946885.623023328	33	0	188	41	0	23
1786946885.742527445	33	0	188	41	0	23
1786946885.861231625	33	0	188	41	0	23
1786946885.982250898	33	0	188	41	0	23
1786946886.101200308	33	0	188	41	0	23
1786946886.220835944	33	0	188	41	0	23
1786946886.340099714	33	0	188	41	0	23
1786946886.459283373	33	0	188	41	0	23
1786946886.578399512	33	0	188	41	0	23
1786946886.697512828	33	0	188	41	0	23
1786946886.825102469	33	0	188	41	0	23
1786946886.948062632	33	0	188	41	0	23
1786946887.067373976	33	0	188	41	0	23
1786946887.186635407	33	0	188	41	0	23
1786946887.305758019	33	0	188	41	0	23
1786946887.425378642	33	0	188	41	0	23
1786946887.548549370	33	0	188	41	0	23
1786946887.670874682	33	0	188	41	0	23
1786946887.790093281	33	0	188	41	0	23
1786946887.909007588	33	0	188	41	0	23
1786946888.027184608	33	0	188	41	0	23
1786946888.151162727	33	0	188	41	0	23
1786946888.274783217	33	0	188	41	0	23
1786946888.397675062	33	0	188	41	0	23
1786946888.516466203	33	0	188	41	0	23
1786946888.635894256	33	0	188	41	0	23
1786946888.755466664	33	0	188	41	0	23
1786946888.874030314	33	0	188	41	0	23
1786946888.993219370	33	0	188	41	0	23
1786946889.116530934	33	0	188	41	0	23
1786946889.235742596	33	0	188	41	0	23
1786946889.354610906	33	0	188	41	0	23
1786946889.473509721	33	0	188	41	0	23
1786946889.592510016	33	0	188	41	0	23
1786946889.711681062	33	0	188	41	0	23
1786946889.835077009	33	0	188	41	0	23
1786946889.958158495	33	0	188	41	0	23
1786946890.085880864	33	0	188	41	0	23
1786946890.204766248	33	0	188	41	0	23
1786946890.323646968	33	0	188	41	0	23
1786946890.442569663	33	0	188	41	0	23
1786946890.561633273	33	0	188	41	0	23
1786946890.680065646	33	0	188	41	0	23
1786946890.799621155	33	0	188	41	0	23
1786946890.918873343	33	0	188	41	0	23
1786946891.038144262	33	0	188	41	0	23
1786946891.161994211	33	0	188	41	0	23
1786946891.293364138	33	0	188	41	0	23
1786946891.416116367	33	0	188	41	0	23
1786946891.534656788	33	0	188	41	0	23
1786946891.657380448	33	0	188	41	0	23
1786946891.780308688	33	0	188	41	0	23
1786946891.899547665	33	0	188	41	0	23
1786946892.021295927	33	0	188	41	0	23
1786946892.144408055	33	0	188	41	0	23
1786946892.263646319	33	0	188	41	0	23
1786946892.386129865	33	0	188	41	0	23
1786946892.505216796	33	0	188	41	0	23
1786946892.624622111	33	0	188	41	0	23
1786946892.743263523	33	0	188	41	0	23
1786946892.862280993	33	0	188	41	0	23
1786946892.989695683	33	0	188	41	0	23
1786946893.111682149	33	0	188	41	0	23
1786946893.230620499	33	0	188	41	0	23
1786946893.349925024	33	0	188	41	0	23
1786946893.468495880	33	0	188	41	0	23
1786946893.587449170	33	0	188	41	0	23
1786946893.706680286	33	0	188	41	0	23
1786946893.826030833	33	0	188	41	0	23
1786946893.948205339	33	0	188	41	0	23
1786946894.067610876	33	0	188	41	0	23
1786946894.187714702	33	0	188	41	0	23
1786946894.307341612	33	0	188	41	0	23
1786946894.426550304	33	0	188	41	0	23
1786946894.545897997	33	0	188	41	0	23
1786946894.664330806	33	0	188	41	0	23
1786946894.783764975	33	0	188	41	0	23
1786946894.902978717	33	0	188	41	0	23
1786946895.022461240	33	0	188	41	0	23
1786946895.149041535	33	0	188	41	0	23
1786946895.281078555	33	0	188	41	0	23
1786946895.404208620	33	0	188	41	0	23
1786946895.527866544	33	2304	188	41	0	23
1786946895.650270156	33	0	188	41	0	23
1786946895.769735428	33	0	188	41	0	23
1786946895.889007637	33	0	188	41	0	23
1786946896.008246345	33	0	188	41	0	23
1786946896.127413005	33	0	188	41	0	23
1786946896.245711458	33	0	188	41	0	23
1786946896.365236983	33	0	188	41	0	23
1786946896.484599269	33	0	188	41	0	23
1786946896.603847119	33	0	188	41	0	23
1786946896.722969900	33	0	188	41	0	23
1786946896.841076221	33	0	188	41	0	23
1786946896.963816979	33	0	188	41	0	23
1786946897.083256932	33	0	188	41	0	23
1786946897.213831905	33	0	188	41	0	23
1786946897.333341927	33	0	188	41	0	23
1786946897.451880752	33	0	188	41	0	23
1786946897.570670417	33	0	188	41	0	23
1786946897.689951591	33	0	188	41	0	23
1786946897.809414203	33	0	188	41	0	23
1786946897.939593281	33	0	188	41	0	23
1786946898.062019072	33	0	188	41	0	23
1786946898.181092361	33	0	188	41	0	23
1786946898.300472956	33	0	188	41	0	23
1786946898.419102970	33	0	188	41	0	23
1786946898.542194729	33	0	188	41	0	23
1786946898.661585487	33	0	188	41	0	23
1786946898.780756167	33	0	188	41	0	23
1786946898.902807752	33	0	188	41	0	23
1786946899.021966833	33	0	188	41	0	23
1786946899.141283426	33	0	188	41	0	23
1786946899.264062892	33	0	188	41	0	23
1786946899.383049176	33	0	188	41	0	23
1786946899.502197991	33	0	188	41	0	23
1786946899.621372166	33	0	188	41	0	23
1786946899.740094974	33	0	188	41	2304	23
1786946899.859632332	33	0	188	41	0	23
1786946899.978418106	33	0	188	41	0	23
1786946900.097743859	33	0	188	41	0	23
1786946900.217303638	33	0	188	41	0	23
1786946900.340302638	33	0	188	41	0	23
1786946900.458710980	33	0	188	41	0	23
1786946900.582031882	33	0	188	41	0	23
1786946900.707105810	33	0	188	41	0	23
1786946900.825276391	33	0	188	41	0	23
1786946900.944400595	33	0	188	41	0	23
1786946901.066954810	33	0	188	41	0	23
1786946901.185079619	33	0	188	41	2304	23
1786946901.304263273	33	0	188	41	0	23
1786946901.423451252	33	0	188	41	0	23
1786946901.542859765	33	0	188	41	0	23
1786946901.661082187	33	0	188	41	0	23
1786946901.780216757	33	0	188	41	0	23
1786946901.899679437	33	0	188	41	0	23
1786946902.018972716	33	0	188	41	0	23
1786946902.138143205	33	0	188	41	0	23
1786946902.256651247	33	0	188	41	0	23
1786946902.375615797	33	0	188	41	0	23
1786946902.494866658	33	0	188	41	0	23
1786946902.614240372	33	0	188	41	0	23
1786946902.732359803	33	0	188	41	0	23
1786946902.855613114	33	0	188	41	0	23
1786946902.975660075	33	0	188	41	0	23
1786946903.096272005	33	0	188	41	0	23
1786946903.219514418	33	0	188	41	0	23
1786946903.338849237	33	0	188	41	0	23
1786946903.457797333	33	0	188	41	0	23
1786946903.576847980	33	0	188	41	0	23
1786946903.696387026	33	0	188	41	0	23
1786946903.815671591	33	0	188	41	0	23
1786946903.934268223	33	0	188	41	0	23
1786946904.053249481	33	0	188	41	0	23
1786946904.172357288	33	0	188	41	0	23
1786946904.291633916	33	0	188	41	0	23
1786946904.410872292	33	0	188	41	0	23
1786946904.529806998	33	0	188	41	0	23
1786946904.648440337	33	0	188	41	0	23
1786946904.767864471	33	0	188	41	0	23
1786946904.887050037	33	0	188	41	0	23
1786946905.009922528	33	0	188	41	0	23
1786946905.128833630	33	0	188	41	0	23
1786946905.258752874	33	0	188	41	0	23
1786946905.378397228	33	0	188	41	2304	23
1786946905.502755535	33	0	188	41	0	23
1786946905.622071520	33	0	188	41	0	23
1786946905.740627956	33	0	188	41	0	23
1786946905.859838236	33	0	188	41	0	23
1786946905.979974629	33	0	188	41	0	23
1786946906.099223309	33	0	188	41	0	23
1786946906.222309449	33	0	188	41	0	23
1786946906.347918736	33	0	188	41	0	23
1786946906.473743745	33	0	188	41	0	23
1786946906.597210165	33	0	188	41	0	23
1786946906.723802384	33	0	188	41	0	23
1786946906.846164301	33	0	188	41	0	23
1786946906.973725962	33	0	188	41	0	23
1786946907.097234261	33	0	188	41	0	23
1786946907.224195980	33	0	188	41	0	23
1786946907.342891016	33	0	188	41	0	23
1786946907.464733204	33	0	188	41	0	23
1786946907.584222387	33	0	188	41	0	23
1786946907.702183271	33	0	188	41	0	23
1786946907.821307134	33	0	188	41	0	23
1786946907.940589387	33	0	188	41	0	23
1786946908.060030912	33	0	188	41	0	23
1786946908.186793627	33	0	188	41	0	23
1786946908.305874337	33	0	188	41	0	23
1786946908.425173622	33	0	188	41	0	23
1786946908.548287236	33	0	188	41	0	23
1786946908.674696113	33	0	188	41	0	23
1786946908.793391973	33	0	188	41	0	23
1786946908.912288107	33	0	188	41	0	23
1786946909.031748014	33	0	188	41	0	23
1786946909.151313457	33	0	188	41	0	23
1786946909.270801733	33	0	188	41	0	23
1786946909.389857592	33	0	188	41	0	23
1786946909.508582479	33	0	188	41	0	23
1786946909.627628321	33	0	188	41	0	23
1786946909.746786471	33	0	188	41	0	23
1786946909.866009406	33	0	188	41	0	23
1786946909.984824454	33	0	188	41	0	23
1786946910.104190090	33	0	188	41	0	23
1786946910.223514612	33	0	188	41	0	23
1786946910.342828057	33	0	188	41	0	23
1786946910.464851549	33	0	188	41	0	23
1786946910.583806759	33	0	188	41	0	23
1786946910.709503134	33	0	188	41	0	23
1786946910.832340787	33	0	188	41	0	23
1786946910.950565893	33	0	188	41	0	23
1786946911.069546413	33	0	188	41	0	23
1786946911.188695284	33	0	188	41	0	23
1786946911.307698088	33	0	188	41	0	23
1786946911.426810451	33	0	188	41	0	23
1786946911.545769048	33	2304	188	41	0	23
1786946911.664964849	33	0	188	41	0	23
1786946911.793276877	33	0	188	41	0	23
1786946911.912005822	33	0	188	41	0	23
1786946912.030594661	33	0	188	41	0	23
1786946912.153400672	33	0	188	41	0	23
1786946912.272211541	33	0	188	41	0	23
1786946912.391260873	33	0	188	41	0	23
1786946912.510380735	33	0	188	41	0	23
1786946912.629569563	33	0	188	41	0	23
1786946912.748681188	33	0	188	41	0	23
1786946912.867764559	33	0	188	41	0	23
1786946912.990404133	33	0	188	41	0	23
1786946913.109985546	33	0	188	41	0	23
1786946913.233886628	33	0	188	41	0	23
1786946913.352589566	33	0	188	41	0	23
1786946913.475118909	33	0	188	41	0	23
1786946913.593990599	33	0	188	41	0	23
1786946913.717180968	33	0	188	41	0	23
1786946913.836379662	33	0	188	41	0	23
1786946913.956096249	33	0	188	41	0	23
1786946914.075302988	33	0	188	41	0	23
1786946914.194674438	33	0	188	41	0	23
1786946914.313147683	33	0	188	41	0	23
1786946914.432140582	33	2304	188	41	0	23
1786946914.551483097	33	0	188	41	0	23
1786946914.673869582	33	0	188	41	0	23
1786946914.793217818	33	0	188	41	0	23
1786946914.912490749	33	0	188	41	0	23
1786946915.035258264	33	0	188	41	0	23
1786946915.153820463	33	0	188	41	0	23
1786946915.284252307	33	0	188	41	0	23
1786946915.403635632	33	0	188	41	0	23
1786946915.531343967	33	0	188	41	0	23
1786946915.650259418	33	0	188	41	0	23
1786946915.769666949	33	0	188	41	0	23
1786946915.889022718	33	0	188	41	0	23
1786946916.008434871	33	0	188	41	0	23
1786946916.131142531	33	0	188	41	0	23
1786946916.253694069	33	0	188	41	0	23
1786946916.373068880	33	0	188	41	0	23
1786946916.491957144	33	0	188	41	0	23
1786946916.614186271	33	0	188	41	0	23
1786946916.739997660	33	0	188	41	0	23
1786946916.859131324	33	0	188	41	0	23
1786946916.978468036	33	0	188	41	0	23
1786946917.096576260	33	0	188	41	0	23
1786946917.215872450	33	0	188	41	0	23
1786946917.335366695	33	0	188	41	0	23
1786946917.454571702	33	0	188	41	0	23
1786946917.573853346	33	0	188	41	0	23
1786946917.695795048	33	0	188	41	0	23
1786946917.815071307	33	0	188	41	0	23
1786946917.934456006	33	0	188	41	0	23
1786946918.052986446	33	0	188	41	0	23
1786946918.172032905	33	0	188	41	0	23
1786946918.291377215	33	0	188	41	0	23
1786946918.410376955	33	0	188	41	0	23
1786946918.529458440	33	0	188	41	0	23
1786946918.652769525	33	0	188	41	0	23
1786946918.775771937	33	0	188	41	0	23
1786946918.897989449	33	0	188	41	0	23
1786946919.017270657	33	0	188	41	0	23
1786946919.136710313	33	0	188	41	0	23
1786946919.256143864	33	0	188	41	0	23
1786946919.379940202	33	0	188	41	0	23
1786946919.506570116	33	0	188	41	0	23
1786946919.626078170	33	0	188	41	0	23
1786946919.745163405	33	0	188	41	0	23
1786946919.864044853	33	0	188	41	0	23
1786946919.983416192	33	0	188	41	0	23
1786946920.102662203	33	0	188	41	0	23
1786946920.225329804	33	0	188	41	0	23
1786946920.344063485	33	0	188	41	0	23
1786946920.463301487	33	0	188	41	0	23
1786946920.582580182	33	0	188	41	0	23
1786946920.701895984	33	0	188	41	0	23
1786946920.820547408	33	0	188	41	0	23
1786946920.939443913	33	0	188	41	0	23
1786946921.065290549	33	0	188	41	0	23
1786946921.192081767	33	0	188	41	0	23
1786946921.314297394	33	0	188	41	0	23
1786946921.442080230	33	0	188	41	0	23
1786946921.573243295	33	0	188	41	0	23
1786946921.692145244	33	0	188	41	0	23
1786946921.811080065	33	0	188	41	0	23
1786946921.929995116	33	0	188	41	0	23
1786946922.049086487	33	0	188	41	0	23
1786946922.168355666	33	0	188	41	0	23
1786946922.287036173	33	0	188	41	0	23
1786946922.406331664	33	0	188	41	0	23
1786946922.525714406	33	0	188	41	0	23
1786946922.644817312	33	0	188	41	0	23
1786946922.771878950	33	0	188	41	0	23
1786946922.891477815	33	0	188	41	0	23
1786946923.014463329	33	0	188	41	0	23
1786946923.136634422	33	0	188	41	0	23
1786946923.255874473	33	0	188	41	0	23
1786946923.375204101	33	0	188	41	0	23
1786946923.494252009	33	2304	188	41	0	23
1786946923.612705674	33	0	188	41	0	23
1786946923.731917762	33	0	188	41	0	23
1786946923.851368502	33	0	188	41	0	23
1786946923.970398068	33	2304	188	41	0	23
1786946924.088696040	33	0	188	41	0	23
1786946924.207642159	33	0	188	41	0	23
1786946924.327012608	33	0	188	41	0	23
1786946924.446383381	33	0	188	41	0	23
1786946924.565486266	33	0	188	41	0	23
1786946924.684068591	33	0	188	41	0	23
1786946924.803228418	33	0	188	41	0	23
1786946924.922564475	33	0	188	41	0	23
1786946925.046163838	33	0	188	41	0	23
1786946925.168204853	33	0	188	41	0	23
1786946925.287459522	33	0	188	41	0	23
1786946925.406640597	33	0	188	41	0	23
1786946925.524575496	33	0	188	41	0	23
1786946925.650741351	33	0	188	41	0	23
1786946925.769724630	33	0	188	41	0	23
1786946925.889167700	33	0	188	41	0	23
1786946926.008399468	33	0	188	41	0	23
1786946926.131133635	33	0	188	41	0	23
1786946926.250094735	33	0	188	41	0	23
1786946926.369280915	33	0	188	41	0	23
1786946926.488541647	33	0	188	41	0	23
1786946926.607907356	33	0	188	41	0	23
1786946926.726799018	33	0	188	41	0	23
1786946926.845337381	33	0	188	41	0	23
1786946926.964615811	33	0	188	41	0	23
1786946927.087314940	33	0	188	41	0	23
1786946927.206317435	33	0	188	41	0	23
1786946927.333738118	33	0	188	41	0	23
1786946927.457206153	33	0	188	41	0	23
1786946927.580305837	33	0	188	41	0	23
1786946927.699519640	33	0	188	41	0	23
1786946927.825515083	33	0	188	41	0	23
1786946927.948473789	33	0	188	41	0	23
1786946928.070857029	33	0	188	41	0	23
1786946928.193494134	33	0	188	41	0	23
1786946928.311904207	33	0	188	41	0	23
1786946928.431191815	33	2304	188	41	0	23
1786946928.550294406	33	0	188	41	0	23
1786946928.668974552	33	0	188	41	0	23
1786946928.792804588	33	0	188	41	0	23
1786946928.911975496	33	0	188	41	0	23
1786946929.034803267	33	0	188	41	0	23
1786946929.153779864	33	0	188	41	0	23
1786946929.276083798	33	0	188	41	0	23
1786946929.395212169	33	0	188	41	0	23
1786946929.517449762	33	0	188	41	0	23
1786946929.637115873	33	0	188	41	0	23
1786946929.756381620	33	0	188	41	0	23
1786946929.875397821	33	0	188	41	0	23
1786946929.997761411	33	0	188	41	0	23
1786946930.117233077	33	0	188	41	0	23
1786946930.240151553	33	0	188	41	0	23
1786946930.358578291	33	0	188	41	0	23
1786946930.481126718	33	0	188	41	0	23
1786946930.599836518	33	0	188	41	0	23
1786946930.719076084	33	0	188	41	0	23
1786946930.838315960	33	0	188	41	0	23
1786946930.961287469	33	0	188	41	0	23
1786946931.079708118	33	0	188	41	0	23
1786946931.199635184	33	0	188	41	0	23
1786946931.318725418	33	0	188	41	2304	23
1786946931.437859902	33	0	188	41	0	23
1786946931.556945733	33	0	188	41	0	23
1786946931.680126016	33	0	188	41	0	23
1786946931.799425705	33	0	188	41	0	23
1786946931.918454713	33	0	188	41	0	23
1786946932.036834452	33	0	188	41	0	23
1786946932.170158466	33	0	188	41	0	23
1786946932.289287698	33	0	188	41	0	23
1786946932.408796766	33	0	188	41	0	23
1786946932.530932027	33	0	188	41	0	23
1786946932.653212333	33	0	188	41	0	23
1786946932.778867588	33	0	188	41	0	23
1786946932.901178037	33	0	188	41	0	23
1786946933.020274261	33	0	188	41	0	23
1786946933.139600108	33	0	188	41	0	23
1786946933.261918868	33	0	188	41	0	23
1786946933.380837160	33	2304	188	41	2304	23
1786946933.499983778	33	0	188	41	0	23
1786946933.619546414	33	0	188	41	0	23
1786946933.741345409	33	0	188	41	0	23
1786946933.860230944	33	0	188	41	0	23
1786946933.978107471	33	0	188	41	0	23
1786946934.100700667	33	0	188	41	0	23
1786946934.219834028	33	0	188	41	0	23
1786946934.338307853	33	0	188	41	0	23
1786946934.457434847	33	0	188	41	0	23
1786946934.580396701	33	0	188	41	0	23
1786946934.702458237	33	0	188	41	0	23
1786946934.821956220	33	0	188	41	0	23
1786946934.943826671	33	0	188	41	0	23
1786946935.063009256	33	0	188	41	0	23
1786946935.182417576	33	0	188	41	0	23
1786946935.301589008	33	0	188	41	0	23
1786946935.420372231	33	0	188	41	0	23
1786946935.539485154	33	0	188	41	0	23
1786946935.658889958	33	0	188	41	0	23
1786946935.778317353	33	0	188	41	0	23
1786946935.904138841	33	0	188	41	0	23
1786946936.023291630	33	0	188	41	0	23
1786946936.142257984	33	0	188	41	0	23
1786946936.260979145	33	0	188	41	0	23
1786946936.379932565	33	0	188	41	0	23
1786946936.499259587	33	0	188	41	0	23
1786946936.618611788	33	0	188	41	0	23
1786946936.737892732	33	0	188	41	0	23
1786946936.856029716	33	0	188	41	0	23
1786946936.978725142	33	0	188	41	0	23
1786946937.097830419	33	0	188	41	0	23
1786946937.218210229	33	0	188	41	0	23
1786946937.340252166	33	0	188	41	0	23
1786946937.463138586	33	0	188	41	0	23
1786946937.589235893	33	0	188	41	0	23
1786946937.707760354	33	0	188	41	0	23
1786946937.830213392	33	0	188	41	0	23
1786946937.952140719	33	0	188	41	0	23
1786946938.071224768	33	0	188	41	0	23
1786946938.191172993	33	0	188	41	0	23
1786946938.310446419	33	0	188	41	0	23
1786946938.433052342	33	0	188	41	0	23
1786946938.563621088	33	0	188	41	0	23
1786946938.682296317	33	0	188	41	0	23
1786946938.801505206	33	0	188	41	0	23
1786946938.924238229	33	0	188	41	0	23
1786946939.042658541	33	0	188	41	0	23
1786946939.161981941	33	0	188	41	0	23
1786946939.281229649	33	0	188	41	0	23
1786946939.400229617	33	0	188	41	0	23
1786946939.518575898	33	0	188	41	0	23
1786946939.637819710	33	0	188	41	0	23
1786946939.756996101	33	0	188	41	0	23
1786946939.876307664	33	0	188	41	0	23
1786946939.994553557	33	0	188	41	0	23
1786946940.113648253	33	0	188	41	0	23
1786946940.236548896	33	0	188	41	0	23
1786946940.355781712	33	0	188	41	0	23
1786946940.474156609	33	0	188	41	0	23
1786946940.593597590	33	0	188	41	0	23
1786946940.712952939	33	0	188	41	0	23
1786946940.832030897	33	0	188	41	0	23
1786946940.949878558	33	0	188	41	0	23
1786946941.069309657	33	0	188	41	0	23
1786946941.188510656	33	0	188	41	0	23
1786946941.307789944	33	0	188	41	0	23
1786946941.427364774	33	0	188	41	0	23
1786946941.546595365	33	0	188	41	0	23
1786946941.665697614	33	0	188	41	0	23
1786946941.789266936	33	0	188	41	0	23
1786946941.915130630	33	0	188	41	0	23
1786946942.034438729	33	0	188	41	0	23
1786946942.153435804	33	0	188	41	0	23
1786946942.272470529	33	0	188	41	0	23
1786946942.394772301	33	0	188	41	0	23
1786946942.517758399	33	0	188	41	0	23
1786946942.647644862	33	0	188	41	0	23
1786946942.766104431	33	0	188	41	0	23
1786946942.888927425	33	0	188	41	0	23
1786946943.007812147	33	0	188	41	0	23
1786946943.126850058	33	0	188	41	0	23
1786946943.246142781	33	0	188	41	0	23
1786946943.365617921	33	0	188	41	0	23
1786946943.484678822	33	0	188	41	0	23
1786946943.606745173	33	0	188	41	0	23
1786946943.726164761	33	0	188	41	0	23
1786946943.845344148	33	0	188	41	0	23
1786946943.963512026	33	0	188	41	0	23
1786946944.086423879	33	0	188	41	0	23
1786946944.205384847	33	0	188	41	0	23
1786946944.324421733	33	0	188	41	0	23
1786946944.443174325	33	0	188	41	0	23
1786946944.572738442	33	0	188	41	0	23
1786946944.692246825	33	0	188	41	0	23
1786946944.811561336	33	0	188	41	0	23
1786946944.929777862	33	0	188	41	0	23
1786946945.048819132	33	0	188	41	0	23
1786946945.171711241	33	0	188	41	0	23
1786946945.289858854	33	0	188	41	0	23
1786946945.408872233	33	0	188	41	0	23
1786946945.527954710	33	0	188	41	0	23
1786946945.651376843	33	0	188	41	0	23
1786946945.769909711	33	0	188	41	0	23
1786946945.888795808	33	0	188	41	0	23
1786946946.012352683	33	0	188	41	0	23
1786946946.130976721	33	0	188	41	0	23
1786946946.249905871	33	0	188	41	0	23
1786946946.368750147	33	0	188	41	0	23
1786946946.487794380	33	0	188	41	0	23
1786946946.612808912	33	0	188	41	0	23
1786946946.735159990	33	0	188	41	0	23
1786946946.854583629	33	0	188	41	0	23
1786946946.977700550	33	0	188	41	0	23
1786946947.096851490	33	0	188	41	0	23
1786946947.219068547	33	0	188	41	0	23
1786946947.338130004	33	0	188	41	0	23
1786946947.460314061	33	0	188	41	0	23
1786946947.579471083	33	0	188	41	2304	23
1786946947.701793919	33	0	188	41	0	23
1786946947.831207610	33	0	188	41	0	23
1786946947.953905681	33	0	188	41	0	23
1786946948.072827851	33	0	188	41	0	23
1786946948.195063155	33	0	188	41	0	23
1786946948.314171892	33	0	188	41	0	23
1786946948.432809570	33	0	188	41	2304	23
1786946948.552188035	33	0	188	41	0	23
1786946948.671552499	33	0	188	41	0	23
1786946948.791014384	33	0	188	41	0	23
1786946948.910204621	33	0	188	41	0	23
1786946949.031846818	33	0	188	41	0	23
1786946949.154658397	33	0	188	41	0	23
1786946949.273236815	33	0	188	41	0	23
1786946949.392025056	33	0	188	41	0	23
1786946949.511467288	33	0	188	41	0	23
1786946949.630739935	33	0	188	41	0	23
1786946949.749220312	33	0	188	41	0	23
1786946949.872201268	33	0	188	41	0	23
1786946949.991689391	33	0	188	41	0	23
1786946950.111014699	33	0	188	41	0	23
1786946950.228993687	33	0	188	41	0	23
1786946950.348297783	33	0	188	41	0	23
1786946950.467362740	33	0	188	41	0	23
1786946950.589505965	33	0	188	41	0	23
1786946950.708571261	33	0	188	41	0	23
1786946950.831605805	33	0	188	41	0	23
1786946950.953746070	33	0	188	41	0	23
1786946951.072993455	33	0	188	41	0	23
1786946951.195004225	33	0	188	41	0	23
1786946951.318050846	33	0	188	41	0	23
1786946951.440213926	33	0	188	41	0	23
1786946951.571243981	33	0	188	41	0	23
1786946951.693880375	33	0	188	41	0	23
1786946951.813105359	33	0	188	41	0	23
1786946951.930889076	33	0	188	41	0	23
1786946952.053700784	33	0	188	41	0	23
1786946952.172611909	33	0	188	41	0	23
1786946952.290886735	33	0	188	41	0	23
1786946952.410033175	33	0	188	41	0	23
1786946952.535642341	33	0	188	41	0	23
1786946952.655096683	33	0	188	41	0	23
1786946952.777678895	33	0	188	41	0	23
1786946952.896552052	33	0	188	41	0	23
1786946953.015733170	33	0	188	41	0	23
1786946953.135088291	33	0	188	41	0	23
1786946953.254060923	33	0	188	41	0	23
1786946953.372244152	33	0	188	41	0	23
1786946953.491193049	33	0	188	41	0	23
1786946953.610567824	33	0	188	41	0	23
1786946953.732880969	33	0	188	41	0	23
1786946953.852086575	33	0	188	41	0	23
1786946953.971225295	33	0	188	41	0	23
1786946954.093698152	33	0	188	41	0	23
1786946954.212415597	33	0	188	41	0	23
1786946954.331486215	33	0	188	41	2304	23
1786946954.450743955	33	0	188	41	0	23
1786946954.570142999	33	0	188	41	0	23
1786946954.692855729	33	0	188	41	0	23
1786946954.811985274	33	0	188	41	0	23
1786946954.938204981	33	0	188	41	0	23
1786946955.064970575	33	0	188	41	0	23
1786946955.183355324	33	0	188	41	0	23
1786946955.302663950	33	0	188	41	0	23
1786946955.425580413	33	0	188	41	0	23
1786946955.544559431	33	0	188	41	0	23
1786946955.663881977	33	0	188	41	0	23
1786946955.782992094	33	0	188	41	0	23
1786946955.902199865	33	0	188	41	0	23
1786946956.020564815	33	0	188	41	0	23
1786946956.139493022	33	0	188	41	0	23
1786946956.258751861	33	0	188	41	0	23
1786946956.381678579	33	0	188	41	0	23
1786946956.500950697	33	0	188	41	0	23
1786946956.624043785	33	0	188	41	0	23
1786946956.747318819	33	0	188	41	0	23
1786946956.865585587	33	0	188	41	0	23
1786946956.989073960	33	0	188	41	0	23
1786946957.107809619	33	0	188	41	0	23
1786946957.226206283	33	0	188	41	0	23
1786946957.345444175	33	0	188	41	0	23
1786946957.464240584	33	0	188	41	0	23
1786946957.583466600	33	0	188	41	0	23
1786946957.701716732	33	0	188	41	0	23
1786946957.820729099	33	0	188	41	0	23
1786946957.939582260	33	0	188	41	0	23
1786946958.058470656	33	0	188	41	0	23
1786946958.176674762	33	0	188	41	0	23
1786946958.299894081	33	0	188	41	0	23
1786946958.418808719	33	0	188	41	0	23
1786946958.537368074	33	0	188	41	0	23
1786946958.656443272	33	0	188	41	0	23
1786946958.775766151	33	0	188	41	0	23
1786946958.894740320	33	0	188	41	0	23
1786946959.012825030	33	0	188	41	0	23
1786946959.131842561	33	0	188	41	0	23
1786946959.251135227	33	0	188	41	0	23
1786946959.370228460	33	0	188	41	0	23
1786946959.492633305	33	0	188	41	0	23
1786946959.616247721	33	0	188	41	0	23
1786946959.735547424	33	0	188	41	2304	23
1786946959.853938987	33	0	188	41	0	23
1786946959.973086618	33	0	188	41	0	23
1786946960.092253897	33	0	188	41	0	23
1786946960.212677277	33	0	188	41	0	23
1786946960.338839861	33	0	188	41	0	23
1786946960.461904267	33	0	188	41	0	23
1786946960.584119664	33	0	188	41	0	23
1786946960.707370911	33	0	188	41	0	23
1786946960.825717306	33	0	188	41	0	23
1786946960.944541209	33	0	188	41	2304	23
1786946961.067271474	33	0	188	41	0	23
1786946961.185487944	33	0	188	41	0	23
1786946961.304709607	33	0	188	41	0	23
1786946961.423782536	33	0	188	41	0	23
1786946961.542937249	33	0	188	41	0	23
1786946961.665599377	33	0	188	41	2304	23
1786946961.784873345	33	0	188	41	0	23
1786946961.907734547	33	0	188	41	0	23
1786946962.026027970	33	0	188	41	0	23
1786946962.144665167	33	0	188	41	0	23
1786946962.267643835	33	0	188	41	0	23
1786946962.389957257	33	0	188	41	0	23
1786946962.509248214	33	0	188	41	0	23
1786946962.628931321	33	0	188	41	0	23
1786946962.748322812	33	0	188	41	0	23
1786946962.867094215	33	0	188	41	0	23
1786946962.990734636	33	0	188	41	0	23
1786946963.114962485	33	0	188	41	0	23
1786946963.235433526	33	0	188	41	0	23
1786946963.358418047	33	0	188	41	0	23
1786946963.484904422	33	0	188	41	0	23
1786946963.604618289	33	0	188	41	0	23
1786946963.722862958	33	0	188	41	0	23
1786946963.845695365	33	0	188	41	0	23
1786946963.964914873	33	0	188	41	0	23
1786946964.082949701	33	0	188	41	0	23
1786946964.205904675	33	0	188	41	0	23
1786946964.324775541	33	0	188	41	0	23
1786946964.442873850	33	0	188	41	0	23
1786946964.569955334	33	0	188	41	0	23
1786946964.688761462	33	0	188	41	0	23
1786946964.816011149	33	0	188	41	0	23
1786946964.938392804	33	0	188	41	0	23
1786946965.057402275	33	0	188	41	0	23
1786946965.176541235	33	0	188	41	0	23
1786946965.298814634	33	0	188	41	0	23
1786946965.429311388	33	0	188	41	0	23
1786946965.560396284	33	0	188	41	0	23
1786946965.679482369	33	0	188	41	0	23
1786946965.798242153	33	0	188	41	0	23
1786946965.922134617	33	0	188	41	0	23
1786946966.044515339	33	0	188	41	0	23
1786946966.167423484	33	0	188	41	0	23
1786946966.286338552	33	0	188	41	0	23
1786946966.419943734	33	0	188	41	0	23
1786946966.542302351	33	0	188	41	0	23
1786946966.661646622	33	0	188	41	0	23
1786946966.780113289	33	0	188	41	0	23
1786946966.899235229	33	0	188	41	0	23
1786946967.022056070	33	0	188	41	0	23
1786946967.140356223	33	0	188	41	0	23
1786946967.267227736	33	0	188	41	0	23
1786946967.385455132	33	0	188	41	0	23
1786946967.507492891	33	0	188	41	0	23
1786946967.634024408	33	0	188	41	0	23
1786946967.753479414	33	0	188	41	0	23
1786946967.871630036	33	0	188	41	0	23
1786946967.990619635	33	0	188	41	0	23
1786946968.113338092	33	0	188	41	0	23
1786946968.231671265	33	0	188	41	0	23
1786946968.354797443	33	0	188	41	0	23
1786946968.477808466	33	0	188	41	0	23
1786946968.596712025	33	0	188	41	0	23
1786946968.715879872	33	0	188	41	0	23
1786946968.838831642	33	0	188	41	0	23
1786946968.961148750	33	0	188	41	0	23
1786946969.080361552	33	0	188	41	0	23
1786946969.199354130	33	0	188	41	0	23
1786946969.317746414	33	0	188	41	0	23
1786946969.436559704	33	0	188	41	0	23
1786946969.555893912	33	0	188	41	0	23
1786946969.678619213	33	0	188	41	0	23
1786946969.797929788	33	0	188	41	0	23
1786946969.917252970	33	0	188	41	0	23
1786946970.051665450	33	0	188	41	0	23
1786946970.173909793	33	0	188	41	0	23
1786946970.308063483	33	0	188	41	0	23
1786946970.430807399	33	0	188	41	0	23
1786946970.552914593	33	0	188	41	0	23
1786946970.672432943	33	0	188	41	0	23
1786946970.791547370	33	0	188	41	0	23
1786946970.909638486	33	0	188	41	0	23
1786946971.028776072	33	0	188	41	0	23
1786946971.151953732	33	0	188	41	0	23
1786946971.270728164	33	0	188	41	0	23
1786946971.389164619	33	0	188	41	0	23
1786946971.508235336	33	0	188	41	0	23
1786946971.627647737	33	0	188	41	0	23
1786946971.745914985	33	0	188	41	0	23
1786946971.865011854	33	0	188	41	0	23
1786946971.984237084	33	0	188	41	0	23
1786946972.103649853	33	0	188	41	0	23
1786946972.228513507	33	0	188	41	0	23
1786946972.347412259	33	0	188	41	0	23
1786946972.470254861	33	0	188	41	0	23
1786946972.594018336	33	0	188	41	0	23
1786946972.713249868	33	0	188	41	0	23
1786946972.831521251	33	0	188	41	0	23
1786946972.958575304	33	0	188	41	0	23
1786946973.080781330	33	0	188	41	0	23
1786946973.211002537	33	0	188	41	0	23
1786946973.334223746	33	0	188	41	0	23
1786946973.453614766	33	0	188	41	0	23
1786946973.572683017	33	0	188	41	0	23
1786946973.692420551	33	0	188	41	0	23
1786946973.811846261	33	0	188	41	0	23
1786946973.931082920	33	0	188	41	0	23
1786946974.050256532	33	0	188	41	0	23
1786946974.172298611	33	0	188	41	0	23
1786946974.299336153	33	0	188	41	0	23
1786946974.421525867	33	0	188	41	0	23
1786946974.540717091	33	0	188	41	0	23
1786946974.675799817	33	0	188	41	0	23
1786946974.794791037	33	0	188	41	0	23
1786946974.913385184	33	0	188	41	0	23
1786946975.036360496	33	0	188	41	0	23
1786946975.158894337	33	0	188	41	0	23
1786946975.286068949	33	0	188	41	0	23
1786946975.404776094	33	0	188	41	0	23
1786946975.536108095	33	0	188	41	0	23
1786946975.663169993	33	0	188	41	0	23
1786946975.786368565	33	0	188	41	0	23
1786946975.904460582	33	0	188	41	0	23
1786946976.027679034	33	0	188	41	0	23
1786946976.146649254	33	0	188	41	0	23
1786946976.269032751	33	0	188	41	0	23
1786946976.393095660	33	0	188	41	0	23
1786946976.512290371	33	0	188	41	0	23
1786946976.635881728	33	0	188	41	0	23
1786946976.754982258	33	0	188	41	0	23
1786946976.874364870	33	0	188	41	0	23
1786946976.997091924	33	0	188	41	0	23
1786946977.116339599	33	0	188	41	0	23
1786946977.242952291	33	0	188	41	0	23
1786946977.373062955	33	0	188	41	0	23
1786946977.496120642	33	0	188	41	0	23
1786946977.615628021	33	0	188	41	0	23
1786946977.739427032	33	0	188	41	0	23
1786946977.861395084	33	0	188	41	0	23
1786946977.984301173	33	0	188	41	0	23
1786946978.105744958	33	0	188	41	0	23
1786946978.236034786	33	0	188	41	0	23
1786946978.359485892	33	0	188	41	0	23
1786946978.478242065	33	0	188	41	0	23
1786946978.601462723	33	0	188	41	0	23
1786946978.720724735	33	0	188	41	0	23
1786946978.839573763	33	0	188	41	0	23
1786946978.965402753	33	0	188	41	0	23
1786946979.084215035	33	0	188	41	0	23
1786946979.202695860	33	0	188	41	0	23
1786946979.325429002	33	0	188	41	0	23
1786946979.444506016	33	0	188	41	0	23
1786946979.563265897	33	0	188	41	0	23
1786946979.687082368	33	0	188	41	0	23
1786946979.806128176	33	0	188	41	0	23
1786946979.932693420	33	0	188	41	0	23
1786946980.051982672	33	0	188	41	0	23
1786946980.175284056	33	0	188	41	0	23
1786946980.294172213	33	0	188	41	0	23
1786946980.417119570	33	0	188	41	0	23
1786946980.536248204	33	0	188	41	0	23
1786946980.659440177	33	0	188	41	0	23
1786946980.778378270	33	0	188	41	0	23
1786946980.901508737	33	0	188	41	0	23
1786946981.019456945	33	0	188	41	0	23
1786946981.138446920	33	0	188	41	0	23
1786946981.261508828	33	0	188	41	0	23
1786946981.383616495	33	0	188	41	0	23
1786946981.502709275	33	0	188	41	0	23
1786946981.622075767	33	0	188	41	0	23
1786946981.745495712	33	0	188	41	0	23
1786946981.864426259	33	0	188	41	0	23
1786946981.987344016	33	0	188	41	0	23
1786946982.105670076	33	0	188	41	0	23
1786946982.224772771	33	0	188	41	0	23
1786946982.347913049	33	0	188	41	0	23
1786946982.483352718	33	0	188	41	0	23
1786946982.602931892	33	0	188	41	0	23
1786946982.729588357	33	0	188	41	0	23
1786946982.851145119	33	0	188	41	0	23
1786946982.969954559	33	0	188	41	0	23
1786946983.093032247	33	0	188	41	0	23
1786946983.215996576	33	0	188	41	0	23
1786946983.339029007	33	0	188	41	0	23
1786946983.457350291	33	0	188	41	0	23
1786946983.577307851	33	0	188	41	0	23
1786946983.696325466	33	0	188	41	0	23
1786946983.815124250	33	0	188	41	0	23
1786946983.933974204	33	0	188	41	0	23
1786946984.052359887	33	0	188	41	0	23
1786946984.175308236	33	0	188	41	0	23
1786946984.293538917	33	0	188	41	0	23
1786946984.412089440	33	2304	188	41	0	23
1786946984.531206671	33	0	188	41	0	23
1786946984.650473270	33	0	188	41	0	23
1786946984.777549701	33	0	188	41	0	23
1786946984.900652343	33	0	188	41	0	23
1786946985.019949599	33	0	188	41	0	23
1786946985.138388000	33	0	188	41	0	23
1786946985.265855694	33	0	188	41	0	23
1786946985.385304850	33	0	188	41	0	23
1786946985.503763447	33	0	188	41	0	23
1786946985.627248892	33	0	188	41	0	23
1786946985.746775048	33	0	188	41	0	23
1786946985.872082161	33	0	188	41	0	23
1786946985.991032374	33	0	188	41	0	23
1786946986.113550850	33	0	188	41	0	23
1786946986.232642877	33	0	188	41	0	23
1786946986.351421105	33	0	188	41	0	23
1786946986.469977260	33	0	188	41	0	23
1786946986.589088434	33	0	188	41	0	23
1786946986.708689146	33	0	188	41	0	23
1786946986.828490396	33	0	188	41	0	23
1786946986.951679519	33	2304	188	41	0	23
1786946987.074356337	33	0	188	41	0	23
1786946987.193052239	33	0	188	41	0	23
1786946987.312108562	33	0	188	41	0	23
1786946987.430502289	33	0	188	41	0	23
1786946987.549693028	33	0	188	41	0	23
1786946987.673130619	33	0	188	41	0	23
1786946987.791680131	33	0	188	41	0	23
1786946987.917903696	33	0	188	41	0	23
1786946988.036224989	33	0	188	41	0	23
1786946988.155537048	33	0	188	41	0	23
1786946988.274636321	33	0	188	41	0	23
1786946988.393433748	33	0	188	41	0	23
1786946988.520244462	33	0	188	41	0	23
1786946988.639671670	33	0	188	41	0	23
1786946988.758517446	33	0	188	41	0	23
1786946988.876947929	33	0	188	41	0	23
1786946988.995913423	33	0	188	41	0	23
1786946989.117297639	33	0	188	41	0	23
1786946989.236409544	33	0	188	41	0	23
1786946989.354995686	33	0	188	41	0	23
1786946989.473327115	33	0	188	41	0	23
1786946989.592590643	33	0	188	41	0	23
1786946989.716422065	33	0	188	41	0	23
1786946989.836049603	33	0	188	41	0	23
1786946989.955125902	33	0	188	41	0	23
1786946990.081646232	33	0	188	41	0	23
1786946990.200219273	33	0	188	41	0	23
1786946990.319483170	33	0	188	41	0	23
1786946990.450471594	33	0	188	41	0	23
1786946990.577295280	33	0	188	41	0	23
1786946990.696792623	33	0	188	41	0	23
1786946990.816252223	33	0	188	41	0	23
1786946990.934375123	33	0	188	41	0	23
1786946991.053163081	33	0	188	41	0	23
1786946991.171949789	33	0	188	41	0	23
1786946991.289934809	33	0	188	41	0	23
1786946991.425504399	33	0	188	41	0	23
1786946991.548563359	33	0	188	41	0	23
1786946991.683203558	33	0	188	41	0	23
1786946991.803206678	33	0	188	41	0	23
1786946991.925442608	33	0	188	41	0	23
1786946992.044151447	33	0	188	41	0	23
1786946992.166163746	33	0	188	41	0	23
1786946992.285258638	33	0	188	41	0	23
1786946992.408290942	33	0	188	41	0	23
1786946992.531537080	33	0	188	41	0	23
1786946992.652070672	33	0	188	41	2304	23
1786946992.770755481	33	0	188	41	0	23
1786946992.889787406	33	0	188	41	0	23
1786946993.009014264	33	0	188	41	0	23
1786946993.136036851	33	0	188	41	0	23
1786946993.259094506	33	0	188	41	0	23
1786946993.381504889	33	0	188	41	0	23
1786946993.500730212	33	0	188	41	0	23
1786946993.619878474	33	0	188	41	0	23
1786946993.739211483	33	0	188	41	0	23
1786946993.857302775	33	0	188	41	0	23
1786946993.980443724	33	0	188	41	0	23
1786946994.106232857	33	0	188	41	0	23
1786946994.227101021	33	0	188	41	0	23
1786946994.345909631	33	0	188	41	0	23
1786946994.464712796	33	0	188	41	0	23
1786946994.583326105	33	0	188	41	0	23
1786946994.702779726	33	0	188	41	0	23
1786946994.821828225	33	0	188	41	0	23
1786946994.940710328	33	0	188	41	0	23
1786946995.063216479	33	0	188	41	0	23
1786946995.185868488	33	0	188	41	0	23
1786946995.307634352	33	0	188	41	0	23
1786946995.426210907	33	0	188	41	0	23
1786946995.545281343	33	2304	188	41	0	23
1786946995.671451411	33	0	188	41	0	23
1786946995.794658507	33	0	188	41	0	23
1786946995.913939738	33	0	188	41	0	23
1786946996.035262119	33	0	188	41	0	23
1786946996.154097120	33	0	188	41	0	23
1786946996.273202017	33	0	188	41	0	23
1786946996.392408721	33	0	188	41	0	23
1786946996.515269427	33	0	188	41	0	23
1786946996.634373267	33	0	188	41	0	23
1786946996.752971131	33	0	188	41	0	23
1786946996.871347116	33	0	188	41	0	23
1786946996.989931490	33	0	188	41	0	23
1786946997.108846717	33	0	188	41	0	23
1786946997.227578711	33	0	188	41	0	23
1786946997.350009843	33	0	188	41	0	23
1786946997.469644257	33	0	188	41	0	23
1786946997.589065787	33	0	188	41	0	23
1786946997.708559518	33	0	188	41	0	23
1786946997.826953821	33	0	188	41	0	23
1786946997.945538977	33	0	188	41	0	23
1786946998.064464659	33	0	188	41	0	23
1786946998.183156838	33	0	188	41	0	23
1786946998.301333974	33	0	188	41	0	23
1786946998.420420326	33	0	188	41	0	23
1786946998.543616231	33	0	188	41	0	23
1786946998.662869100	33	0	188	41	0	23
1786946998.781847176	33	0	188	41	0	23
1786946998.900518229	33	0	188	41	0	23
1786946999.019513131	33	0	188	41	0	23
1786946999.137309640	33	0	188	41	0	23
1786946999.256217143	33	0	188	41	0	23
1786946999.375259621	33	0	188	41	0	23
1786946999.494753697	33	0	188	41	0	23
1786946999.613170980	33	0	188	41	0	23
1786946999.734294667	33	0	188	41	0	23
1786946999.853118242	33	0	188	41	0	23
1786946999.972214134	33	0	188	41	0	23
1786947000.091334842	33	0	188	41	0	23
1786947000.213345978	33	0	188	41	0	23
1786947000.332290876	33	0	188	41	0	23
1786947000.462375712	33	0	188	41	0	23
1786947000.581570993	33	0	188	41	0	23
1786947000.705514890	33	0	188	41	0	23
1786947000.824334097	33	0	188	41	0	23
1786947000.943083393	33	0	188	41	0	23
1786947001.061792587	33	0	188	41	0	23
1786947001.179325389	33	0	188	41	0	23
1786947001.298039012	33	0	188	41	0	23
1786947001.429137922	33	0	188	41	0	23
1786947001.552436334	33	0	188	41	0	23
1786947001.684244314	33	0	188	41	0	23
1786947001.807953584	33	0	188	41	0	23
1786947001.930396836	33	0	188	41	0	23
1786947002.049066491	33	0	188	41	0	23
1786947002.167651087	33	0	188	41	0	23
1786947002.285625208	33	0	188	41	0	23
1786947002.404774795	33	0	188	41	0	23
1786947002.523851062	33	0	188	41	0	23
1786947002.643337019	33	0	188	41	0	23
1786947002.764541296	33	0	188	41	0	23
1786947002.883819740	33	0	188	41	0	23
1786947003.002006282	33	0	188	41	0	23
1786947003.120491643	33	0	188	41	0	23
1786947003.239196360	33	0	188	41	0	23
1786947003.362483222	33	0	188	41	0	23
1786947003.480865097	33	0	188	41	0	23
1786947003.605023389	33	0	188	41	0	23
1786947003.729137394	33	0	188	41	0	23
1786947003.851514107	33	0	188	41	0	23
1786947003.973553943	33	0	188	41	0	23
1786947004.096120520	33	0	188	41	0	23
1786947004.215123177	33	0	188	41	0	23
1786947004.333935428	33	0	188	41	0	23
1786947004.456340430	33	0	188	41	0	23
1786947004.575515792	33	0	188	41	0	23
1786947004.695070911	33	0	188	41	0	23
1786947004.813424871	33	0	188	41	0	23
1786947004.932410478	33	0	188	41	0	23
1786947005.051045966	33	0	188	41	0	23
1786947005.169033188	33	0	188	41	0	23
1786947005.287511870	33	0	188	41	0	23
1786947005.406340445	33	0	188	41	0	23
1786947005.525330423	33	0	188	41	0	23
1786947005.652816094	33	0	188	41	0	23
1786947005.779505067	33	0	188	41	0	23
1786947005.903881577	33	0	188	41	0	23
1786947006.023104057	33	0	188	41	0	23
1786947006.144286030	33	0	188	41	0	23
1786947006.267588291	33	0	188	41	0	23
1786947006.386123541	33	0	188	41	0	23
1786947006.505295416	33	0	188	41	0	23
1786947006.624650360	33	0	188	41	0	23
1786947006.744109741	33	0	188	41	0	23
1786947006.862650986	33	0	188	41	0	23
1786947006.980988474	33	0	188	41	0	23
1786947007.102926523	33	0	188	41	0	23
1786947007.221385020	33	0	188	41	0	23
1786947007.339770467	33	0	188	41	0	23
1786947007.458628330	33	0	188	41	0	23
1786947007.577433433	33	0	188	41	0	23
1786947007.700534023	33	0	188	41	0	23
1786947007.819789106	33	0	188	41	0	23
1786947007.938601011	33	0	188	41	0	23
1786947008.058180899	33	0	188	41	0	23
1786947008.175944566	33	0	188	41	0	23
1786947008.294908298	33	0	188	41	0	23
1786947008.417731402	33	0	188	41	0	23
1786947008.537994632	33	0	188	41	0	23
1786947008.663622887	33	0	188	41	0	23
1786947008.786890980	33	0	188	41	0	23
1786947008.909780985	33	0	188	41	0	23
1786947009.028914685	33	0	188	41	0	23
1786947009.146987510	33	0	188	41	0	23
1786947009.266069940	33	0	188	41	0	23
1786947009.384730403	33	0	188	41	0	23
1786947009.503621898	33	0	188	41	0	23
1786947009.627192185	33	0	188	41	0	23
1786947009.746947616	33	0	188	41	0	23
1786947009.865683900	33	0	188	41	0	23
1786947009.983522650	33	0	188	41	0	23
1786947010.102405963	33	0	188	41	0	23
1786947010.221582282	33	0	188	41	0	23
1786947010.340753143	33	0	188	41	0	23
1786947010.458470779	33	0	188	41	0	23
1786947010.577614372	33	0	188	41	0	23
1786947010.697226259	33	0	188	41	0	23
1786947010.816393354	33	0	188	41	0	23
1786947010.934063724	33	0	188	41	0	23
1786947011.055880480	33	0	188	41	0	23
1786947011.173904744	33	0	188	41	0	23
1786947011.292880789	33	0	188	41	0	23
1786947011.415191304	33	0	188	41	0	23
1786947011.533421737	33	0	188	41	0	23
1786947011.653074846	33	0	188	41	0	23
1786947011.772215920	33	0	188	41	0	23
1786947011.894997184	33	0	188	41	0	23
1786947012.023225266	33	0	188	41	0	23
1786947012.145188260	33	0	188	41	0	23
1786947012.263618974	33	0	188	41	0	23
1786947012.385031109	33	0	188	41	0	23
1786947012.504257141	33	0	188	41	0	23
1786947012.627615687	33	0	188	41	0	23
1786947012.748067927	33	0	188	41	2304	23
1786947012.870296920	33	0	188	41	0	23
1786947012.989232091	33	0	188	41	0	23
1786947013.111233295	33	0	188	41	0	23
1786947013.230304005	33	0	188	41	0	23
1786947013.349215402	33	0	188	41	0	23
1786947013.467647273	33	0	188	41	0	23
1786947013.586323617	33	0	188	41	0	23
1786947013.705693890	33	0	188	41	0	23
1786947013.824904902	33	0	188	41	0	23
1786947013.943367363	33	0	188	41	0	23
1786947014.061902882	33	0	188	41	0	23
1786947014.180735230	33	0	188	41	0	23
1786947014.300316453	33	0	188	41	0	23
1786947014.421678238	33	0	188	41	0	23
1786947014.551976236	33	0	188	41	0	23
1786947014.671601666	33	0	188	41	0	23
1786947014.791062470	33	0	188	41	0	23
1786947014.909927867	33	0	188	41	0	23
1786947015.027730303	33	0	188	41	0	23
1786947015.146290843	33	0	188	41	0	23
1786947015.264909758	33	0	188	41	2304	23
1786947015.383071205	33	0	188	41	0	23
1786947015.502450328	33	0	188	41	0	23
1786947015.625679815	33	0	188	41	0	23
1786947015.748237959	33	0	188	41	0	23
1786947015.871063101	33	0	188	41	0	23
1786947015.989138839	33	0	188	41	0	23
1786947016.107682955	33	0	188	41	0	23
1786947016.226098823	33	0	188	41	0	23
1786947016.343970109	33	0	188	41	0	23
1786947016.462572271	33	0	188	41	0	23
1786947016.581679225	33	0	188	41	0	23
1786947016.704218006	33	0	188	41	0	23
1786947016.823350284	33	0	188	41	0	23
1786947016.941674303	33	0	188	41	0	23
1786947017.063223213	33	0	188	41	0	23
1786947017.181997705	33	0	188	41	0	23
1786947017.299920539	33	0	188	41	0	23
1786947017.418506239	33	0	188	41	0	23
1786947017.537477869	33	0	188	41	0	23
1786947017.666772548	33	0	188	41	0	23
1786947017.785104906	33	0	188	41	0	23
1786947017.903708263	33	0	188	41	0	23
1786947018.025163951	33	0	188	41	0	23
1786947018.143830348	33	0	188	41	0	23
1786947018.261605284	33	0	188	41	0	23
1786947018.380414318	33	0	188	41	0	23
1786947018.499650239	33	0	188	41	0	23
1786947018.619108716	33	0	188	41	0	23
1786947018.738285820	33	0	188	41	0	23
1786947018.856903882	33	0	188	41	0	23
1786947018.975566160	33	0	188	41	0	23
1786947019.094252533	33	0	188	41	0	23
1786947019.215714169	33	0	188	41	0	23
1786947019.334202832	33	0	188	41	0	23
1786947019.451954630	33	0	188	41	0	23
1786947019.571271536	33	0	188	41	0	23
1786947019.690769023	33	0	188	41	0	23
1786947019.809815640	33	0	188	41	0	23
1786947019.927653641	33	0	188	41	0	23
1786947020.045984287	33	0	188	41	0	23
1786947020.163844008	33	0	188	41	0	23
1786947020.282570302	33	0	188	41	0	23
1786947020.401140533	33	0	188	41	0	23
1786947020.520302712	33	0	188	41	0	23
1786947020.638900381	33	0	188	41	0	23
1786947020.758455870	33	0	188	41	0	23
1786947020.877214274	33	0	188	41	0	23
1786947020.995830043	33	0	188	41	0	23
1786947021.113783198	33	0	188	41	0	23
1786947021.232426739	33	0	188	41	0	23
1786947021.350823804	33	0	188	41	0	23
1786947021.468970542	33	0	188	41	0	23
1786947021.587879653	33	0	188	41	0	23
1786947021.710720555	33	0	188	41	0	23
1786947021.828887379	33	0	188	41	0	23
1786947021.957947029	33	0	188	41	0	23
1786947022.076759069	33	0	188	41	0	23
1786947022.198332401	33	0	188	41	0	23
1786947022.316958760	33	0	188	41	0	23
1786947022.442176446	33	0	188	41	0	23
1786947022.560893928	33	0	188	41	0	23
1786947022.680421469	33	0	188	41	0	23
1786947022.799573823	33	0	188	41	0	23
1786947022.919922221	33	0	188	41	2304	23
1786947023.042340505	33	0	188	41	0	23
1786947023.164037463	33	0	188	41	0	23
1786947023.286341483	33	0	188	41	0	23
1786947023.404823904	33	0	188	41	0	23
1786947023.528164181	33	0	188	41	0	23
1786947023.647117582	33	0	188	41	0	23
1786947023.766386836	33	0	188	41	0	23
1786947023.884947157	33	0	188	41	0	23
1786947024.003894647	33	0	188	41	0	23
1786947024.121888648	33	0	188	41	0	23
1786947024.240778565	33	0	188	41	0	23
1786947024.359302580	33	0	188	41	0	23
1786947024.480919046	33	0	188	41	0	23
1786947024.600220028	33	0	188	41	0	23
1786947024.719851057	33	0	188	41	0	23
1786947024.838837289	33	0	188	41	0	23
1786947024.960789663	33	0	188	41	0	23
1786947025.079998636	33	0	188	41	0	23
1786947025.198130438	33	0	188	41	0	23
1786947025.316977104	33	0	188	41	0	23
1786947025.435859409	33	0	188	41	0	23
1786947025.554875620	33	0	188	41	0	23
1786947025.673305638	33	0	188	41	0	23
1786947025.795947502	33	0	188	41	0	23
1786947025.913901134	33	0	188	41	0	23
1786947026.032791917	33	0	188	41	0	23
1786947026.151416255	33	0	188	41	0	23
1786947026.269913438	33	0	188	41	0	23
1786947026.388199240	33	0	188	41	0	23
1786947026.507818658	33	0	188	41	0	23
1786947026.627478449	33	0	188	41	0	23
1786947026.747023966	33	0	188	41	0	23
1786947026.869870871	33	0	188	41	0	23
1786947026.988616087	33	0	188	41	0	23
1786947027.107741421	33	0	188	41	0	23
1786947027.226130878	33	0	188	41	0	23
1786947027.344160408	33	0	188	41	0	23
1786947027.466721223	33	0	188	41	0	23
1786947027.585306624	33	0	188	41	0	23
1786947027.704798347	33	0	188	41	0	23
1786947027.823897859	33	0	188	41	0	23
1786947027.942595812	33	0	188	41	0	23
1786947028.060696326	33	0	188	41	0	23
1786947028.179042816	33	0	188	41	0	23
1786947028.301581724	33	0	188	41	0	23
1786947028.423646626	33	0	188	41	0	23
1786947028.542271786	33	0	188	41	0	23
1786947028.661134776	33	0	188	41	0	23
1786947028.780020364	33	0	188	41	0	23
1786947028.898736613	33	0	188	41	0	23
1786947029.016689175	33	0	188	41	0	23
1786947029.135260524	33	0	188	41	0	23
1786947029.253728614	33	0	188	41	0	23
1786947029.375946587	33	0	188	41	0	23
1786947029.498784453	33	0	188	41	0	23
1786947029.621683009	33	0	188	41	0	23
1786947029.744838189	33	0	188	41	0	23
1786947029.866680979	33	0	188	41	0	23
1786947029.985062401	33	0	188	41	0	23
1786947030.102881029	33	0	188	41	0	23
1786947030.221804514	33	0	188	41	0	23
1786947030.340461483	33	0	188	41	0	23
1786947030.461963101	33	0	188	41	0	23
1786947030.581245066	33	0	188	41	0	23
1786947030.700485499	33	0	188	41	0	23
1786947030.822678740	33	0	188	41	0	23
1786947030.945095752	33	0	188	41	0	23
1786947031.067022569	33	0	188	41	0	23
1786947031.188846878	33	0	188	41	0	23
1786947031.307446698	33	0	188	41	0	23
1786947031.429093514	33	0	188	41	0	23
1786947031.548234777	33	0	188	41	0	23
1786947031.667768990	33	0	188	41	0	23
1786947031.790007143	33	0	188	41	0	23
1786947031.908880417	33	0	188	41	0	23
1786947032.031291066	33	0	188	41	0	23
1786947032.149577498	33	0	188	41	0	23
1786947032.268238587	33	0	188	41	0	23
1786947032.386584570	33	0	188	41	2304	23
1786947032.504935754	33	0	188	41	0	23
1786947032.628236676	33	0	188	41	0	23
1786947032.747768265	33	0	188	41	0	23
1786947032.870542774	33	0	188	41	0	23
1786947032.992961214	33	0	188	41	0	23
1786947033.111742204	33	0	188	41	0	23
1786947033.229819911	33	0	188	41	0	23
1786947033.351014409	33	0	188	41	0	23
1786947033.473452970	33	0	188	41	0	23
1786947033.591675480	33	0	188	41	0	23
1786947033.711381331	33	0	188	41	0	23
1786947033.829998871	33	0	188	41	0	23
1786947033.951750150	33	0	188	41	0	23
1786947034.074117451	33	0	188	41	0	23
1786947034.192099676	33	0	188	41	0	23
1786947034.311024590	33	0	188	41	0	23
1786947034.429453355	33	0	188	41	0	23
1786947034.548188198	33	0	188	41	0	23
1786947034.671099011	33	0	188	41	0	23
1786947034.790238866	33	0	188	41	0	23
1786947034.907762073	33	0	188	41	0	23
1786947035.034147363	33	0	188	41	0	23
1786947035.152296220	33	0	188	41	0	23
1786947035.274582646	33	0	188	41	0	23
1786947035.392938498	33	0	188	41	0	23
1786947035.516388167	33	0	188	41	0	23
1786947035.639781869	33	0	188	41	0	23
1786947035.758372250	33	0	188	41	0	23
1786947035.877333700	33	0	188	41	0	23
1786947035.998897283	33	0	188	41	0	23
1786947036.117456500	33	0	188	41	0	23
1786947036.236095728	33	0	188	41	0	23
1786947036.358405224	33	0	188	41	0	23
1786947036.477330324	33	0	188	41	0	23
1786947036.596954986	33	0	188	41	0	23
1786947036.719617826	33	0	188	41	0	23
1786947036.838772779	33	0	188	41	0	23
1786947036.960624091	33	0	188	41	0	23
1786947037.081159633	33	0	188	41	0	23
1786947037.201577716	33	0	188	41	0	23
1786947037.323202947	33	0	188	41	0	23
1786947037.445937825	33	0	188	41	0	23
1786947037.568868726	33	0	188	41	0	23
1786947037.692707260	33	0	188	41	0	23
1786947037.811172685	33	0	188	41	0	23
1786947037.929557918	33	0	188	41	0	23
1786947038.051975744	33	0	188	41	0	23
1786947038.170630176	33	0	188	41	0	23
1786947038.289293479	33	0	188	41	0	23
1786947038.414131787	33	0	188	41	0	23
1786947038.533224395	33	0	188	41	0	23
1786947038.660147310	33	0	188	41	0	23
1786947038.779183340	33	0	188	41	0	23
1786947038.896662826	33	0	188	41	0	23
1786947039.019156913	33	0	188	41	0	23
1786947039.137817537	33	0	188	41	0	23
1786947039.256127733	33	0	188	41	0	23
1786947039.378878324	33	0	188	41	0	23
1786947039.496908984	33	0	188	41	0	23
1786947039.620366930	33	0	188	41	0	23
1786947039.743756178	33	0	188	41	0	23
1786947039.866393405	33	0	188	41	0	23
1786947039.989038187	33	0	188	41	0	23
1786947040.107255439	33	0	188	41	0	23
1786947040.225764558	33	0	188	41	0	23
1786947040.344960546	33	0	188	41	0	23
1786947040.462843555	33	0	188	41	0	23
1786947040.586223860	33	0	188	41	0	23
1786947040.706101540	33	0	188	41	0	23
1786947040.828538420	33	0	188	41	0	23
1786947040.951546757	33	0	188	41	0	23
1786947041.074945470	33	0	188	41	0	23
1786947041.198931080	33	0	188	41	0	23
1786947041.319914673	33	0	188	41	0	23
1786947041.439946727	33	0	188	41	0	23
1786947041.563205191	33	0	188	41	0	23
1786947041.691725423	33	0	188	41	0	23
1786947041.811751841	33	0	188	41	0	23
1786947041.930863967	33	0	188	41	0	23
1786947042.050336357	33	0	188	41	0	23
1786947042.169360378	33	0	188	41	0	23
1786947042.288568894	33	0	188	41	0	23
1786947042.409260248	33	0	188	41	0	23
1786947042.531813835	33	0	188	41	0	23
1786947042.652753132	33	0	188	41	0	23
1786947042.773471540	33	0	188	41	0	23
1786947042.896902832	33	0	188	41	0	23
1786947043.015601602	33	0	188	41	0	23
1786947043.139506246	33	0	188	41	0	23
1786947043.259144337	33	0	188	41	0	23
1786947043.378648601	33	0	188	41	0	23
1786947043.505514896	33	0	188	41	0	23
1786947043.627511939	33	0	188	41	0	23
1786947043.748066681	33	0	188	41	0	23
1786947043.871889983	33	0	188	41	0	23
1786947043.996250986	33	0	188	41	0	23
1786947044.116712088	33	0	188	41	0	23
1786947044.236607326	33	0	188	41	0	23
1786947044.355454883	33	0	188	41	0	23
1786947044.478220877	33	0	188	41	0	23
1786947044.596798830	33	0	188	41	0	23
1786947044.720567330	33	0	188	41	0	23
1786947044.840002147	33	0	188	41	0	23
1786947044.962004967	33	0	188	41	0	23
1786947045.081193365	33	0	188	41	0	23
1786947045.200072140	33	0	188	41	0	23
1786947045.318502911	33	0	188	41	0	23
1786947045.437313549	33	0	188	41	0	23
1786947045.556952704	33	0	188	41	0	23
1786947045.677024443	33	0	188	41	0	23
1786947045.800165001	33	0	188	41	0	23
1786947045.922993463	33	0	188	41	0	23
1786947046.053632294	33	0	188	41	0	23
1786947046.173371733	33	0	188	41	0	23
1786947046.293437636	33	0	188	41	0	23
1786947046.416821527	33	0	188	41	0	23
1786947046.536274333	33	0	188	41	0	23
1786947046.656147889	33	0	188	41	0	23
1786947046.775526804	33	0	188	41	0	23
1786947046.894614608	33	0	188	41	0	23
1786947047.013751491	33	0	188	41	0	23
1786947047.139467313	33	0	188	41	0	23
1786947047.267334547	33	0	188	41	0	23
1786947047.389671348	33	0	188	41	0	23
1786947047.512918106	33	0	188	41	0	23
1786947047.632695772	33	0	188	41	0	23
1786947047.756034459	33	0	188	41	0	23
1786947047.887337284	33	0	188	41	0	23
1786947048.009772399	33	0	188	41	0	23
1786947048.128982675	33	0	188	41	0	23
1786947048.248060528	33	0	188	41	0	23
1786947048.370577956	33	0	188	41	0	23
1786947048.489303046	33	0	188	41	0	23
1786947048.608773005	33	0	188	41	0	23
1786947048.732245854	33	0	188	41	0	23
1786947048.851443050	33	0	188	41	0	23
1786947048.970457447	33	0	188	41	0	23
1786947049.089670040	33	0	188	41	0	23
1786947049.219465369	33	0	188	41	0	23
1786947049.338884650	33	0	188	41	0	23
1786947049.457277844	33	0	188	41	0	23
1786947049.576391774	33	0	188	41	0	23
1786947049.700322733	33	0	188	41	0	23
1786947049.819537298	33	0	188	41	0	23
1786947049.937406215	33	0	188	41	0	23
1786947050.067278260	33	0	188	41	0	23
1786947050.186369501	33	0	188	41	0	23
1786947050.305590875	33	0	188	41	0	23
1786947050.428866082	33	0	188	41	0	23
1786947050.547741291	33	0	188	41	0	23
1786947050.669205909	33	0	188	41	0	23
1786947050.789686149	33	0	188	41	0	23
1786947050.908048503	33	0	188	41	0	23
1786947051.027084747	33	0	188	41	0	23
1786947051.146145687	33	0	188	41	0	23
1786947051.268686366	33	0	188	41	0	23
1786947051.392890731	33	0	188	41	0	23
1786947051.515902724	33	0	188	41	0	23
1786947051.635145800	33	0	188	41	0	23
1786947051.754622191	33	0	188	41	0	23
1786947051.877879498	33	0	188	41	0	23
1786947052.005744333	33	0	188	41	0	23
1786947052.124474396	33	0	188	41	0	23
1786947052.244632964	33	0	188	41	0	23
1786947052.363717547	33	0	188	41	0	23
1786947052.482298098	33	0	188	41	0	23
1786947052.600991357	33	0	188	41	0	23
1786947052.726244581	33	0	188	41	0	23
1786947052.857154695	33	0	188	41	0	23
1786947052.977624515	33	0	188	41	0	23
1786947053.100015603	33	0	188	41	0	23
1786947053.218847283	33	0	188	41	0	23
1786947053.345671496	33	0	188	41	0	23
1786947053.464796772	33	0	188	41	0	23
1786947053.584333208	33	0	188	41	0	23
1786947053.708362452	33	0	188	41	0	23
1786947053.831477141	33	0	188	41	0	23
1786947053.950419428	33	0	188	41	0	23
1786947054.069529769	33	0	188	41	0	23
1786947054.188393706	33	0	188	41	0	23
1786947054.306489686	33	0	188	41	0	23
1786947054.425482234	33	0	188	41	0	23
1786947054.544992440	33	0	188	41	0	23
1786947054.664715835	33	0	188	41	0	23
1786947054.784707832	33	0	188	41	0	23
1786947054.911937918	33	0	188	41	0	23
1786947055.030799784	33	0	188	41	0	23
1786947055.150011336	33	0	188	41	0	23
1786947055.268852187	33	0	188	41	0	23
1786947055.391563827	33	0	188	41	0	23
1786947055.510411250	33	0	188	41	0	23
1786947055.629762591	33	0	188	41	0	23
1786947055.750151158	33	0	188	41	0	23
1786947055.870504388	33	0	188	41	0	23
1786947055.988634230	33	0	188	41	0	23
1786947056.107638979	33	0	188	41	0	23
1786947056.226712550	33	0	188	41	0	23
1786947056.346005838	33	0	188	41	0	23
1786947056.465196958	33	0	188	41	0	23
1786947056.592416390	33	0	188	41	0	23
1786947056.716547580	33	0	188	41	0	23
1786947056.839614259	33	0	188	41	0	23
1786947056.959012838	33	0	188	41	0	23
1786947057.077848492	33	0	188	41	0	23
1786947057.197077079	33	0	188	41	0	23
1786947057.316193179	33	0	188	41	0	23
1786947057.434590286	33	0	188	41	0	23
1786947057.553976224	33	0	188	41	0	23
1786947057.673987941	33	0	188	41	0	23
1786947057.793677440	33	0	188	41	0	23
1786947057.917209675	33	0	188	41	0	23
1786947058.035400817	33	0	188	41	0	23
1786947058.154494181	33	0	188	41	0	23
1786947058.273716988	33	0	188	41	0	23
1786947058.392877884	33	0	188	41	0	23
1786947058.511935831	33	0	188	41	0	23
1786947058.630741926	33	2304	188	41	0	23
1786947058.750609708	33	0	188	41	0	23
1786947058.869990356	33	0	188	41	0	23
1786947058.988922821	33	0	188	41	0	23
1786947059.111267226	33	0	188	41	0	23
1786947059.230979339	33	0	188	41	0	23
1786947059.358562241	33	0	188	41	0	23
1786947059.477321713	33	0	188	41	0	23
1786947059.600537387	33	0	188	41	0	23
1786947059.724907079	33	0	188	41	0	23
1786947059.844537296	33	0	188	41	0	23
1786947059.962601266	33	0	188	41	0	23
1786947060.081836106	33	0	188	41	0	23
1786947060.200792039	33	0	188	41	0	23
1786947060.319888541	33	0	188	41	0	23
1786947060.438421070	33	0	188	41	2304	23
1786947060.557085128	33	0	188	41	0	23
1786947060.676806016	33	0	188	41	0	23
1786947060.796712364	33	0	188	41	0	23
1786947060.919871772	33	0	188	41	0	23
1786947061.047111521	33	0	188	41	0	23
1786947061.167317687	33	0	188	41	0	23
1786947061.290819661	33	0	188	41	0	23
1786947061.414214512	33	0	188	41	2304	23
1786947061.532631419	33	0	188	41	0	23
1786947061.656771228	33	0	188	41	0	23
1786947061.776672978	33	0	188	41	0	23
1786947061.896225551	33	0	188	41	0	23
1786947062.014474186	33	0	188	41	0	23
1786947062.133411580	33	0	188	41	0	23
1786947062.259588016	33	0	188	41	0	23
1786947062.378758650	33	0	188	41	0	23
1786947062.498224989	33	0	188	41	0	23
1786947062.617742219	33	0	188	41	0	23
1786947062.737718268	33	0	188	41	0	23
1786947062.856972744	33	0	188	41	0	23
1786947062.975383135	33	0	188	41	0	23
1786947063.094575467	33	0	188	41	0	23
1786947063.218215730	33	0	188	41	0	23
1786947063.337526342	33	0	188	41	0	23
1786947063.459511535	33	0	188	41	0	23
1786947063.578987644	33	0	188	41	2304	23
1786947063.698639758	33	0	188	41	0	23
1786947063.818131108	33	0	188	41	2304	23
1786947063.939880041	33	0	188	41	0	23
1786947064.058846612	33	0	188	41	0	23
1786947064.181776750	33	0	188	41	0	23
1786947064.301089824	33	0	188	41	0	23
1786947064.427708638	33	0	188	41	0	23
1786947064.546716613	33	0	188	41	0	23
1786947064.666454959	33	0	188	41	0	23
1786947064.790593319	33	0	188	41	0	23
1786947064.915217857	33	0	188	41	0	23
1786947065.034289418	33	0	188	41	0	23
1786947065.152319323	33	0	188	41	0	23
1786947065.274601761	33	0	188	41	0	23
1786947065.396472139	33	0	188	41	0	23
1786947065.515819369	33	0	188	41	0	23
1786947065.639944505	33	0	188	41	0	23
1786947065.759895215	33	0	188	41	0	23
1786947065.883433763	33	0	188	41	0	23
1786947066.002348617	33	0	188	41	0	23
1786947066.121270257	33	0	188	41	0	23
1786947066.243211908	33	0	188	41	0	23
1786947066.362369375	33	0	188	41	0	23
1786947066.489354639	33	0	188	41	0	23
1786947066.611964379	33	0	188	41	0	23
1786947066.731888150	33	0	188	41	0	23
1786947066.851026014	33	0	188	41	0	23
1786947066.969083363	33	0	188	41	0	23
1786947067.088004143	33	0	188	41	0	23
1786947067.209459763	33	0	188	41	0	23
1786947067.328688636	33	0	188	41	0	23
1786947067.448141931	33	0	188	41	0	23
1786947067.567607724	33	0	188	41	0	23
1786947067.687607253	33	0	188	41	0	23
1786947067.810873494	33	0	188	41	0	23
1786947067.934040810	33	0	188	41	0	23
1786947068.053455646	33	0	188	41	0	23
1786947068.176789756	33	0	188	41	0	23
1786947068.295197187	33	0	188	41	0	23
1786947068.414131129	33	0	188	41	2304	23
1786947068.533172444	33	0	188	41	0	23
1786947068.655792841	33	0	188	41	0	23
1786947068.784214660	33	0	188	41	0	23
1786947068.903871044	33	0	188	41	0	23
1786947069.023047105	33	0	188	41	0	23
1786947069.142288519	33	0	188	41	0	23
1786947069.264984424	33	0	188	41	0	23
1786947069.383950727	33	0	188	41	0	23
1786947069.502825297	33	0	188	41	0	23
1786947069.621641676	33	0	188	41	0	23
1786947069.741461173	33	0	188	41	0	23
1786947069.864206451	33	0	188	41	0	23
1786947069.982316571	33	0	188	41	0	23
1786947070.101205065	33	0	188	41	0	23
1786947070.219955856	33	0	188	41	0	23
1786947070.341649812	33	0	188	41	0	23
1786947070.460816643	33	0	188	41	0	23
1786947070.588278529	33	0	188	41	0	23
1786947070.714629380	33	0	188	41	0	23
1786947070.835088345	33	0	188	41	2304	23
1786947070.953171486	33	0	188	41	0	23
1786947071.072304112	33	0	188	41	0	23
1786947071.197981565	33	0	188	41	0	23
1786947071.317478705	33	0	188	41	0	23
1786947071.436493845	33	0	188	41	0	23
1786947071.556364918	33	0	188	41	0	23
1786947071.684936529	33	0	188	41	0	23
1786947071.803668657	33	0	188	41	0	23
1786947071.926515187	33	0	188	41	0	23
1786947072.053005084	33	0	188	41	0	23
1786947072.172339547	33	0	188	41	0	23
1786947072.295618904	33	0	188	41	0	23
1786947072.418333383	33	0	188	41	0	23
1786947072.537644757	33	0	188	41	0	23
1786947072.660641914	33	0	188	41	0	23
1786947072.779885629	33	0	188	41	2304	23
1786947072.899504727	33	0	188	41	0	23
1786947073.026951416	33	0	188	41	0	23
1786947073.149428143	33	0	188	41	0	23
1786947073.268363205	33	0	188	41	0	23
1786947073.387450817	33	0	188	41	0	23
1786947073.505953003	33	0	188	41	0	23
1786947073.625386669	33	0	188	41	0	23
1786947073.748483921	33	0	188	41	0	23
1786947073.868192017	33	0	188	41	0	23
1786947073.987132206	33	0	188	41	0	23
1786947074.105930676	33	0	188	41	0	23
1786947074.232195082	33	0	188	41	0	23
1786947074.350591193	33	0	188	41	0	23
1786947074.469981140	33	0	188	41	0	23
1786947074.589640680	33	0	188	41	0	23
1786947074.709717319	33	0	188	41	0	23
1786947074.828920489	33	0	188	41	2304	23
1786947074.947247291	33	0	188	41	0	23
1786947075.066195189	33	0	188	41	0	23
1786947075.185287301	33	0	188	41	2304	23
1786947075.310554191	33	0	188	41	0	23
1786947075.429677608	33	0	188	41	0	23
1786947075.552124024	33	0	188	41	0	23
1786947075.671883315	33	0	188	41	0	23
1786947075.798462735	33	0	188	41	0	23
1786947075.917807089	33	0	188	41	0	23
1786947076.036880503	33	0	188	41	0	23
1786947076.155675482	33	0	188	41	0	23
1786947076.278011786	33	0	188	41	0	23
1786947076.400970840	33	0	188	41	0	23
1786947076.526812033	33	0	188	41	0	23
1786947076.646285653	33	0	188	41	0	23
1786947076.773111771	33	0	188	41	0	23
1786947076.913912779	33	0	188	41	0	23
1786947077.039113746	33	0	188	41	0	23
1786947077.158132435	33	0	188	41	0	23
1786947077.277413024	33	0	188	41	0	23
1786947077.396405580	33	0	188	41	0	23
1786947077.514517712	33	0	188	41	0	23
1786947077.637426863	33	0	188	41	0	23
1786947077.771851515	33	0	188	41	0	23
1786947077.894264984	33	0	188	41	0	23
1786947078.013402120	33	0	188	41	0	23
1786947078.135217425	33	0	188	41	0	23
1786947078.254006234	33	0	188	41	0	23
1786947078.373117442	33	0	188	41	0	23
1786947078.492362416	33	0	188	41	0	23
1786947078.615228433	33	0	188	41	0	23
1786947078.735414498	33	0	188	41	0	23
1786947078.854938053	33	0	188	41	0	23
1786947078.980652063	33	0	188	41	0	23
1786947079.103434201	33	0	188	41	0	23
1786947079.225825971	33	0	188	41	0	23
1786947079.348597768	33	0	188	41	0	23
1786947079.470971171	33	0	188	41	0	23
1786947079.590590623	33	0	188	41	0	23
1786947079.717409002	33	0	188	41	0	23
1786947079.836905537	33	0	188	41	0	23
1786947079.956365646	33	0	188	41	0	23
1786947080.075796333	33	0	188	41	0	23
1786947080.195258915	33	0	188	41	0	23
1786947080.314941617	33	0	188	41	0	23
1786947080.437977886	33	0	188	41	0	23
1786947080.556933808	33	0	188	41	0	23
1786947080.680339337	33	0	188	41	0	23
1786947080.800024550	33	0	188	41	0	23
1786947080.919036892	33	0	188	41	0	23
1786947081.038216182	33	0	188	41	0	23
1786947081.157489510	33	0	188	41	0	23
1786947081.276726515	33	0	188	41	0	23
1786947081.395472041	33	0	188	41	0	23
1786947081.514670509	33	0	188	41	0	23
1786947081.640713631	33	0	188	41	0	23
1786947081.760335929	33	0	188	41	0	23
1786947081.882951106	33	0	188	41	0	23
1786947082.009715931	33	0	188	41	0	23
1786947082.132560940	33	0	188	41	0	23
1786947082.251568317	33	0	188	41	0	23
1786947082.373616066	33	0	188	41	0	23
1786947082.492786643	33	0	188	41	0	23
1786947082.612388325	33	0	188	41	0	23
1786947082.735548437	33	0	188	41	0	23
1786947082.854834659	33	0	188	41	0	23
1786947082.973872726	33	0	188	41	0	23
1786947083.093479145	33	0	188	41	0	23
1786947083.212657110	33	0	188	41	0	23
1786947083.330959182	33	0	188	41	0	23
1786947083.450095732	33	0	188	41	0	23
1786947083.569516529	33	0	188	41	0	23
1786947083.693321049	33	0	188	41	0	23
1786947083.813365448	33	0	188	41	0	23
1786947083.932486848	33	0	188	41	0	23
1786947084.050970600	33	0	188	41	0	23
1786947084.173968012	33	0	188	41	0	23
1786947084.293380750	33	0	188	41	0	23
1786947084.412687640	33	0	188	41	0	23
1786947084.530956262	33	0	188	41	0	23
1786947084.650370298	33	0	188	41	0	23
1786947084.770215803	33	0	188	41	0	23
1786947084.889885957	33	0	188	41	0	23
1786947085.008900174	33	0	188	41	0	23
1786947085.127282248	33	0	188	41	0	23
1786947085.246477390	33	0	188	41	0	23
1786947085.365346757	33	0	188	41	0	23
1786947085.484547212	33	0	188	41	0	23
1786947085.604218887	33	0	188	41	0	23
1786947085.727038371	33	0	188	41	0	23
1786947085.850291041	33	0	188	41	0	23
1786947085.969279153	33	0	188	41	0	23
1786947086.091847743	33	0	188	41	0	23
1786947086.212991670	33	0	188	41	0	23
1786947086.332207925	33	0	188	41	0	23
1786947086.455275293	33	0	188	41	0	23
1786947086.574740796	33	0	188	41	0	23
1786947086.694800288	33	0	188	41	0	23
1786947086.821832055	33	0	188	41	0	23
1786947086.941074565	33	0	188	41	0	23
1786947087.059493215	33	0	188	41	0	23
1786947087.178350110	33	0	188	41	0	23
1786947087.297456835	33	0	188	41	0	23
1786947087.420338300	33	0	188	41	0	23
1786947087.539063870	33	0	188	41	0	23
1786947087.660698180	33	0	188	41	0	23
1786947087.780468824	33	0	188	41	0	23
1786947087.899691001	33	0	188	41	0	23
1786947088.021428698	33	0	188	41	0	23
1786947088.142469817	33	0	188	41	0	23
1786947088.261630405	33	0	188	41	0	23
1786947088.383763441	33	0	188	41	0	23
1786947088.503133522	33	0	188	41	0	23
1786947088.631027979	33	0	188	41	0	23
1786947088.750663704	33	0	188	41	0	23
1786947088.869791595	33	0	188	41	0	23
1786947088.988881570	33	2304	188	41	0	23
1786947089.108348930	33	0	188	41	0	23
1786947089.230959060	33	0	188	41	0	23
1786947089.350073757	33	0	188	41	0	23
1786947089.472772536	33	0	188	41	0	23
1786947089.591316873	33	0	188	41	0	23
1786947089.711159647	33	0	188	41	0	23
1786947089.830497509	33	0	188	41	0	23
1786947089.956605297	33	0	188	41	0	23
1786947090.075755354	33	0	188	41	0	23
1786947090.195043659	33	0	188	41	0	23
1786947090.318279214	33	0	188	41	0	23
1786947090.440744138	33	0	188	41	0	23
1786947090.560188162	33	0	188	41	0	23
1786947090.684488201	33	0	188	41	0	23
1786947090.807735451	33	0	188	41	0	23
1786947090.927016145	33	0	188	41	0	23
1786947091.046294078	33	0	188	41	0	23
1786947091.169218723	33	0	188	41	0	23
1786947091.291869587	33	0	188	41	0	23
1786947091.418957524	33	0	188	41	0	23
1786947091.537435792	33	0	188	41	0	23
1786947091.657085462	33	0	188	41	0	23
1786947091.776903873	33	0	188	41	0	23
1786947091.903711632	33	0	188	41	0	23
1786947092.026747132	33	0	188	41	0	23
1786947092.145879210	33	0	188	41	0	23
1786947092.265320521	33	0	188	41	0	23
1786947092.383742615	33	0	188	41	0	23
1786947092.506647235	33	0	188	41	0	23
1786947092.626215363	33	0	188	41	0	23
1786947092.745696612	33	0	188	41	0	23
1786947092.865119893	33	0	188	41	0	23
1786947092.984412357	33	0	188	41	0	23
1786947093.103347691	33	0	188	41	0	23
1786947093.222459105	33	0	188	41	0	23
1786947093.341181044	33	0	188	41	0	23
1786947093.459840071	33	0	188	41	0	23
1786947093.579114765	33	0	188	41	0	23
1786947093.698998815	33	0	188	41	0	23
1786947093.818909329	33	0	188	41	0	23
1786947093.938278847	33	0	188	41	0	23
1786947094.057440164	33	0	188	41	0	23
1786947094.175745344	33	0	188	41	0	23
1786947094.298675850	33	0	188	41	0	23
1786947094.418004677	33	0	188	41	0	23
1786947094.544555820	33	0	188	41	0	23
1786947094.668154052	33	0	188	41	0	23
1786947094.790894038	33	0	188	41	0	23
1786947094.910248785	33	0	188	41	0	23
1786947095.029091670	33	0	188	41	0	23
1786947095.151208170	33	0	188	41	0	23
1786947095.274401653	33	0	188	41	0	23
1786947095.393690432	33	0	188	41	0	23
1786947095.511935950	33	0	188	41	0	23
1786947095.635342317	33	0	188	41	0	23
1786947095.755289700	33	0	188	41	0	23
1786947095.874606893	33	0	188	41	0	23
1786947095.992617301	33	0	188	41	0	23
1786947096.111514840	33	0	188	41	0	23
1786947096.231093427	33	0	188	41	0	23
1786947096.354274474	33	0	188	41	0	23
1786947096.472907123	33	0	188	41	0	23
1786947096.600182563	33	0	188	41	0	23
1786947096.720024017	33	0	188	41	0	23
1786947096.838770635	33	0	188	41	0	23
1786947096.957897682	33	0	188	41	0	23
1786947097.076933565	33	0	188	41	0	23
1786947097.203719839	33	0	188	41	0	23
1786947097.323201165	33	0	188	41	0	23
1786947097.442249636	33	0	188	41	0	23
1786947097.565588649	33	0	188	41	0	23
1786947097.685160769	33	0	188	41	0	23
1786947097.808380376	33	0	188	41	0	23
1786947097.932049662	33	0	188	41	0	23
1786947098.051218777	33	0	188	41	0	23
1786947098.169564523	33	0	188	41	0	23
1786947098.288582563	33	0	188	41	0	23
1786947098.411683409	33	0	188	41	0	23
1786947098.530619615	33	0	188	41	0	23
1786947098.649691930	33	0	188	41	0	23
1786947098.769401228	33	0	188	41	0	23
1786947098.897000685	33	0	188	41	0	23
1786947099.019626596	33	0	188	41	0	23
1786947099.138602753	33	0	188	41	0	23
1786947099.257848426	33	0	188	41	0	23
1786947099.380402349	33	0	188	41	0	23
1786947099.499578611	33	0	188	41	0	23
1786947099.619286464	33	0	188	41	0	23
1786947099.747084150	33	0	188	41	0	23
1786947099.867841751	33	0	188	41	0	23
1786947099.990760729	33	0	188	41	0	23
1786947100.109829515	33	0	188	41	0	23
1786947100.232713215	33	0	188	41	0	23
1786947100.351689110	33	0	188	41	0	23
1786947100.470866520	33	0	188	41	0	23
1786947100.590488390	33	0	188	41	0	23
1786947100.714596472	33	0	188	41	0	23
1786947100.834415312	33	0	188	41	0	23
1786947100.952848671	33	0	188	41	0	23
1786947101.072197693	33	0	188	41	0	23
1786947101.191485995	33	0	188	41	0	23
1786947101.311095901	33	0	188	41	0	23
1786947101.434164347	33	0	188	41	0	23
1786947101.556179344	33	0	188	41	0	23
1786947101.678658308	33	0	188	41	0	23
1786947101.798048116	33	0	188	41	0	23
1786947101.917423676	33	0	188	41	0	23
1786947102.036902993	33	0	188	41	0	23
1786947102.156061779	33	0	188	41	0	23
1786947102.278479151	33	0	188	41	0	23
1786947102.397615147	33	0	188	41	0	23
1786947102.516977572	33	0	188	41	0	23
1786947102.636293980	33	0	188	41	0	23
1786947102.756018579	33	0	188	41	0	23
1786947102.875623033	33	0	188	41	0	23
1786947102.994671990	33	0	188	41	0	23
1786947103.113651929	33	0	188	41	0	23
1786947103.232827757	33	0	188	41	0	23
1786947103.351912226	33	0	188	41	0	23
1786947103.474165497	33	0	188	41	0	23
1786947103.593947931	33	0	188	41	0	23
1786947103.725177357	33	0	188	41	0	23
1786947103.848371002	33	0	188	41	0	23
1786947103.967594356	33	0	188	41	0	23
1786947104.085674104	33	0	188	41	0	23
1786947104.213511764	33	0	188	41	0	23
1786947104.332621372	33	0	188	41	0	23
1786947104.451830055	33	0	188	41	0	23
1786947104.571322433	33	0	188	41	0	23
1786947104.695168470	33	0	188	41	0	23
1786947104.815062804	33	0	188	41	0	23
1786947104.934402533	33	0	188	41	0	23
1786947105.053435131	33	0	188	41	0	23
1786947105.176438362	33	0	188	41	0	23
1786947105.295697490	33	0	188	41	0	23
1786947105.415223170	33	0	188	41	0	23
1786947105.534409813	33	0	188	41	0	23
1786947105.653229017	33	0	188	41	0	23
1786947105.773852413	33	0	188	41	0	23
1786947105.892743750	33	0	188	41	2304	23
1786947106.011962058	33	0	188	41	0	23
1786947106.131031795	33	0	188	41	0	23
1786947106.250571584	33	0	188	41	0	23
1786947106.369705068	33	0	188	41	0	23
1786947106.487812989	33	0	188	41	2304	23
1786947106.607678512	33	0	188	41	0	23
1786947106.731351518	33	0	188	41	0	23
1786947106.855325593	33	0	188	41	0	23
1786947106.973766778	33	0	188	41	2304	23
1786947107.097161547	33	0	188	41	0	23
1786947107.216478215	33	0	188	41	0	23
1786947107.337607854	33	0	188	41	0	23
1786947107.456557311	33	0	188	41	0	23
1786947107.584637909	33	0	188	41	0	23
1786947107.704119558	33	0	188	41	0	23
1786947107.833124828	33	0	188	41	0	23
1786947107.953091650	33	0	188	41	0	23
1786947108.080889219	33	0	188	41	0	23
1786947108.208206446	33	0	188	41	0	23
1786947108.328218498	33	0	188	41	0	23
1786947108.447633318	33	0	188	41	0	23
1786947108.566845711	33	0	188	41	0	23
1786947108.690500563	33	0	188	41	0	23
1786947108.812055988	33	0	188	41	0	23
1786947108.935476732	33	0	188	41	0	23
1786947109.054620254	33	0	188	41	0	23
1786947109.173937893	33	0	188	41	0	23
1786947109.293157477	33	0	188	41	0	23
1786947109.420231284	33	0	188	41	0	23
1786947109.540019086	33	0	188	41	0	23
1786947109.665480455	33	0	188	41	0	23
1786947109.789582770	33	0	188	41	0	23
1786947109.908894935	33	0	188	41	0	23
1786947110.039306766	33	0	188	41	0	23
1786947110.167094821	33	0	188	41	0	23
1786947110.287922767	33	0	188	41	0	23
1786947110.407711089	33	0	188	41	0	23
1786947110.526326494	33	0	188	41	0	23
1786947110.645752113	33	0	188	41	0	23
1786947110.765532848	33	0	188	41	0	23
1786947110.885191205	33	0	188	41	0	23
1786947111.004086068	33	0	188	41	0	23
1786947111.127432011	33	0	188	41	0	23
1786947111.246463012	33	0	188	41	0	23
1786947111.365435299	33	0	188	41	0	23
1786947111.484641127	33	0	188	41	0	23
1786947111.603994654	33	0	188	41	0	23
1786947111.723977542	33	0	188	41	0	23
1786947111.843473594	33	0	188	41	0	23
1786947111.962500485	33	0	188	41	0	23
1786947112.081896904	33	0	188	41	0	23
1786947112.204251351	33	0	188	41	0	23
1786947112.322933792	33	0	188	41	0	23
1786947112.442130534	33	0	188	41	0	23
1786947112.561634278	33	0	188	41	0	23
1786947112.681414130	33	0	188	41	0	23
1786947112.809186896	33	0	188	41	0	23
1786947112.928082709	33	0	188	41	0	23
1786947113.047604491	33	0	188	41	0	23
1786947113.167109883	33	0	188	41	0	23
1786947113.286341066	33	0	188	41	0	23
1786947113.404902914	33	0	188	41	0	23
1786947113.523867800	33	0	188	41	0	23
1786947113.651633171	33	0	188	41	0	23
1786947113.774406746	33	0	188	41	0	23
1786947113.899403232	33	0	188	41	0	23
1786947114.019018336	33	0	188	41	0	23
1786947114.138210555	33	0	188	41	0	23
1786947114.260610208	33	0	188	41	0	23
1786947114.379346455	33	0	188	41	0	23
1786947114.498766001	33	0	188	41	0	23
1786947114.631410563	33	0	188	41	0	23
1786947114.750753868	33	0	188	41	0	23
1786947114.870332226	33	0	188	41	0	23
1786947114.989663972	33	0	188	41	0	23
1786947115.109172453	33	0	188	41	0	23
1786947115.228194197	33	0	188	41	0	23
1786947115.346808212	33	0	188	41	0	23
1786947115.469132511	33	0	188	41	0	23
1786947115.588469546	33	0	188	41	0	23
1786947115.708221790	33	0	188	41	0	23
1786947115.832328143	33	0	188	41	0	23
1786947115.951810504	33	0	188	41	0	23
1786947116.070746955	33	0	188	41	0	23
1786947116.190053871	33	0	188	41	0	23
1786947116.313581717	33	0	188	41	0	23
1786947116.432319941	33	0	188	41	0	23
1786947116.551602541	33	0	188	41	0	23
1786947116.671233535	33	0	188	41	0	23
1786947116.791240006	33	0	188	41	0	23
1786947116.910927348	33	0	188	41	0	23
1786947117.032897383	33	0	188	41	0	23
1786947117.152217894	33	0	188	41	0	23
1786947117.274978628	33	0	188	41	0	23
1786947117.393442613	33	2304	188	41	0	23
1786947117.512481150	33	0	188	41	0	23
1786947117.646071542	33	0	188	41	0	23
1786947117.769013941	33	0	188	41	0	23
1786947117.887749859	33	0	188	41	0	23
1786947118.006908228	33	0	188	41	0	23
1786947118.126211811	33	0	188	41	0	23
1786947118.246870807	33	0	188	41	0	23
1786947118.365887627	33	0	188	41	0	23
1786947118.484347893	33	0	188	41	0	23
1786947118.603799687	33	0	188	41	0	23
1786947118.723614157	33	0	188	41	0	23
1786947118.851064126	33	0	188	41	0	23
1786947118.969801520	33	0	188	41	0	23
1786947119.096551224	33	0	188	41	0	23
1786947119.215146567	33	0	188	41	0	23
1786947119.334350477	33	0	188	41	0	23
1786947119.453664687	33	0	188	41	0	23
1786947119.575186075	33	0	188	41	0	23
1786947119.694682442	33	0	188	41	0	23
1786947119.814617307	33	0	188	41	0	23
1786947119.945807089	33	0	188	41	0	23
1786947120.065320652	33	0	188	41	0	23
1786947120.184626384	33	0	188	41	0	23
1786947120.303799154	33	0	188	41	0	23
1786947120.422960462	33	0	188	41	0	23
1786947120.541413954	33	2304	188	41	0	23
1786947120.668845189	33	0	188	41	0	23
1786947120.791292555	33	0	188	41	0	23
1786947120.910506892	33	0	188	41	0	23
1786947121.029268676	33	0	188	41	0	23
1786947121.147448310	33	0	188	41	0	23
1786947121.266723394	33	0	188	41	0	23
1786947121.385984107	33	0	188	41	0	23
1786947121.505238630	33	0	188	41	0	23
1786947121.624994458	33	0	188	41	0	23
1786947121.755693836	33	0	188	41	0	23
1786947121.875341034	33	0	188	41	0	23
1786947121.994774121	33	0	188	41	0	23
1786947122.113682556	33	0	188	41	0	23
1786947122.237367969	33	0	188	41	0	23
1786947122.356561255	33	0	188	41	0	23
1786947122.475856806	33	0	188	41	0	23
1786947122.599023583	33	0	188	41	0	23
1786947122.718597609	33	0	188	41	0	23
1786947122.842218504	33	0	188	41	0	23
1786947122.962340691	33	0	188	41	0	23
1786947123.086023643	33	0	188	41	0	23
1786947123.204264437	33	0	188	41	0	23
1786947123.323521619	33	0	188	41	0	23
1786947123.446811819	33	0	188	41	0	23
1786947123.565727622	33	0	188	41	0	23
1786947123.684632396	33	0	188	41	0	23
1786947123.808151855	33	0	188	41	0	23
1786947123.927802666	33	0	188	41	0	23
1786947124.046488831	33	0	188	41	0	23
1786947124.165254731	33	0	188	41	0	23
1786947124.284488572	33	0	188	41	0	23
1786947124.403451862	33	0	188	41	0	23
1786947124.522638794	33	0	188	41	0	23
1786947124.645645031	33	0	188	41	0	23
1786947124.765595607	33	0	188	41	0	23
1786947124.884608645	33	0	188	41	0	23
1786947125.004146186	33	0	188	41	0	23
1786947125.123862806	33	0	188	41	0	23
1786947125.242911848	33	0	188	41	0	23
1786947125.361642352	33	0	188	41	0	23
1786947125.484239624	33	0	188	41	0	23
1786947125.604403800	33	0	188	41	0	23
1786947125.731930984	33	0	188	41	0	23
1786947125.862111480	33	0	188	41	0	23
1786947125.985485434	33	0	188	41	0	23
1786947126.111880818	33	0	188	41	0	23
1786947126.234848480	33	0	188	41	0	23
1786947126.354043044	33	0	188	41	0	23
1786947126.472801843	33	0	188	41	0	23
1786947126.591641906	33	0	188	41	0	23
1786947126.714871246	33	0	188	41	0	23
1786947126.835033523	33	0	188	41	0	23
1786947126.954468371	33	0	188	41	0	23
1786947127.077100788	33	0	188	41	0	23
1786947127.196541188	33	0	188	41	0	23
1786947127.316037141	33	0	188	41	0	23
1786947127.435292577	33	0	188	41	0	23
1786947127.554091684	33	0	188	41	0	23
1786947127.673379820	33	0	188	41	0	23
1786947127.793328572	33	0	188	41	0	23
1786947127.916620321	33	0	188	41	0	23
1786947128.036123699	33	0	188	41	0	23
1786947128.154412444	33	0	188	41	0	23
1786947128.273644413	33	0	188	41	0	23
1786947128.392938549	33	0	188	41	0	23
1786947128.512524868	33	0	188	41	0	23
1786947128.640822764	33	0	188	41	0	23
1786947128.760684998	33	0	188	41	0	23
1786947128.880060397	33	0	188	41	0	23
1786947128.998967978	33	0	188	41	0	23
1786947129.118501309	33	0	188	41	0	23
1786947129.242121109	33	0	188	41	0	23
1786947129.364493401	33	0	188	41	0	23
1786947129.483930535	33	0	188	41	2304	23
1786947129.604247115	33	0	188	41	0	23
1786947129.727818869	33	0	188	41	0	23
1786947129.851382484	33	0	188	41	0	23
1786947129.970942474	33	0	188	41	0	23
1786947130.089612613	33	0	188	41	0	23
1786947130.208753922	33	0	188	41	0	23
1786947130.331115755	33	0	188	41	0	23
1786947130.453981958	33	0	188	41	0	23
1786947130.573598151	33	0	188	41	0	23
1786947130.696216278	33	0	188	41	0	23
1786947130.816024410	33	0	188	41	0	23
1786947130.934967386	33	0	188	41	0	23
1786947131.059289401	33	0	188	41	0	23
1786947131.177550095	33	0	188	41	0	23
1786947131.296917825	33	0	188	41	0	23
1786947131.415738292	33	0	188	41	0	23
1786947131.538024982	33	0	188	41	0	23
1786947131.669165722	33	0	188	41	0	23
1786947131.795503178	33	0	188	41	0	23
1786947131.914978713	33	2304	188	41	0	23
1786947132.037378983	33	0	188	41	0	23
1786947132.160290300	33	0	188	41	0	23
1786947132.278987073	33	0	188	41	0	23
1786947132.397556975	33	0	188	41	0	23
1786947132.516553640	33	0	188	41	0	23
1786947132.635987135	33	0	188	41	0	23
1786947132.755717935	33	0	188	41	0	23
1786947132.874192858	33	0	188	41	0	23
1786947132.993361284	33	0	188	41	0	23
1786947133.112439998	33	0	188	41	0	23
1786947133.235373616	33	0	188	41	0	23
1786947133.353945654	33	0	188	41	0	23
1786947133.472874280	33	0	188	41	0	23
1786947133.595570948	33	0	188	41	0	23
1786947133.714578872	33	0	188	41	0	23
1786947133.833932772	33	0	188	41	0	23
1786947133.953121007	33	0	188	41	0	23
1786947134.072378240	33	0	188	41	0	23
1786947134.194559745	33	0	188	41	0	23
1786947134.313882566	33	0	188	41	0	23
1786947134.433216394	33	0	188	41	0	23
1786947134.552139799	33	0	188	41	0	23
1786947134.671072452	33	0	188	41	0	23
1786947134.790184093	33	0	188	41	0	23
1786947134.909324042	33	0	188	41	0	23
1786947135.030880754	33	0	188	41	0	23
1786947135.149739481	33	0	188	41	0	23
1786947135.273557095	33	0	188	41	0	23
1786947135.392875470	33	0	188	41	0	23
1786947135.510803384	33	0	188	41	0	23
1786947135.633703160	33	0	188	41	0	23
1786947135.756936783	33	0	188	41	0	23
1786947135.879399840	33	0	188	41	0	23
1786947136.002017443	33	0	188	41	0	23
1786947136.124821941	33	0	188	41	0	23
1786947136.244057174	33	0	188	41	0	23
1786947136.366563727	33	0	188	41	0	23
1786947136.485599104	33	0	188	41	0	23
1786947136.612563242	33	0	188	41	0	23
1786947136.739541789	33	0	188	41	0	23
1786947136.858615331	33	0	188	41	0	23
1786947136.981658359	33	0	188	41	0	23
1786947137.104352803	33	0	188	41	0	23
1786947137.227159859	33	0	188	41	2304	23
1786947137.357914283	33	0	188	41	0	23
1786947137.477066481	33	0	188	41	0	23
1786947137.600828046	33	0	188	41	0	23
1786947137.720856822	33	0	188	41	0	23
1786947137.840558121	33	0	188	41	0	23
1786947137.959202123	33	0	188	41	0	23
1786947138.077783325	33	0	188	41	0	23
1786947138.204869618	33	0	188	41	0	23
1786947138.323126801	33	0	188	41	0	23
1786947138.446047063	33	0	188	41	0	23
1786947138.568703828	33	0	188	41	0	23
1786947138.688028198	33	0	188	41	0	23
1786947138.815084760	33	0	188	41	0	23
1786947138.934266352	33	0	188	41	0	23
1786947139.053614831	33	0	188	41	0	23
1786947139.172865787	33	0	188	41	0	23
1786947139.291597254	33	0	188	41	0	23
1786947139.409922730	33	0	188	41	0	23
1786947139.528900795	33	0	188	41	0	23
1786947139.648328388	33	0	188	41	0	23
1786947139.768069867	33	0	188	41	0	23
1786947139.887350635	33	0	188	41	0	23
1786947140.005739518	33	0	188	41	0	23
1786947140.124261000	33	0	188	41	0	23
1786947140.243277960	33	0	188	41	0	23
1786947140.369761934	33	0	188	41	0	23
1786947140.493056841	33	0	188	41	0	23
1786947140.616349373	33	0	188	41	0	23
1786947140.735739829	33	0	188	41	0	23
1786947140.855258708	33	0	188	41	0	23
1786947140.981889779	33	0	188	41	0	23
1786947141.100714392	33	0	188	41	0	23
1786947141.219859012	33	0	188	41	0	23
1786947141.341692385	33	0	188	41	0	23
1786947141.460967896	33	0	188	41	0	23
1786947141.580012259	33	0	188	41	0	23
1786947141.703329753	33	0	188	41	0	23
1786947141.823074749	33	0	188	41	0	23
1786947141.946151429	33	0	188	41	0	23
1786947142.072764874	33	0	188	41	0	23
1786947142.192202648	33	0	188	41	0	23
1786947142.315293687	33	0	188	41	0	23
1786947142.437842459	33	0	188	41	0	23
1786947142.557128755	33	0	188	41	0	23
1786947142.676754132	33	0	188	41	0	23
1786947142.796652841	33	0	188	41	0	23
1786947142.921547199	33	0	188	41	0	23
1786947143.041508429	33	0	188	41	0	23
1786947143.160496918	33	0	188	41	0	23
1786947143.278795680	33	0	188	41	0	23
1786947143.397691119	33	0	188	41	0	23
1786947143.516722199	33	0	188	41	0	23
1786947143.643678660	33	0	188	41	0	23
1786947143.767417528	33	0	188	41	0	23
1786947143.898306055	33	0	188	41	0	23
1786947144.020894558	33	0	188	41	0	23
1786947144.143918012	33	0	188	41	0	23
1786947144.267327370	33	0	188	41	0	23
1786947144.386192628	33	0	188	41	0	23
1786947144.504566149	33	0	188	41	0	23
1786947144.628230119	33	0	188	41	0	23
1786947144.748026886	33	0	188	41	0	23
1786947144.867742629	33	0	188	41	0	23
1786947144.986907151	33	0	188	41	0	23
1786947145.110138966	33	0	188	41	0	23
1786947145.229437606	33	0	188	41	0	23
1786947145.351006652	33	0	188	41	0	23
1786947145.478387962	33	0	188	41	0	23
1786947145.596029940	33	0	188	41	0	23
1786947145.715116421	33	0	188	41	0	23
1786947145.834826792	33	0	188	41	0	23
1786947145.954054318	33	0	188	41	0	23
1786947146.071939121	33	0	188	41	0	23
1786947146.190785876	33	0	188	41	0	23
1786947146.309862381	33	0	188	41	0	23
1786947146.428891549	33	0	188	41	0	23
1786947146.546961625	33	0	188	41	0	23
1786947146.670353430	33	0	188	41	0	23
1786947146.793662960	33	0	188	41	0	23
1786947146.916341858	33	0	188	41	0	23
1786947147.035610368	33	0	188	41	0	23
1786947147.154422064	33	0	188	41	0	23
1786947147.272717265	33	0	188	41	0	23
1786947147.391913486	33	0	188	41	0	23
1786947147.511008164	33	0	188	41	0	23
1786947147.630341994	33	0	188	41	0	23
1786947147.752967030	33	0	188	41	0	23
1786947147.872688087	33	0	188	41	0	23
1786947147.992045125	33	0	188	41	0	23
1786947148.111427684	33	0	188	41	0	23
1786947148.230383341	33	0	188	41	0	23
1786947148.348623362	33	0	188	41	0	23
1786947148.467781267	33	0	188	41	0	23
1786947148.587084349	33	0	188	41	0	23
1786947148.706025010	33	0	188	41	0	23
1786947148.825341215	33	0	188	41	0	23
1786947148.947971390	33	0	188	41	0	23
1786947149.075615345	33	0	188	41	0	23
1786947149.194328201	33	0	188	41	0	23
1786947149.313343589	33	0	188	41	0	23
1786947149.436553603	33	0	188	41	0	23
1786947149.562092446	33	0	188	41	0	23
1786947149.693552780	33	0	188	41	0	23
1786947149.814490084	33	0	188	41	0	23
1786947149.938057459	33	0	188	41	0	23
1786947150.069433101	33	0	188	41	0	23
1786947150.193213226	33	0	188	41	0	23
1786947150.312177251	33	0	188	41	0	23
1786947150.430566242	33	0	188	41	0	23
1786947150.552960140	33	0	188	41	0	23
1786947150.675985258	33	0	188	41	0	23
1786947150.799571532	33	0	188	41	0	23
1786947150.918843906	33	0	188	41	0	23
1786947151.037866987	33	0	188	41	0	23
1786947151.164661429	33	0	188	41	0	23
1786947151.288428062	33	0	188	41	0	23
1786947151.415491687	33	0	188	41	0	23
1786947151.540384714	33	0	188	41	0	23
1786947151.659884204	33	0	188	41	0	23
1786947151.783356053	33	0	188	41	0	23
1786947151.902577405	33	0	188	41	0	23
1786947152.021662083	33	0	188	41	0	23
1786947152.140535656	33	0	188	41	0	23
1786947152.259680334	33	0	188	41	0	23
1786947152.377561249	33	0	188	41	0	23
1786947152.496407420	33	0	188	41	0	23
1786947152.615404956	33	0	188	41	0	23
1786947152.734793786	33	0	188	41	0	23
1786947152.854325568	33	0	188	41	0	23
1786947152.976713553	33	0	188	41	0	23
1786947153.096224161	33	0	188	41	0	23
1786947153.215371765	33	0	188	41	0	23
1786947153.333441600	33	0	188	41	0	23
1786947153.452346786	33	0	188	41	0	23
1786947153.571718070	33	0	188	41	0	23
1786947153.691457191	33	0	188	41	0	23
1786947153.811583785	33	0	188	41	0	23
1786947153.930731420	33	0	188	41	0	23
1786947154.049342600	33	0	188	41	0	23
1786947154.168178342	33	0	188	41	0	23
1786947154.287386303	33	0	188	41	0	23
1786947154.406718946	33	0	188	41	0	23
1786947154.529541277	33	0	188	41	0	23
1786947154.652936257	33	0	188	41	0	23
1786947154.772806552	33	0	188	41	0	23
1786947154.892118411	33	0	188	41	0	23
1786947155.010424527	33	0	188	41	0	23
1786947155.129662428	33	0	188	41	0	23
1786947155.248385055	33	0	188	41	0	23
1786947155.367524139	33	0	188	41	0	23
1786947155.485710526	33	2304	188	41	0	23
1786947155.604870320	33	0	188	41	0	23
1786947155.723993853	33	0	188	41	0	23
1786947155.843661003	33	0	188	41	0	23
1786947155.962861465	33	0	188	41	0	23
1786947156.089242663	33	0	188	41	0	23
1786947156.212969124	33	0	188	41	0	23
1786947156.334910459	33	0	188	41	0	23
1786947156.458503756	33	0	188	41	0	23
1786947156.581126243	33	0	188	41	0	23
1786947156.704951200	33	0	188	41	0	23
1786947156.824709214	33	0	188	41	0	23
1786947156.959986573	33	0	188	41	0	23
1786947157.082349961	33	0	188	41	0	23
1786947157.201355939	33	0	188	41	0	23
1786947157.320541940	33	0	188	41	0	23
1786947157.443560513	33	0	188	41	0	23
1786947157.566200240	33	0	188	41	0	23
1786947157.685818061	33	0	188	41	0	23
1786947157.815934323	33	0	188	41	0	23
1786947157.940003253	33	0	188	41	0	23
1786947158.058834390	33	0	188	41	0	23
1786947158.177790145	33	0	188	41	0	23
1786947158.296896478	33	0	188	41	0	23
1786947158.416523924	33	0	188	41	0	23
1786947158.535884675	33	0	188	41	0	23
1786947158.659760775	33	0	188	41	0	23
1786947158.778991020	33	0	188	41	0	23
1786947158.898067283	33	0	188	41	0	23
1786947159.017123970	33	0	188	41	0	23
1786947159.135995410	33	0	188	41	0	23
1786947159.254462358	33	0	188	41	0	23
1786947159.373588008	33	0	188	41	0	23
1786947159.496474513	33	0	188	41	0	23
1786947159.615550293	33	0	188	41	0	23
1786947159.734701206	33	0	188	41	0	23
1786947159.857515446	33	0	188	41	0	23
1786947159.981778385	33	0	188	41	0	23
1786947160.109004884	33	0	188	41	0	23
1786947160.228546620	33	0	188	41	0	23
1786947160.347663122	33	0	188	41	0	23
1786947160.466896271	33	0	188	41	0	23
1786947160.585402121	33	0	188	41	0	23
1786947160.704772616	33	0	188	41	0	23
1786947160.824848669	33	0	188	41	0	23
1786947160.948762822	33	0	188	41	0	23
1786947161.067992500	33	0	188	41	0	23
1786947161.186323409	33	0	188	41	0	23
1786947161.309648505	33	0	188	41	0	23
1786947161.428743943	33	0	188	41	0	23
1786947161.546664787	33	0	188	41	0	23
1786947161.666087885	33	0	188	41	0	23
1786947161.785857452	33	0	188	41	0	23
1786947161.905133315	33	0	188	41	0	23
1786947162.027303471	33	0	188	41	0	23
1786947162.146379661	33	0	188	41	0	23
1786947162.265997857	33	0	188	41	0	23
1786947162.384990433	33	0	188	41	0	23
1786947162.503937581	33	0	188	41	0	23
1786947162.622863463	33	0	188	41	0	23
1786947162.742473584	33	0	188	41	0	23
1786947162.862273488	33	0	188	41	0	23
1786947162.981616040	33	0	188	41	0	23
1786947163.107074179	33	0	188	41	0	23
1786947163.233279295	33	0	188	41	0	23
1786947163.353014090	33	0	188	41	0	23
1786947163.472135521	33	0	188	41	0	23
1786947163.591856935	33	0	188	41	0	23
1786947163.711398703	33	0	188	41	0	23
1786947163.831154475	33	0	188	41	0	23
1786947163.953279261	33	0	188	41	0	23
1786947164.079108357	33	0	188	41	0	23
1786947164.201155109	33	0	188	41	0	23
1786947164.324190910	33	0	188	41	0	23
1786947164.443609637	33	0	188	41	0	23
1786947164.562113938	33	0	188	41	0	23
1786947164.681563187	33	0	188	41	0	23
1786947164.801246621	33	0	188	41	0	23
1786947164.920194009	33	0	188	41	0	23
1786947165.039230589	33	0	188	41	0	23
1786947165.158309189	33	0	188	41	0	23
1786947165.277649910	33	0	188	41	0	23
1786947165.399381958	33	0	188	41	0	23
1786947165.521809971	33	0	188	41	0	23
1786947165.640574062	33	0	188	41	0	23
1786947165.760349216	33	0	188	41	2304	23
1786947165.880054860	33	0	188	41	0	23
1786947165.999371068	33	0	188	41	0	23
1786947166.118411636	33	0	188	41	0	23
1786947166.236679684	33	0	188	41	0	23
1786947166.363133200	33	0	188	41	0	23
1786947166.481769644	33	0	188	41	0	23
1786947166.600917527	33	0	188	41	0	23
1786947166.720222778	33	0	188	41	0	23
1786947166.840047324	33	0	188	41	0	23
1786947166.966637283	33	0	188	41	0	23
1786947167.092044606	33	0	188	41	0	23
1786947167.210831024	33	0	188	41	0	23
1786947167.329845398	33	0	188	41	0	23
1786947167.452503174	33	0	188	41	0	23
1786947167.571399196	33	0	188	41	0	23
1786947167.690617249	33	0	188	41	0	23
1786947167.817154114	33	0	188	41	0	23
1786947167.936383558	33	0	188	41	0	23
1786947168.059586513	33	0	188	41	0	23
1786947168.189816991	33	0	188	41	0	23
1786947168.308626436	33	0	188	41	0	23
1786947168.427523335	33	0	188	41	0	23
1786947168.546843748	33	0	188	41	0	23
1786947168.666156585	33	0	188	41	0	23
1786947168.785399802	33	0	188	41	0	23
1786947168.904300064	33	0	188	41	0	23
1786947169.023633730	33	0	188	41	0	23
1786947169.142746601	33	0	188	41	0	23
1786947169.270860350	33	0	188	41	0	23
1786947169.397267202	33	0	188	41	0	23
1786947169.523200948	33	0	188	41	0	23
1786947169.642710727	33	0	188	41	0	23
1786947169.762374367	33	0	188	41	0	23
1786947169.889192793	33	0	188	41	0	23
1786947170.008845084	33	0	188	41	0	23
1786947170.131473446	33	0	188	41	0	23
1786947170.252200683	33	0	188	41	0	23
1786947170.370343117	33	0	188	41	0	23
1786947170.493191541	33	0	188	41	0	23
1786947170.612494178	33	0	188	41	0	23
1786947170.731886503	33	0	188	41	0	23
1786947170.851346648	33	0	188	41	0	23
1786947170.970744380	33	0	188	41	0	23
1786947171.089984525	33	0	188	41	0	23
1786947171.213505133	33	0	188	41	0	23
1786947171.332049951	33	0	188	41	0	23
1786947171.450657999	33	0	188	41	0	23
1786947171.569766043	33	0	188	41	0	23
1786947171.689204991	33	0	188	41	0	23
1786947171.811921726	33	0	188	41	0	23
1786947171.934740364	33	0	188	41	0	23
1786947172.057135185	33	0	188	41	0	23
1786947172.180793218	33	0	188	41	0	23
1786947172.299974548	33	0	188	41	0	23
1786947172.418861550	33	0	188	41	0	23
1786947172.537270484	33	0	188	41	0	23
1786947172.656545651	33	0	188	41	0	23
1786947172.779656299	33	0	188	41	0	23
1786947172.902291244	33	0	188	41	2304	23
1786947173.021322597	33	0	188	41	0	23
1786947173.144262197	33	0	188	41	0	23
1786947173.262964546	33	0	188	41	0	23
1786947173.384641583	33	0	188	41	0	23
1786947173.503026104	33	0	188	41	0	23
1786947173.622058490	33	0	188	41	0	23
1786947173.741635501	33	0	188	41	0	23
1786947173.868440331	33	0	188	41	0	23
1786947173.987645869	33	0	188	41	0	23
1786947174.106879838	33	0	188	41	0	23
1786947174.229080988	33	0	188	41	0	23
1786947174.351817226	33	0	188	41	0	23
1786947174.474545291	33	0	188	41	0	23
1786947174.593685818	33	0	188	41	0	23
1786947174.713278969	33	0	188	41	0	23
1786947174.836822307	33	0	188	41	0	23
1786947174.959549472	33	0	188	41	0	23
1786947175.083766755	33	0	188	41	0	23
1786947175.207280657	33	0	188	41	0	23
1786947175.326378478	33	0	188	41	0	23
1786947175.445596212	33	0	188	41	0	23
1786947175.564310594	33	0	188	41	0	23
1786947175.683780939	33	0	188	41	0	23
1786947175.810893035	33	0	188	41	0	23
1786947175.929852747	33	0	188	41	0	23
1786947176.049164767	33	0	188	41	0	23
1786947176.168642614	33	0	188	41	0	23
1786947176.295657459	33	0	188	41	0	23
1786947176.414850693	33	0	188	41	0	23
1786947176.542372219	33	0	188	41	0	23
1786947176.661423367	33	0	188	41	0	23
1786947176.780901959	33	0	188	41	0	23
1786947176.900848811	33	0	188	41	0	23
1786947177.020546617	33	0	188	41	0	23
1786947177.144390852	33	0	188	41	0	23
1786947177.264068643	33	0	188	41	0	23
1786947177.383095400	33	0	188	41	0	23
1786947177.501690330	33	0	188	41	0	23
1786947177.620776283	33	0	188	41	0	23
1786947177.744159364	33	0	188	41	0	23
1786947177.863707910	33	0	188	41	0	23
1786947177.994381759	33	0	188	41	0	23
1786947178.129031674	33	0	188	41	0	23
1786947178.250270578	33	0	188	41	0	23
1786947178.377276005	33	0	188	41	0	23
1786947178.501404395	33	0	188	41	0	23
1786947178.623958216	33	0	188	41	0	23
1786947178.743188563	33	0	188	41	0	23
1786947178.866467323	33	0	188	41	0	23
1786947178.993691236	33	0	188	41	0	23
1786947179.116465822	33	0	188	41	0	23
1786947179.235639648	33	0	188	41	0	23
1786947179.354977620	33	0	188	41	0	23
1786947179.473814039	33	0	188	41	0	23
1786947179.592901332	33	0	188	41	0	23
1786947179.720335605	33	0	188	41	0	23
1786947179.840078669	33	0	188	41	0	23
1786947179.969882573	33	0	188	41	0	23
1786947180.089015302	33	0	188	41	0	23
1786947180.212593456	33	0	188	41	0	23
1786947180.331853577	33	0	188	41	0	23
1786947180.450247935	33	0	188	41	0	23
1786947180.569221982	33	0	188	41	0	23
1786947180.688485962	33	0	188	41	0	23
1786947180.808158915	33	0	188	41	0	23
1786947180.934822799	33	0	188	41	0	23
1786947181.058901559	33	0	188	41	0	23
1786947181.189563558	33	0	188	41	0	23
1786947181.308622336	33	0	188	41	0	23
1786947181.430184410	33	0	188	41	0	23
1786947181.548831527	33	0	188	41	0	23
1786947181.695341643	33	0	188	41	0	23
1786947181.818679732	33	0	188	41	0	23
1786947181.937653741	33	0	188	41	0	23
1786947182.060677611	33	0	188	41	0	23
1786947182.179945433	33	0	188	41	0	23
1786947182.299292078	33	0	188	41	0	23
1786947182.417575790	33	0	188	41	0	23
1786947182.536617727	33	0	188	41	0	23
1786947182.655960686	33	0	188	41	0	23
1786947182.795832777	33	0	188	41	0	23
1786947182.919650142	33	0	188	41	0	23
1786947183.042070339	33	0	188	41	0	23
1786947183.165413133	33	0	188	41	0	23
1786947183.284288925	33	0	188	41	0	23
1786947183.406668358	33	0	188	41	0	23
1786947183.525947645	33	0	188	41	0	23
1786947183.647811554	33	0	188	41	0	23
1786947183.767573124	33	0	188	41	0	23
1786947183.891361541	33	0	188	41	0	23
1786947184.010310278	33	0	188	41	0	23
1786947184.132724455	33	0	188	41	0	23
1786947184.258934657	33	0	188	41	0	23
1786947184.377751503	33	0	188	41	0	23
1786947184.497258424	33	0	188	41	0	23
1786947184.618838709	33	0	188	41	0	23
1786947184.738144333	33	0	188	41	0	23
1786947184.857669091	33	0	188	41	0	23
1786947184.980372617	33	0	188	41	0	23
1786947185.099384876	33	0	188	41	0	23
1786947185.218839103	33	0	188	41	0	23
1786947185.337969413	33	0	188	41	0	23
1786947185.457310978	33	0	188	41	0	23
1786947185.584047571	33	0	188	41	0	23
1786947185.714040873	33	0	188	41	0	23
1786947185.833656560	33	0	188	41	0	23
1786947185.953206522	33	0	188	41	0	23
1786947186.075148177	33	0	188	41	0	23
1786947186.197993810	33	0	188	41	0	23
1786947186.316382707	33	0	188	41	0	23
1786947186.435393243	33	0	188	41	0	23
1786947186.554908395	33	0	188	41	0	23
1786947186.674114699	33	0	188	41	0	23
1786947186.800365883	33	0	188	41	0	23
1786947186.920416545	33	0	188	41	0	23
1786947187.051466236	33	0	188	41	0	23
1786947187.170683471	33	0	188	41	0	23
1786947187.294099344	33	0	188	41	0	23
1786947187.416900918	33	0	188	41	0	23
1786947187.536022554	33	0	188	41	0	23
1786947187.659766728	33	0	188	41	0	23
1786947187.782851745	33	0	188	41	0	23
1786947187.902032858	33	0	188	41	0	23
1786947188.021440060	33	0	188	41	0	23
1786947188.140567130	33	2304	188	41	0	23
1786947188.263542969	33	0	188	41	0	23
1786947188.382353630	33	0	188	41	0	23
1786947188.501715689	33	0	188	41	0	23
1786947188.620926758	33	0	188	41	0	23
1786947188.740508149	33	2304	188	41	0	23
1786947188.863396291	33	0	188	41	0	23
1786947188.982515358	33	0	188	41	0	23
1786947189.101980969	33	0	188	41	0	23
1786947189.221519304	33	0	188	41	0	23
1786947189.341190893	33	0	188	41	0	23
1786947189.459942244	33	0	188	41	0	23
1786947189.578557858	33	0	188	41	0	23
1786947189.698011787	33	0	188	41	0	23
1786947189.817602253	33	0	188	41	0	23
1786947189.937169653	33	0	188	41	0	23
1786947190.055963039	33	0	188	41	0	23
1786947190.185687930	33	0	188	41	2304	23
1786947190.304478415	33	0	188	41	0	23
1786947190.423611199	33	0	188	41	0	23
1786947190.542955915	33	0	188	41	0	23
1786947190.670339817	33	0	188	41	0	23
1786947190.789398362	33	0	188	41	0	23
1786947190.909241833	33	0	188	41	0	23
1786947191.029163074	33	0	188	41	0	23
1786947191.148466352	33	0	188	41	0	23
1786947191.268690562	33	0	188	41	0	23
1786947191.388017618	33	0	188	41	0	23
1786947191.510733857	33	0	188	41	0	23
1786947191.629885801	33	0	188	41	0	23
1786947191.755399966	33	0	188	41	0	23
1786947191.881181334	33	0	188	41	0	23
1786947192.000038148	33	0	188	41	0	23
1786947192.118992793	33	0	188	41	0	23
1786947192.237251758	33	0	188	41	0	23
1786947192.356299581	33	0	188	41	0	23
1786947192.475290877	33	0	188	41	0	23
1786947192.594447643	33	0	188	41	0	23
1786947192.713740993	33	0	188	41	0	23
1786947192.833454403	33	0	188	41	0	23
1786947192.952835458	33	0	188	41	0	23
1786947193.076235228	33	0	188	41	2304	23
1786947193.199997392	33	0	188	41	0	23
1786947193.319194071	33	0	188	41	0	23
1786947193.442218503	33	0	188	41	0	23
1786947193.561544674	33	0	188	41	0	23
1786947193.686715611	33	0	188	41	0	23
1786947193.810663306	33	0	188	41	0	23
1786947193.928999053	33	0	188	41	0	23
1786947194.048166945	33	0	188	41	0	23
1786947194.167304781	33	0	188	41	0	23
1786947194.286537435	33	0	188	41	0	23
1786947194.405762938	33	0	188	41	0	23
1786947194.523977045	33	0	188	41	0	23
1786947194.642902652	33	0	188	41	0	23
1786947194.766303419	33	0	188	41	0	23
1786947194.892974927	33	0	188	41	0	23
1786947195.016267602	33	0	188	41	0	23
1786947195.139199481	33	0	188	41	0	23
1786947195.262261305	33	0	188	41	0	23
1786947195.381444901	33	0	188	41	0	23
1786947195.499698608	33	0	188	41	0	23
1786947195.618975097	33	0	188	41	0	23
1786947195.741780606	33	0	188	41	0	23
1786947195.861419278	33	0	188	41	0	23
1786947195.980719958	33	0	188	41	0	23
1786947196.100075535	33	0	188	41	0	23
1786947196.219181089	33	0	188	41	0	23
1786947196.338778887	33	0	188	41	0	23
1786947196.458001666	33	0	188	41	0	23
1786947196.576735159	33	0	188	41	0	23
1786947196.699620805	33	0	188	41	0	23
1786947196.819522999	33	0	188	41	0	23
1786947196.943355481	33	0	188	41	0	23
1786947197.065860268	33	0	188	41	0	23
1786947197.188464011	33	0	188	41	0	23
1786947197.306661925	33	0	188	41	0	23
1786947197.425735410	33	0	188	41	0	23
1786947197.544706489	33	0	188	41	0	23
1786947197.670663051	33	0	188	41	0	23
1786947197.794316202	33	0	188	41	0	23
1786947197.920833856	33	0	188	41	0	23
1786947198.051535471	33	0	188	41	0	23
1786947198.170634765	33	0	188	41	0	23
1786947198.293834036	33	0	188	41	0	23
1786947198.416684900	33	0	188	41	0	23
1786947198.539409505	33	0	188	41	0	23
1786947198.662913552	33	0	188	41	2304	23
1786947198.796356106	33	0	188	41	0	23
1786947198.916100046	33	0	188	41	0	23
1786947199.042272324	33	0	188	41	0	23
1786947199.165143422	33	0	188	41	0	23
1786947199.287520171	33	0	188	41	0	23
1786947199.407667090	33	0	188	41	2304	23
1786947199.526684917	33	0	188	41	0	23
1786947199.645806195	33	0	188	41	0	23
1786947199.765005400	33	0	188	41	0	23
1786947199.888414104	33	0	188	41	0	23
1786947200.012434140	33	0	188	41	0	23
1786947200.131757626	33	0	188	41	0	23
1786947200.257383873	33	0	188	41	0	23
1786947200.379238292	33	0	188	41	0	23
1786947200.498359061	33	0	188	41	0	23
1786947200.621350157	33	0	188	41	0	23
1786947200.741323491	33	0	188	41	0	23
1786947200.861081929	33	0	188	41	0	23
1786947200.980144760	33	0	188	41	0	23
1786947201.110237289	33	0	188	41	0	23
1786947201.233861235	33	0	188	41	0	23
1786947201.357358044	33	0	188	41	0	23
1786947201.479607315	33	0	188	41	0	23
1786947201.599097873	33	0	188	41	0	23
1786947201.723519904	33	0	188	41	0	23
1786947201.843162746	33	0	188	41	0	23
1786947201.961893790	33	0	188	41	0	23
1786947202.084687820	33	0	188	41	0	23
1786947202.207769339	33	0	188	41	0	23
1786947202.326923837	33	0	188	41	0	23
1786947202.445455209	33	0	188	41	0	23
1786947202.569081515	33	0	188	41	0	23
1786947202.688378032	33	0	188	41	0	23
1786947202.815103030	33	0	188	41	0	23
1786947202.935017499	33	0	188	41	0	23
1786947203.054709040	33	0	188	41	0	23
1786947203.180845537	33	0	188	41	0	23
1786947203.300322616	33	0	188	41	0	23
1786947203.419697307	33	0	188	41	0	23
1786947203.538497840	33	0	188	41	0	23
1786947203.664987081	33	0	188	41	0	23
1786947203.784936237	33	0	188	41	0	23
1786947203.910890084	33	0	188	41	0	23
1786947204.030308169	33	0	188	41	0	23
1786947204.156244087	33	0	188	41	0	23
1786947204.282667113	33	0	188	41	0	23
1786947204.401874544	33	0	188	41	0	23
1786947204.520910591	33	0	188	41	0	23
1786947204.639815986	33	0	188	41	0	23
1786947204.762208136	33	0	188	41	0	23
1786947204.900330576	33	0	188	41	0	23
1786947205.019636849	33	0	188	41	0	23
1786947205.138701654	33	0	188	41	0	23
1786947205.258140972	33	0	188	41	0	23
1786947205.380553223	33	0	188	41	0	23
1786947205.499494043	33	0	188	41	0	23
1786947205.618691804	33	0	188	41	0	23
1786947205.745255236	33	0	188	41	0	23
1786947205.864979200	33	0	188	41	0	23
1786947205.984034341	33	0	188	41	0	23
1786947206.103402849	33	0	188	41	0	23
1786947206.226786387	33	0	188	41	0	23
1786947206.345389867	33	0	188	41	0	23
1786947206.464693159	33	0	188	41	0	23
1786947206.583976809	33	0	188	41	0	23
1786947206.710058021	33	0	188	41	0	23
1786947206.829200529	33	0	188	41	0	23
1786947206.951668021	33	0	188	41	0	23
1786947207.070234839	33	0	188	41	0	23
1786947207.189942420	33	0	188	41	0	23
1786947207.308652006	33	0	188	41	0	23
1786947207.430409660	33	2304	188	41	0	23
1786947207.549098413	33	0	188	41	0	23
1786947207.675326526	33	0	188	41	0	23
1786947207.805931531	33	0	188	41	0	23
1786947207.929355832	33	0	188	41	0	23
1786947208.049218216	33	0	188	41	0	23
1786947208.171612403	33	0	188	41	0	23
1786947208.297895435	33	0	188	41	0	23
1786947208.421178291	33	0	188	41	0	23
1786947208.540653315	33	0	188	41	0	23
1786947208.667436323	33	0	188	41	0	23
1786947208.786762647	33	0	188	41	0	23
1786947208.906550976	33	0	188	41	0	23
1786947209.026185964	33	0	188	41	0	23
1786947209.145590801	33	0	188	41	0	23
1786947209.276043926	33	0	188	41	0	23
1786947209.402146750	33	0	188	41	0	23
1786947209.525513703	33	0	188	41	0	23
1786947209.644789561	33	0	188	41	0	23
1786947209.763446464	33	0	188	41	0	23
1786947209.883883911	33	0	188	41	0	23
1786947210.002764865	33	0	188	41	0	23
1786947210.122188289	33	0	188	41	0	23
1786947210.241308222	33	0	188	41	0	23
1786947210.363492873	33	0	188	41	0	23
1786947210.482426239	33	0	188	41	0	23
1786947210.604276264	33	0	188	41	0	23
1786947210.723725662	33	0	188	41	0	23
1786947210.843542708	33	0	188	41	0	23
1786947210.962936003	33	0	188	41	0	23
1786947211.085308387	33	0	188	41	0	23
1786947211.204571822	33	0	188	41	0	23
1786947211.323577846	33	0	188	41	0	23
1786947211.442893839	33	0	188	41	0	23
1786947211.562301122	33	0	188	41	0	23
1786947211.680550698	33	0	188	41	0	23
1786947211.800118169	33	0	188	41	0	23
1786947211.919778414	33	0	188	41	0	23
1786947212.039166932	33	0	188	41	0	23
1786947212.158533092	33	0	188	41	0	23
1786947212.281428403	33	0	188	41	0	23
1786947212.400384155	33	0	188	41	0	23
1786947212.519780962	33	0	188	41	0	23
1786947212.639096872	33	0	188	41	0	23
1786947212.758633985	33	0	188	41	0	23
1786947212.877963329	33	0	188	41	0	23
1786947213.000862898	33	0	188	41	0	23
1786947213.120276763	33	0	188	41	0	23
1786947213.239673528	33	0	188	41	0	23
1786947213.361863444	33	0	188	41	0	23
1786947213.485579195	33	0	188	41	0	23
1786947213.605080472	33	0	188	41	0	23
1786947213.724808600	33	0	188	41	0	23
1786947213.843959501	33	0	188	41	0	23
1786947213.963123011	33	0	188	41	0	23
1786947214.081780672	33	0	188	41	0	23
1786947214.201063395	33	0	188	41	0	23
1786947214.327943422	33	0	188	41	0	23
1786947214.454614664	33	0	188	41	0	23
1786947214.573454760	33	0	188	41	0	23
1786947214.693349450	33	0	188	41	0	23
1786947214.813047075	33	0	188	41	0	23
1786947214.944485180	33	0	188	41	0	23
1786947215.063461749	33	0	188	41	0	23
1786947215.191242662	33	0	188	41	0	23
1786947215.313539205	33	0	188	41	0	23
1786947215.433449798	33	0	188	41	0	23
1786947215.552571700	33	0	188	41	0	23
1786947215.671924624	33	0	188	41	0	23
1786947215.798421465	33	0	188	41	0	23
1786947215.918037200	33	0	188	41	0	23
1786947216.037528088	33	0	188	41	0	23
1786947216.156930452	33	0	188	41	0	23
1786947216.275117102	33	0	188	41	0	23
1786947216.394081312	33	0	188	41	0	23
1786947216.513121931	33	0	188	41	0	23
1786947216.632363644	33	0	188	41	0	23
1786947216.763071391	33	0	188	41	0	23
1786947216.886266521	33	0	188	41	0	23
1786947217.017799471	33	0	188	41	0	23
1786947217.137271113	33	0	188	41	0	23
1786947217.257330736	33	0	188	41	0	23
1786947217.380176628	33	0	188	41	0	23
1786947217.500712122	33	0	188	41	0	23
1786947217.620414076	33	0	188	41	0	23
1786947217.740084356	33	0	188	41	0	23
1786947217.860293556	33	0	188	41	0	23
1786947217.980000370	33	0	188	41	0	23
1786947218.099245931	33	0	188	41	0	23
1786947218.218168713	33	0	188	41	0	23
1786947218.336873090	33	0	188	41	0	23
1786947218.455915392	33	0	188	41	0	23
1786947218.584636075	33	0	188	41	0	23
1786947218.705062676	33	0	188	41	2304	23
1786947218.837689156	33	0	188	41	0	23
1786947218.956792715	33	0	188	41	0	23
1786947219.080131709	33	0	188	41	0	23
1786947219.199536418	33	0	188	41	0	23
1786947219.323566281	33	0	188	41	0	23
1786947219.442261120	33	0	188	41	0	23
1786947219.561611840	33	0	188	41	0	23
1786947219.681206103	33	0	188	41	2304	23
1786947219.800673369	33	0	188	41	0	23
1786947219.923915456	33	0	188	41	0	23
1786947220.043269887	33	0	188	41	0	23
1786947220.162481466	33	0	188	41	0	23
1786947220.282131599	33	0	188	41	0	23
1786947220.404282961	33	0	188	41	0	23
1786947220.523485338	33	0	188	41	0	23
1786947220.650815263	33	0	188	41	0	23
1786947220.770305219	33	0	188	41	0	23
1786947220.897546698	33	0	188	41	0	23
1786947221.017059528	33	0	188	41	0	23
1786947221.142203101	33	0	188	41	0	23
1786947221.261510441	33	0	188	41	0	23
1786947221.380283043	33	0	188	41	0	23
1786947221.504301265	33	0	188	41	0	23
1786947221.628208095	33	0	188	41	0	23
1786947221.751370747	33	0	188	41	0	23
1786947221.871284470	33	0	188	41	0	23
1786947221.990572750	33	0	188	41	0	23
1786947222.110022947	33	0	188	41	0	23
1786947222.233877681	33	0	188	41	0	23
1786947222.353339805	33	0	188	41	0	23
1786947222.472546305	33	0	188	41	0	23
1786947222.595375056	33	0	188	41	0	23
1786947222.714983327	33	0	188	41	0	23
1786947222.842229694	33	0	188	41	0	23
1786947222.962109888	33	0	188	41	0	23
1786947223.081039786	33	0	188	41	0	23
1786947223.212348740	33	0	188	41	0	23
1786947223.331817854	33	0	188	41	0	23
1786947223.451141270	33	0	188	41	0	23
1786947223.570244809	33	0	188	41	0	23
1786947223.689456140	33	0	188	41	0	23
1786947223.808965251	33	0	188	41	0	23
1786947223.928909564	33	0	188	41	0	23
1786947224.052304453	33	0	188	41	0	23
1786947224.171809133	33	0	188	41	0	23
1786947224.291099484	33	0	188	41	0	23
1786947224.418437970	33	0	188	41	0	23
1786947224.537268644	33	0	188	41	0	23
1786947224.656511535	33	0	188	41	0	23
1786947224.779469134	33	0	188	41	0	23
1786947224.899333645	33	0	188	41	0	23
1786947225.018953981	33	0	188	41	0	23
1786947225.138457790	33	0	188	41	0	23
1786947225.257616745	33	0	188	41	0	23
1786947225.377169561	33	0	188	41	0	23
1786947225.496328336	33	0	188	41	0	23
1786947225.615247447	33	0	188	41	0	23
1786947225.738349802	33	0	188	41	0	23
1786947225.874222376	33	0	188	41	0	23
1786947226.005157617	33	0	188	41	0	23
1786947226.124114801	33	0	188	41	0	23
1786947226.243380866	33	0	188	41	0	23
1786947226.366375609	33	0	188	41	0	23
1786947226.489217961	33	0	188	41	0	23
1786947226.608852585	33	0	188	41	0	23
1786947226.736217587	33	0	188	41	0	23
1786947226.863923108	33	0	188	41	0	23
1786947226.983470571	33	0	188	41	0	23
1786947227.108932498	33	0	188	41	0	23
1786947227.232506550	33	0	188	41	0	23
1786947227.355027484	33	0	188	41	0	23
1786947227.474720502	33	0	188	41	0	23
1786947227.594155964	33	0	188	41	0	23
1786947227.717450794	33	0	188	41	0	23
1786947227.844599671	33	0	188	41	0	23
1786947227.972988787	33	0	188	41	0	23
1786947228.095846613	33	0	188	41	0	23
1786947228.219009559	33	0	188	41	0	23
1786947228.350289922	33	0	188	41	0	23
1786947228.473859330	33	0	188	41	0	23
1786947228.592815918	33	0	188	41	0	23
1786947228.714945374	33	0	188	41	0	23
1786947228.841284132	33	0	188	41	0	23
1786947228.961317751	33	0	188	41	0	23
1786947229.080622840	33	0	188	41	0	23
1786947229.199866830	33	0	188	41	0	23
1786947229.318027518	33	0	188	41	0	23
1786947229.436946753	33	0	188	41	0	23
1786947229.555911370	33	0	188	41	2304	23
1786947229.675161727	33	0	188	41	0	23
1786947229.794913921	33	0	188	41	0	23
1786947229.914550362	33	0	188	41	0	23
1786947230.033837897	33	0	188	41	0	23
1786947230.152975595	33	0	188	41	0	23
1786947230.275968874	33	0	188	41	0	23
1786947230.395039605	33	0	188	41	0	23
1786947230.513888239	33	0	188	41	0	23
1786947230.632941612	33	2304	188	41	0	23
1786947230.752317507	33	0	188	41	0	23
1786947230.879455052	33	0	188	41	0	23
1786947230.998658480	33	0	188	41	0	23
1786947231.117917542	33	0	188	41	2304	23
1786947231.237081089	33	0	188	41	0	23
1786947231.356341993	33	0	188	41	0	23
1786947231.483824688	33	0	188	41	0	23
1786947231.603172275	33	0	188	41	0	23
1786947231.726896860	33	0	188	41	0	23
1786947231.846214937	33	0	188	41	0	23
1786947231.965697748	33	0	188	41	0	23
1786947232.084553600	33	0	188	41	0	23
1786947232.203811309	33	0	188	41	0	23
1786947232.326112360	33	0	188	41	0	23
1786947232.457732801	33	0	188	41	0	23
1786947232.576940654	33	0	188	41	0	23
1786947232.700214127	33	0	188	41	0	23
1786947232.828154941	33	0	188	41	0	23
1786947232.948187656	33	0	188	41	0	23
1786947233.071210854	33	0	188	41	0	23
1786947233.194197517	33	0	188	41	0	23
1786947233.313004446	33	0	188	41	0	23
1786947233.436167020	33	0	188	41	0	23
1786947233.559748963	33	0	188	41	0	23
1786947233.689536896	33	0	188	41	0	23
1786947233.809007172	33	0	188	41	0	23
1786947233.928648324	33	0	188	41	0	23
1786947234.047728787	33	0	188	41	0	23
1786947234.171284722	33	0	188	41	0	23
1786947234.299339153	33	0	188	41	0	23
1786947234.417951741	33	0	188	41	0	23
1786947234.537151755	33	0	188	41	0	23
1786947234.656477499	33	0	188	41	0	23
1786947234.779947926	33	0	188	41	0	23
1786947234.899487126	33	0	188	41	0	23
1786947235.022277509	33	0	188	41	0	23
1786947235.150843174	33	0	188	41	0	23
1786947235.272907608	33	0	188	41	0	23
1786947235.396184285	33	0	188	41	0	23
1786947235.515717639	33	0	188	41	2304	23
1786947235.634001171	33	0	188	41	0	23
1786947235.753337803	33	0	188	41	0	23
1786947235.873168264	33	0	188	41	0	23
1786947235.992564736	33	0	188	41	0	23
1786947236.111891448	33	0	188	41	0	23
1786947236.231276785	33	0	188	41	0	23
1786947236.353505024	33	0	188	41	0	23
1786947236.472865490	33	0	188	41	0	23
1786947236.591994331	33	0	188	41	0	23
1786947236.711260958	33	0	188	41	0	23
1786947236.830831683	33	0	188	41	0	23
1786947236.949732464	33	0	188	41	0	23
1786947237.069186112	33	0	188	41	0	23
1786947237.188316474	33	0	188	41	0	23
1786947237.307779040	33	0	188	41	0	23
1786947237.426798947	33	0	188	41	0	23
1786947237.545560146	33	0	188	41	0	23
1786947237.664310599	33	0	188	41	0	23
1786947237.784020020	33	0	188	41	0	23
1786947237.904908001	33	0	188	41	0	23
1786947238.024732090	33	0	188	41	0	23
1786947238.146945824	33	0	188	41	0	23
1786947238.266167690	33	0	188	41	0	23
1786947238.385425906	33	0	188	41	0	23
1786947238.505166691	33	0	188	41	0	23
1786947238.624693630	33	0	188	41	0	23
1786947238.743891783	33	0	188	41	0	23
1786947238.863525464	33	0	188	41	0	23
1786947238.982373357	33	0	188	41	0	23
1786947239.101561953	33	0	188	41	0	23
1786947239.220946073	33	0	188	41	0	23
1786947239.340251190	33	0	188	41	0	23
1786947239.462626056	33	0	188	41	0	23
1786947239.582088793	33	0	188	41	0	23
1786947239.701445258	33	0	188	41	0	23
1786947239.821272171	33	0	188	41	0	23
1786947239.940967038	33	0	188	41	0	23
1786947240.060252501	33	0	188	41	0	23
1786947240.183230749	33	0	188	41	0	23
1786947240.306401404	33	0	188	41	0	23
1786947240.425930940	33	0	188	41	0	23
1786947240.544869759	33	0	188	41	0	23
1786947240.663467314	33	0	188	41	0	23
1786947240.790426345	33	0	188	41	0	23
1786947240.920466645	33	0	188	41	0	23
1786947241.039986192	33	0	188	41	0	23
1786947241.169858677	33	0	188	41	0	23
1786947241.293057376	33	0	188	41	0	23
1786947241.412517298	33	0	188	41	0	23
1786947241.531766631	33	0	188	41	0	23
1786947241.650796996	33	0	188	41	0	23
1786947241.773533638	33	0	188	41	0	23
1786947241.913953609	33	0	188	41	0	23
1786947242.033605067	33	0	188	41	0	23
1786947242.156128085	33	0	188	41	0	23
1786947242.278826418	33	0	188	41	0	23
1786947242.397783325	33	0	188	41	0	23
1786947242.517384074	33	0	188	41	0	23
1786947242.635610952	33	0	188	41	0	23
1786947242.755071905	33	0	188	41	0	23
1786947242.881891656	33	0	188	41	0	23
1786947243.009070445	33	0	188	41	0	23
1786947243.132068037	33	0	188	41	0	23
1786947243.258908662	33	0	188	41	0	23
1786947243.385280082	33	0	188	41	0	23
1786947243.505003044	33	0	188	41	0	23
1786947243.624369922	33	0	188	41	0	23
1786947243.744203319	33	0	188	41	0	23
1786947243.863458980	33	0	188	41	0	23
1786947243.982573553	33	0	188	41	0	23
1786947244.101629711	33	0	188	41	0	23
1786947244.230862283	33	0	188	41	0	23
1786947244.355355136	33	0	188	41	0	23
1786947244.474983931	33	0	188	41	0	23
1786947244.594300581	33	0	188	41	0	23
1786947244.712932899	33	0	188	41	0	23
1786947244.836148944	33	0	188	41	0	23
1786947244.962884006	33	0	188	41	0	23
1786947245.086282273	33	0	188	41	0	23
1786947245.222814576	33	0	188	41	0	23
1786947245.342147362	33	0	188	41	0	23
1786947245.461533220	33	0	188	41	0	23
1786947245.588020025	33	0	188	41	0	23
1786947245.711702027	33	0	188	41	0	23
1786947245.842308585	33	0	188	41	0	23
1786947245.961929982	33	0	188	41	0	23
1786947246.081547225	33	0	188	41	0	23
1786947246.200844807	33	0	188	41	0	23
1786947246.320033751	33	0	188	41	0	23
1786947246.443337531	33	0	188	41	0	23
1786947246.562948240	33	0	188	41	0	23
1786947246.686138255	33	0	188	41	0	23
1786947246.804613821	33	0	188	41	0	23
1786947246.928150785	33	0	188	41	0	23
1786947247.055066400	33	0	188	41	0	23
1786947247.178208875	33	0	188	41	0	23
1786947247.297796223	33	0	188	41	0	23
1786947247.420108859	33	0	188	41	0	23
1786947247.539698309	33	0	188	41	0	23
1786947247.659003238	33	0	188	41	0	23
1786947247.778606130	33	0	188	41	0	23
1786947247.898367838	33	0	188	41	0	23
1786947248.017315058	33	0	188	41	0	23
1786947248.136270829	33	0	188	41	0	23
1786947248.263545653	33	0	188	41	0	23
1786947248.389965558	33	0	188	41	0	23
1786947248.509413296	33	0	188	41	0	23
1786947248.629147468	33	0	188	41	0	23
1786947248.748424162	33	0	188	41	0	23
1786947248.879282121	33	0	188	41	0	23
1786947249.002029082	33	0	188	41	0	23
1786947249.121593026	33	0	188	41	0	23
1786947249.241203187	33	0	188	41	0	23
1786947249.360574262	33	0	188	41	0	23
1786947249.484018270	33	0	188	41	0	23
1786947249.602630944	33	0	188	41	0	23
1786947249.723037717	33	0	188	41	0	23
1786947249.846333089	33	0	188	41	0	23
1786947249.966400824	33	0	188	41	0	23
1786947250.086364498	33	0	188	41	0	23
1786947250.213513231	33	0	188	41	0	23
1786947250.332630444	33	0	188	41	0	23
1786947250.460333363	33	0	188	41	0	23
1786947250.579873101	33	0	188	41	0	23
1786947250.698399480	33	0	188	41	0	23
1786947250.818121020	33	0	188	41	0	23
1786947250.937838982	33	0	188	41	0	23
1786947251.057373409	33	0	188	41	0	23
1786947251.177306249	33	0	188	41	0	23
1786947251.297438938	33	0	188	41	0	23
1786947251.416691850	33	0	188	41	0	23
1786947251.539510056	33	0	188	41	0	23
1786947251.663161152	33	0	188	41	0	23
1786947251.782898295	33	0	188	41	0	23
1786947251.906432284	33	0	188	41	0	23
1786947252.025315807	33	0	188	41	0	23
1786947252.144688325	33	0	188	41	0	23
1786947252.263968486	33	0	188	41	0	23
1786947252.383473648	33	0	188	41	0	23
1786947252.502817365	33	0	188	41	0	23
1786947252.622266542	33	0	188	41	0	23
1786947252.741744744	33	0	188	41	0	23
1786947252.861773437	33	0	188	41	0	23
1786947252.986047634	33	2304	188	41	0	23
1786947253.105109542	33	0	188	41	0	23
1786947253.233163874	33	0	188	41	0	23
1786947253.355557568	33	0	188	41	0	23
1786947253.486446755	33	0	188	41	0	23
1786947253.605819560	33	0	188	41	0	23
1786947253.729796434	33	0	188	41	0	23
1786947253.856617881	33	0	188	41	0	23
1786947253.976483603	33	0	188	41	0	23
1786947254.100177132	33	0	188	41	0	23
1786947254.219865049	33	0	188	41	0	23
1786947254.339364969	33	0	188	41	0	23
1786947254.458808283	33	0	188	41	0	23
1786947254.577289375	33	0	188	41	0	23
1786947254.696547232	33	0	188	41	0	23
1786947254.815985992	33	0	188	41	0	23
1786947254.935727739	33	0	188	41	0	23
1786947255.055303535	33	0	188	41	0	23
1786947255.174702659	33	0	188	41	0	23
1786947255.293817841	33	0	188	41	0	23
1786947255.412908051	33	0	188	41	0	23
1786947255.531860964	33	0	188	41	0	23
1786947255.651225083	33	0	188	41	0	23
1786947255.770925543	33	0	188	41	0	23
1786947255.890258951	33	0	188	41	0	23
1786947256.009553250	33	0	188	41	0	23
1786947256.129120011	33	0	188	41	0	23
1786947256.248151123	33	0	188	41	0	23
1786947256.367449049	33	0	188	41	0	23
1786947256.486986764	33	0	188	41	0	23
1786947256.606388765	33	0	188	41	0	23
1786947256.725645307	33	0	188	41	0	23
1786947256.845695314	33	0	188	41	0	23
1786947256.965559346	33	0	188	41	0	23
1786947257.084694717	33	0	188	41	0	23
1786947257.204129775	33	0	188	41	0	23
1786947257.323357727	33	0	188	41	0	23
1786947257.451496920	33	0	188	41	0	23
1786947257.570213784	33	0	188	41	0	23
1786947257.689663074	33	0	188	41	0	23
1786947257.809049958	33	0	188	41	0	23
1786947257.928670337	33	0	188	41	0	23
1786947258.048131823	33	0	188	41	0	23
1786947258.171054838	33	0	188	41	0	23
1786947258.290438917	33	0	188	41	0	23
1786947258.409670508	33	0	188	41	0	23
1786947258.532881242	33	0	188	41	0	23
1786947258.652242150	33	0	188	41	0	23
1786947258.771068067	33	0	188	41	0	23
1786947258.902512848	33	0	188	41	0	23
1786947259.022449964	33	0	188	41	0	23
1786947259.141607640	33	0	188	41	0	23
1786947259.265360898	33	0	188	41	0	23
1786947259.384919198	33	0	188	41	0	23
1786947259.504368393	33	0	188	41	0	23
1786947259.627376550	33	0	188	41	0	23
1786947259.746606814	33	0	188	41	0	23
1786947259.866347464	33	0	188	41	0	23
1786947259.986373436	33	0	188	41	0	23
1786947260.106088702	33	0	188	41	0	23
1786947260.225849763	33	0	188	41	0	23
1786947260.352516880	33	0	188	41	0	23
1786947260.476169365	33	0	188	41	0	23
1786947260.599736881	33	0	188	41	0	23
1786947260.718435374	33	0	188	41	0	23
1786947260.841847011	33	0	188	41	0	23
1786947260.964249796	33	0	188	41	0	23
1786947261.088200026	33	0	188	41	0	23
1786947261.207702183	33	0	188	41	0	23
1786947261.331407299	33	0	188	41	0	23
1786947261.451086151	33	0	188	41	0	23
1786947261.569099608	33	0	188	41	0	23
1786947261.688498359	33	0	188	41	0	23
1786947261.807942433	33	0	188	41	0	23
1786947261.930737579	33	0	188	41	0	23
1786947262.049865299	33	0	188	41	0	23
1786947262.173611873	33	0	188	41	0	23
1786947262.292948674	33	0	188	41	0	23
1786947262.412218592	33	0	188	41	0	23
1786947262.531641125	33	0	188	41	0	23
1786947262.650042185	33	0	188	41	0	23
1786947262.780817664	33	0	188	41	0	23
1786947262.901853545	33	0	188	41	0	23
1786947263.021880814	33	0	188	41	0	23
1786947263.144104581	33	0	188	41	0	23
1786947263.265255627	33	0	188	41	0	23
1786947263.384831698	33	0	188	41	0	23
1786947263.504387552	33	0	188	41	0	23
1786947263.623913830	33	0	188	41	0	23
1786947263.743436397	33	0	188	41	0	23
1786947263.862632948	33	0	188	41	0	23
1786947263.986033969	33	0	188	41	0	23
1786947264.105912130	33	0	188	41	0	23
1786947264.225323864	33	0	188	41	0	23
1786947264.344560197	33	0	188	41	0	23
1786947264.464113367	33	0	188	41	0	23
1786947264.582536824	33	0	188	41	0	23
1786947264.701710226	33	0	188	41	0	23
1786947264.825770529	33	0	188	41	0	23
1786947264.948851023	33	0	188	41	0	23
1786947265.067874332	33	0	188	41	0	23
1786947265.186998418	33	0	188	41	0	23
1786947265.306426297	33	0	188	41	0	23
1786947265.426133804	33	0	188	41	0	23
1786947265.556038274	33	0	188	41	0	23
1786947265.680964109	33	0	188	41	0	23
1786947265.800796769	33	0	188	41	0	23
1786947265.920696620	33	0	188	41	0	23
1786947266.039194264	33	0	188	41	0	23
1786947266.158684328	33	0	188	41	0	23
1786947266.283228842	33	0	188	41	0	23
1786947266.407163686	33	0	188	41	0	23
1786947266.540016366	33	0	188	41	0	23
1786947266.659035834	33	0	188	41	0	23
1786947266.779015639	33	0	188	41	0	23
1786947266.898520995	33	0	188	41	0	23
1786947267.026034913	33	0	188	41	0	23
1786947267.144913192	33	0	188	41	0	23
1786947267.264851819	33	0	188	41	0	23
1786947267.399164802	33	0	188	41	0	23
1786947267.518697553	33	0	188	41	0	23
1786947267.638018379	33	0	188	41	0	23
1786947267.757712362	33	0	188	41	0	23
1786947267.884811993	33	0	188	41	0	23
1786947268.016275296	33	0	188	41	0	23
1786947268.143849161	33	0	188	41	0	23
1786947268.266847325	33	0	188	41	0	23
1786947268.389363076	33	0	188	41	0	23
1786947268.519896911	33	0	188	41	0	23
1786947268.651306029	33	0	188	41	0	23
1786947268.775172302	33	0	188	41	0	23
1786947268.895099653	33	0	188	41	0	23
1786947269.019037235	33	0	188	41	0	23
1786947269.153241493	33	0	188	41	0	23
1786947269.272083230	33	0	188	41	0	23
1786947269.395455457	33	0	188	41	0	23
1786947269.518482433	33	0	188	41	0	23
1786947269.641045793	33	0	188	41	0	23
1786947269.760745974	33	0	188	41	0	23
1786947269.880606559	33	0	188	41	0	23
1786947270.000643550	33	0	188	41	0	23
1786947270.119942196	33	0	188	41	0	23
1786947270.239029608	33	0	188	41	0	23
1786947270.357492182	33	0	188	41	2304	23
1786947270.477998449	33	0	188	41	0	23
1786947270.597160090	33	0	188	41	0	23
1786947270.719934768	33	0	188	41	0	23
1786947270.840626202	33	0	188	41	0	23
1786947270.964373763	33	0	188	41	0	23
1786947271.083793148	33	0	188	41	0	23
1786947271.203328705	33	0	188	41	0	23
1786947271.322899696	33	0	188	41	0	23
1786947271.442654232	33	0	188	41	0	23
1786947271.562099669	33	0	188	41	0	23
1786947271.688423122	33	0	188	41	0	23
1786947271.814846436	33	0	188	41	0	23
1786947271.941792707	33	0	188	41	0	23
1786947272.061413505	33	0	188	41	0	23
1786947272.183555979	33	0	188	41	0	23
1786947272.309268893	33	0	188	41	0	23
1786947272.428624649	33	0	188	41	0	23
1786947272.551613678	33	0	188	41	0	23
1786947272.669947987	33	0	188	41	0	23
1786947272.789717010	33	0	188	41	0	23
1786947272.913930134	33	0	188	41	0	23
1786947273.040287465	33	0	188	41	0	23
1786947273.159688545	33	0	188	41	0	23
1786947273.279375360	33	0	188	41	0	23
1786947273.398700774	33	0	188	41	0	23
1786947273.520878937	33	0	188	41	0	23
1786947273.640746862	33	0	188	41	0	23
1786947273.760441976	33	0	188	41	0	23
1786947273.887232650	33	0	188	41	0	23
1786947274.006748072	33	0	188	41	0	23
1786947274.126166471	33	0	188	41	0	23
1786947274.245515744	33	0	188	41	0	23
1786947274.365199051	33	0	188	41	0	23
1786947274.484508675	33	0	188	41	0	23
1786947274.604135047	33	0	188	41	0	23
1786947274.726333333	33	0	188	41	0	23
1786947274.849645998	33	0	188	41	0	23
1786947274.975384051	33	0	188	41	0	23
1786947275.095048987	33	0	188	41	0	23
1786947275.215257578	33	0	188	41	0	23
1786947275.344241207	33	0	188	41	0	23
1786947275.462819087	33	0	188	41	0	23
1786947275.582173342	33	0	188	41	0	23
1786947275.701798432	33	0	188	41	0	23
1786947275.829074423	33	0	188	41	0	23
1786947275.948891875	33	0	188	41	0	23
1786947276.077863796	33	0	188	41	0	23
1786947276.197531772	33	0	188	41	0	23
1786947276.320518798	33	0	188	41	0	23
1786947276.449797374	33	0	188	41	0	23
1786947276.568247473	33	0	188	41	0	23
1786947276.687627279	33	0	188	41	0	23
1786947276.807443981	33	0	188	41	0	23
1786947276.937125338	33	0	188	41	0	23
1786947277.056604098	33	0	188	41	0	23
1786947277.178715060	33	0	188	41	0	23
1786947277.305040065	33	0	188	41	0	23
1786947277.428053370	33	0	188	41	0	23
1786947277.551172641	33	0	188	41	0	23
1786947277.669769804	33	0	188	41	0	23
1786947277.796717299	33	0	188	41	0	23
1786947277.916061365	33	0	188	41	0	23
1786947278.035226467	33	0	188	41	0	23
1786947278.154489893	33	0	188	41	0	23
1786947278.273851162	33	0	188	41	0	23
1786947278.393189449	33	0	188	41	0	23
1786947278.512909612	33	0	188	41	0	23
1786947278.638900593	33	0	188	41	0	23
1786947278.772784683	33	0	188	41	0	23
1786947278.892317791	33	0	188	41	0	23
1786947279.015358379	33	0	188	41	0	23
1786947279.138595974	33	0	188	41	0	23
1786947279.257504962	33	0	188	41	0	23
1786947279.376389059	33	0	188	41	0	23
1786947279.499641712	33	0	188	41	0	23
1786947279.619169076	33	0	188	41	0	23
1786947279.738606119	33	0	188	41	0	23
1786947279.858155570	33	0	188	41	0	23
1786947279.988088642	33	0	188	41	0	23
1786947280.107171763	33	0	188	41	0	23
1786947280.230578402	33	0	188	41	0	23
1786947280.353821980	33	0	188	41	0	23
1786947280.475924278	33	0	188	41	0	23
1786947280.595420550	33	0	188	41	0	23
1786947280.714692648	33	0	188	41	0	23
1786947280.845130162	33	0	188	41	0	23
1786947280.967861416	33	0	188	41	0	23
1786947281.086905873	33	0	188	41	0	23
1786947281.206505677	33	0	188	41	0	23
1786947281.326396680	33	0	188	41	0	23
1786947281.451907692	33	0	188	41	0	23
1786947281.571485416	33	0	188	41	0	23
1786947281.691035026	33	0	188	41	0	23
1786947281.810572347	33	0	188	41	0	23
1786947281.930409084	33	0	188	41	0	23
1786947282.050110966	33	0	188	41	0	23
1786947282.172965627	33	0	188	41	0	23
1786947282.296502524	33	0	188	41	0	23
1786947282.415743002	33	0	188	41	0	23
1786947282.534568049	33	0	188	41	0	23
1786947282.654063448	33	0	188	41	0	23
1786947282.773695276	33	0	188	41	0	23
1786947282.893449578	33	0	188	41	0	23
1786947283.013661611	33	0	188	41	0	23
1786947283.136788261	33	0	188	41	0	23
1786947283.267668820	33	0	188	41	0	23
1786947283.386963346	33	0	188	41	0	23
1786947283.505910061	33	0	188	41	0	23
1786947283.633504413	33	0	188	41	0	23
1786947283.759606218	33	0	188	41	0	23
1786947283.879375876	33	0	188	41	0	23
1786947284.006356449	33	0	188	41	0	23
1786947284.125589133	33	0	188	41	0	23
1786947284.249290149	33	0	188	41	0	23
1786947284.368903037	33	0	188	41	0	23
1786947284.488282202	33	0	188	41	0	23
1786947284.613068626	33	0	188	41	0	23
1786947284.735519538	33	0	188	41	0	23
1786947284.862374466	33	0	188	41	0	23
1786947284.981714716	33	0	188	41	0	23
1786947285.101583539	33	0	188	41	0	23
1786947285.221179424	33	0	188	41	0	23
1786947285.352033986	33	0	188	41	0	23
1786947285.479496048	33	0	188	41	0	23
1786947285.610274708	33	0	188	41	0	23
1786947285.733764812	33	0	188	41	0	23
1786947285.852821202	33	0	188	41	0	23
1786947285.975877234	33	0	188	41	0	23
1786947286.095369860	33	0	188	41	0	23
1786947286.218401024	33	0	188	41	0	23
1786947286.340030897	33	0	188	41	0	23
1786947286.462603131	33	0	188	41	0	23
1786947286.593710893	33	0	188	41	0	23
1786947286.720879910	33	0	188	41	0	23
1786947286.847523430	33	0	188	41	0	23
1786947286.981923665	33	0	188	41	0	23
1786947287.105456810	33	0	188	41	0	23
1786947287.228157301	33	0	188	41	0	23
1786947287.351629556	33	0	188	41	0	23
1786947287.477643434	33	0	188	41	0	23
1786947287.597108152	33	0	188	41	0	23
1786947287.716511276	33	0	188	41	0	23
1786947287.843091811	33	0	188	41	0	23
1786947287.962786821	33	0	188	41	0	23
1786947288.082366147	33	0	188	41	0	23
1786947288.200976762	33	0	188	41	0	23
1786947288.320046227	33	0	188	41	0	23
1786947288.443613805	33	0	188	41	0	23
1786947288.563082591	33	0	188	41	0	23
1786947288.687380725	33	0	188	41	0	23
1786947288.821307896	33	0	188	41	0	23
1786947288.941446058	33	0	188	41	0	23
1786947289.060959665	33	0	188	41	0	23
1786947289.180321046	33	0	188	41	0	23
1786947289.299662174	33	0	188	41	0	23
1786947289.418981827	33	0	188	41	0	23
1786947289.538499383	33	0	188	41	0	23
1786947289.657639425	33	0	188	41	0	23
1786947289.776212315	33	0	188	41	0	23
1786947289.907252186	33	0	188	41	0	23
1786947290.037740591	33	0	188	41	0	23
1786947290.156732049	33	0	188	41	0	23
1786947290.284163957	33	0	188	41	0	23
1786947290.411186352	33	0	188	41	0	23
1786947290.530885096	33	0	188	41	0	23
1786947290.658393030	33	0	188	41	0	23
1786947290.777373534	33	0	188	41	0	23
1786947290.900911084	33	0	188	41	0	23
1786947291.021103232	33	0	188	41	0	23
1786947291.140539705	33	0	188	41	0	23
1786947291.260068277	33	0	188	41	0	23
1786947291.387701596	33	0	188	41	0	23
1786947291.507266304	33	0	188	41	0	23
1786947291.626784508	33	0	188	41	0	23
1786947291.746230666	33	0	188	41	0	23
1786947291.865824927	33	0	188	41	0	23
1786947291.986133827	33	0	188	41	0	23
1786947292.106295873	33	0	188	41	0	23
1786947292.232824409	33	0	188	41	0	23
1786947292.352328710	33	0	188	41	0	23
1786947292.471673469	33	0	188	41	0	23
1786947292.591383655	33	0	188	41	0	23
1786947292.710592675	33	0	188	41	0	23
1786947292.838217043	33	0	188	41	0	23
1786947292.957930483	33	0	188	41	0	23
1786947293.077481287	33	0	188	41	0	23
1786947293.196751193	33	0	188	41	0	23
1786947293.315793458	33	0	188	41	0	23
1786947293.434977741	33	0	188	41	0	23
1786947293.554588199	33	0	188	41	0	23
1786947293.678525688	33	0	188	41	0	23
1786947293.809398953	33	0	188	41	0	23
1786947293.933309874	33	0	188	41	0	23
1786947294.059936119	33	0	188	41	0	23
1786947294.187489570	33	0	188	41	0	23
1786947294.310381648	33	0	188	41	0	23
1786947294.434007558	33	0	188	41	0	23
1786947294.554759534	33	0	188	41	0	23
1786947294.682762344	33	0	188	41	0	23
1786947294.805665630	33	0	188	41	0	23
1786947294.936168550	33	0	188	41	0	23
1786947295.055453866	33	0	188	41	0	23
1786947295.177952446	33	0	188	41	0	23
1786947295.297056706	33	0	188	41	0	23
1786947295.416178241	33	0	188	41	0	23
1786947295.540095465	33	0	188	41	0	23
1786947295.659576448	33	0	188	41	0	23
1786947295.779088033	33	0	188	41	0	23
1786947295.898827973	33	0	188	41	0	23
1786947296.019175050	33	0	188	41	0	23
1786947296.146541395	33	0	188	41	0	23
1786947296.270199997	33	0	188	41	0	23
1786947296.393738023	33	0	188	41	0	23
1786947296.513620616	33	0	188	41	0	23
1786947296.636820755	33	0	188	41	0	23
1786947296.756587676	33	0	188	41	0	23
1786947296.876713713	33	0	188	41	0	23
1786947296.996559934	33	0	188	41	0	23
1786947297.127858510	33	0	188	41	0	23
1786947297.247375909	33	0	188	41	0	23
1786947297.369227573	33	0	188	41	0	23
1786947297.488731861	33	0	188	41	0	23
1786947297.608082469	33	0	188	41	0	23
1786947297.727515471	33	0	188	41	0	23
1786947297.854753359	33	0	188	41	0	23
1786947297.974231549	33	0	188	41	0	23
1786947298.094589040	33	0	188	41	0	23
1786947298.214031965	33	0	188	41	0	23
1786947298.333171827	33	0	188	41	0	23
1786947298.459205187	33	0	188	41	0	23
1786947298.586669722	33	0	188	41	0	23
1786947298.705434276	33	0	188	41	0	23
1786947298.824676849	33	0	188	41	0	23
1786947298.944439403	33	0	188	41	0	23
1786947299.071148196	33	0	188	41	0	23
1786947299.190525448	33	0	188	41	0	23
1786947299.309927887	33	0	188	41	0	23
1786947299.429326802	33	0	188	41	0	23
1786947299.553314499	33	0	188	41	0	23
1786947299.672793649	33	0	188	41	0	23
1786947299.792074117	33	0	188	41	0	23
1786947299.914348969	33	0	188	41	0	23
1786947300.037939033	33	0	188	41	0	23
1786947300.170433832	33	0	188	41	0	23
1786947300.289791404	33	0	188	41	0	23
1786947300.409143561	33	0	188	41	0	23
1786947300.528595981	33	0	188	41	0	23
1786947300.647244942	33	0	188	41	0	23
1786947300.767092620	33	0	188	41	0	23
1786947300.886909846	33	0	188	41	0	23
1786947301.016139221	33	0	188	41	0	23
1786947301.136020173	33	0	188	41	0	23
1786947301.255524216	33	0	188	41	0	23
1786947301.374998651	33	0	188	41	0	23
1786947301.493296198	33	0	188	41	0	23
1786947301.612849563	33	0	188	41	0	23
1786947301.732112610	33	0	188	41	0	23
1786947301.851623826	33	0	188	41	0	23
1786947301.978798251	33	0	188	41	0	23
1786947302.098412944	33	0	188	41	0	23
1786947302.218066445	33	0	188	41	0	23
1786947302.337783317	33	0	188	41	0	23
1786947302.457565982	33	0	188	41	0	23
1786947302.577149197	33	0	188	41	0	23
1786947302.701038506	33	0	188	41	0	23
1786947302.825046662	33	0	188	41	0	23
1786947302.944068252	33	0	188	41	0	23
1786947303.068198938	33	0	188	41	0	23
1786947303.187810276	33	0	188	41	0	23
1786947303.307822305	33	0	188	41	0	23
1786947303.427501011	33	0	188	41	0	23
1786947303.546777894	33	0	188	41	0	23
1786947303.665373825	33	0	188	41	0	23
1786947303.784653277	33	0	188	41	0	23
1786947303.904481898	33	0	188	41	0	23
1786947304.024223511	33	0	188	41	0	23
1786947304.144083194	33	0	188	41	0	23
1786947304.263436503	33	0	188	41	0	23
1786947304.385572552	33	0	188	41	0	23
1786947304.505229557	33	0	188	41	0	23
1786947304.628234213	33	0	188	41	0	23
1786947304.756176314	33	0	188	41	0	23
1786947304.875766890	33	0	188	41	0	23
1786947304.995461213	33	0	188	41	0	23
1786947305.117028869	33	0	188	41	0	23
1786947305.236299499	33	0	188	41	0	23
1786947305.355670991	33	0	188	41	0	23
1786947305.475208419	33	0	188	41	0	23
1786947305.594871156	33	0	188	41	0	23
1786947305.714440392	33	0	188	41	0	23
1786947305.837446049	33	0	188	41	0	23
1786947305.960113118	33	0	188	41	0	23
1786947306.083987345	33	0	188	41	0	23
1786947306.202923883	33	0	188	41	0	23
1786947306.322402657	33	0	188	41	0	23
1786947306.445214068	33	0	188	41	0	23
1786947306.569010773	33	0	188	41	0	23
1786947306.691213897	33	0	188	41	0	23
1786947306.810917414	33	0	188	41	0	23
1786947306.934113172	33	0	188	41	0	23
1786947307.057138654	33	0	188	41	0	23
1786947307.176811295	33	0	188	41	0	23
1786947307.296675538	33	0	188	41	0	23
1786947307.420728538	33	0	188	41	0	23
1786947307.544356691	33	0	188	41	0	23
1786947307.670768668	33	0	188	41	0	23
1786947307.792999114	33	0	188	41	0	23
1786947307.919528536	33	0	188	41	0	23
1786947308.045565706	33	0	188	41	0	23
1786947308.164819281	33	0	188	41	0	23
1786947308.294282775	33	0	188	41	0	23
1786947308.417164932	33	0	188	41	0	23
1786947308.536744880	33	0	188	41	0	23
1786947308.655965229	33	0	188	41	0	23
1786947308.774787822	33	0	188	41	0	23
1786947308.894719491	33	0	188	41	0	23
1786947309.014550585	33	0	188	41	0	23
1786947309.134155591	33	0	188	41	0	23
1786947309.253574183	33	0	188	41	0	23
1786947309.373062951	33	0	188	41	0	23
1786947309.495246657	33	0	188	41	0	23
1786947309.618356529	33	0	188	41	0	23
1786947309.741089005	33	0	188	41	0	23
1786947309.860389952	33	0	188	41	0	23
1786947309.986985570	33	0	188	41	0	23
1786947310.116392867	33	0	188	41	0	23
1786947310.243169452	33	0	188	41	0	23
1786947310.372909990	33	0	188	41	0	23
1786947310.493260780	33	0	188	41	0	23
1786947310.612591938	33	0	188	41	0	23
1786947310.731402466	33	0	188	41	0	23
1786947310.857966102	33	0	188	41	0	23
1786947310.984353895	33	0	188	41	0	23
1786947311.107043451	33	0	188	41	0	23
1786947311.226425554	33	0	188	41	0	23
1786947311.352584710	33	0	188	41	0	23
1786947311.472569699	33	0	188	41	0	23
1786947311.591823966	33	0	188	41	0	23
1786947311.711238419	33	0	188	41	0	23
1786947311.837156437	33	0	188	41	0	23
1786947311.956937051	33	0	188	41	0	23
1786947312.082880892	33	0	188	41	0	23
1786947312.206055173	33	0	188	41	0	23
1786947312.326593536	33	0	188	41	0	23
1786947312.446159340	33	0	188	41	0	23
1786947312.569162693	33	0	188	41	0	23
1786947312.691988185	33	0	188	41	0	23
1786947312.818271170	33	0	188	41	0	23
1786947312.944895181	33	0	188	41	0	23
1786947313.064562567	33	0	188	41	0	23
1786947313.184488470	33	0	188	41	0	23
1786947313.314955531	33	0	188	41	0	23
1786947313.441576534	33	0	188	41	0	23
1786947313.560724579	33	0	188	41	0	23
1786947313.679922184	33	0	188	41	0	23
1786947313.803092273	33	0	188	41	0	23
1786947313.922908102	33	0	188	41	0	23
1786947314.049803949	33	0	188	41	0	23
1786947314.172814387	33	0	188	41	0	23
1786947314.303353003	33	0	188	41	0	23
1786947314.422772570	33	0	188	41	0	23
1786947314.549509893	33	0	188	41	0	23
1786947314.676072518	33	0	188	41	0	23
1786947314.795419406	33	0	188	41	0	23
1786947314.915443932	33	0	188	41	0	23
1786947315.035121201	33	0	188	41	0	23
1786947315.155288404	33	0	188	41	0	23
1786947315.278935703	33	0	188	41	0	23
1786947315.398637334	33	0	188	41	0	23
1786947315.518072866	33	0	188	41	0	23
1786947315.640695258	33	0	188	41	0	23
1786947315.760139224	33	0	188	41	0	23
1786947315.879629447	33	0	188	41	0	23
1786947316.005401085	33	0	188	41	0	23
1786947316.125031653	33	0	188	41	0	23
1786947316.247963532	33	0	188	41	0	23
1786947316.367320582	33	0	188	41	0	23
1786947316.486586568	33	0	188	41	0	23
1786947316.606331766	33	0	188	41	0	23
1786947316.725768842	33	0	188	41	0	23
1786947316.845494062	33	0	188	41	0	23
1786947316.964742982	33	0	188	41	0	23
1786947317.084094753	33	0	188	41	0	23
1786947317.210836443	33	0	188	41	0	23
1786947317.330416603	33	0	188	41	0	23
1786947317.449191539	33	0	188	41	0	23
1786947317.568301554	33	0	188	41	0	23
1786947317.687634644	33	0	188	41	0	23
1786947317.814401390	33	0	188	41	0	23
1786947317.941158108	33	0	188	41	0	23
1786947318.059911578	33	0	188	41	0	23
1786947318.179208796	33	0	188	41	0	23
1786947318.302535563	33	0	188	41	0	23
1786947318.422261129	33	0	188	41	0	23
1786947318.549058373	33	0	188	41	0	23
1786947318.668607163	33	0	188	41	0	23
1786947318.788301417	33	0	188	41	0	23
1786947318.908504274	33	0	188	41	0	23
1786947319.035300195	33	0	188	41	0	23
1786947319.154669822	33	0	188	41	0	23
1786947319.278305312	33	0	188	41	0	23
1786947319.401727537	33	0	188	41	0	23
1786947319.528290218	33	0	188	41	0	23
1786947319.647788339	33	0	188	41	0	23
1786947319.770130862	33	0	188	41	0	23
1786947319.889611167	33	0	188	41	0	23
1786947320.019878547	33	0	188	41	0	23
1786947320.158441453	33	0	188	41	0	23
1786947320.277609041	33	0	188	41	0	23
1786947320.404541360	33	0	188	41	0	23
1786947320.527653679	33	0	188	41	0	23
1786947320.650341900	33	0	188	41	0	23
1786947320.769795303	33	0	188	41	0	23
1786947320.896715793	33	0	188	41	0	23
1786947321.023846468	33	0	188	41	0	23
1786947321.154099508	33	0	188	41	0	23
1786947321.289327026	33	0	188	41	0	23
1786947321.415897820	33	0	188	41	0	23
1786947321.535769504	33	0	188	41	0	23
1786947321.655346512	33	0	188	41	0	23
1786947321.774834539	33	0	188	41	0	23
1786947321.898251369	33	0	188	41	0	23
1786947322.021351046	33	0	188	41	0	23
1786947322.140934419	33	0	188	41	0	23
1786947322.267213838	33	0	188	41	0	23
1786947322.390940639	33	0	188	41	0	23
1786947322.510426189	33	0	188	41	0	23
1786947322.629517192	33	0	188	41	0	23
1786947322.749242424	33	0	188	41	0	23
1786947322.869011725	33	0	188	41	0	23
1786947322.996332894	33	0	188	41	0	23
1786947323.119443013	33	0	188	41	0	23
1786947323.239202797	33	0	188	41	0	23
1786947323.358787100	33	0	188	41	0	23
1786947323.478295898	33	0	188	41	0	23
1786947323.597839886	33	0	188	41	0	23
1786947323.722444455	33	0	188	41	0	23
1786947323.842305703	33	0	188	41	0	23
1786947323.965476370	33	0	188	41	0	23
1786947324.096684645	33	0	188	41	0	23
1786947324.224791922	33	0	188	41	0	23
1786947324.347968672	33	0	188	41	0	23
1786947324.467248170	33	0	188	41	2304	23
1786947324.594385087	33	0	188	41	0	23
1786947324.718295667	33	0	188	41	0	23
1786947324.844859616	33	0	188	41	0	23
1786947324.964563835	33	0	188	41	0	23
1786947325.084504962	33	0	188	41	0	23
1786947325.208939004	33	0	188	41	0	23
1786947325.328799999	33	0	188	41	0	23
1786947325.453182710	33	0	188	41	0	23
1786947325.583124260	33	0	188	41	0	23
1786947325.705422992	33	0	188	41	0	23
1786947325.836477827	33	0	188	41	0	23
1786947325.956318853	33	0	188	41	0	23
1786947326.081033869	33	0	188	41	0	23
1786947326.209165906	33	0	188	41	0	23
1786947326.332537557	33	0	188	41	0	23
1786947326.451390251	33	0	188	41	0	23
1786947326.571060150	33	0	188	41	0	23
1786947326.694982891	33	0	188	41	0	23
1786947326.816061035	33	0	188	41	0	23
1786947326.941663648	33	0	188	41	0	23
1786947327.061417065	33	0	188	41	0	23
1786947327.181317219	33	0	188	41	0	23
1786947327.301409190	33	0	188	41	0	23
1786947327.420988603	33	0	188	41	0	23
1786947327.540809462	33	0	188	41	0	23
1786947327.663169661	33	0	188	41	0	23
1786947327.782694010	33	0	188	41	0	23
1786947327.902358135	33	0	188	41	0	23
1786947328.029948061	33	0	188	41	0	23
1786947328.149174933	33	0	188	41	0	23
1786947328.268372565	33	0	188	41	0	23
1786947328.392099501	33	0	188	41	0	23
1786947328.516183802	33	0	188	41	0	23
1786947328.639193551	33	0	188	41	0	23
1786947328.763237766	33	0	188	41	0	23
1786947328.883080683	33	0	188	41	0	23
1786947329.010454096	33	0	188	41	0	23
1786947329.130207644	33	0	188	41	0	23
1786947329.249667988	33	0	188	41	0	23
1786947329.369310130	33	0	188	41	0	23
1786947329.494266839	33	0	188	41	0	23
1786947329.620586469	33	0	188	41	0	23
1786947329.754518350	33	0	188	41	0	23
1786947329.874473253	33	0	188	41	0	23
1786947330.001731011	33	0	188	41	0	23
1786947330.134049368	33	0	188	41	0	23
1786947330.261659894	33	0	188	41	0	23
1786947330.380955673	33	0	188	41	0	23
1786947330.500773470	33	0	188	41	0	23
1786947330.624161458	33	0	188	41	0	23
1786947330.743816789	33	0	188	41	0	23
1786947330.867870168	33	0	188	41	0	23
1786947330.991309336	33	0	188	41	0	23
1786947331.110999813	33	0	188	41	0	23
1786947331.230703867	33	0	188	41	0	23
1786947331.350473926	33	0	188	41	0	23
1786947331.470187930	33	0	188	41	0	23
1786947331.593849125	33	0	188	41	0	23
1786947331.712641430	33	0	188	41	0	23
1786947331.832287761	33	0	188	41	0	23
1786947331.951916742	33	0	188	41	0	23
1786947332.071497896	33	0	188	41	0	23
1786947332.197158222	33	0	188	41	0	23
1786947332.316600272	33	0	188	41	0	23
1786947332.436351254	33	0	188	41	0	23
1786947332.555819405	33	0	188	41	0	23
1786947332.675550713	33	0	188	41	0	23
1786947332.799218724	33	0	188	41	0	23
1786947332.919655898	33	0	188	41	0	23
1786947333.039535723	33	0	188	41	0	23
1786947333.162831961	33	0	188	41	0	23
1786947333.285623085	33	0	188	41	0	23
1786947333.404658078	33	0	188	41	2304	23
1786947333.523836771	33	0	188	41	0	23
1786947333.643311884	33	0	188	41	0	23
1786947333.774744111	33	0	188	41	0	23
1786947333.894866883	33	0	188	41	2304	23
1786947334.014003672	33	0	188	41	0	23
1786947334.133907223	33	0	188	41	0	23
1786947334.259369908	33	0	188	41	0	23
1786947334.381290316	33	0	188	41	0	23
1786947334.504411263	33	0	188	41	0	23
1786947334.624024891	33	0	188	41	0	23
1786947334.743492975	33	0	188	41	0	23
1786947334.863086248	33	0	188	41	0	23
1786947334.982995265	33	0	188	41	0	23
1786947335.102916123	33	0	188	41	0	23
1786947335.222115545	33	0	188	41	0	23
1786947335.345444401	33	0	188	41	0	23
1786947335.465567243	33	0	188	41	0	23
1786947335.585039983	33	0	188	41	0	23
1786947335.707268090	33	0	188	41	0	23
1786947335.837701121	33	0	188	41	0	23
1786947335.962270652	33	0	188	41	0	23
1786947336.083824951	33	0	188	41	0	23
1786947336.209382158	33	0	188	41	0	23
1786947336.330776113	33	0	188	41	0	23
1786947336.451403128	33	0	188	41	0	23
1786947336.571527358	33	0	188	41	0	23
1786947336.696386744	33	0	188	41	0	23
1786947336.816333623	33	0	188	41	0	23
1786947336.936834580	33	0	188	41	0	23
1786947337.059150716	33	0	188	41	0	23
1786947337.181087635	33	0	188	41	0	23
1786947337.301893576	33	0	188	41	0	23
1786947337.422050665	33	0	188	41	0	23
1786947337.550194404	33	0	188	41	0	23
1786947337.676454659	33	0	188	41	0	23
1786947337.801877490	33	0	188	41	0	23
1786947337.924441568	33	0	188	41	0	23
1786947338.044837932	33	2304	188	41	0	23
1786947338.166237890	33	0	188	41	0	23
1786947338.294927131	33	0	188	41	0	23
1786947338.415925197	33	0	188	41	0	23
1786947338.535264935	33	0	188	41	0	23
1786947338.656342399	33	0	188	41	0	23
1786947338.777156376	33	0	188	41	0	23
1786947338.897198408	33	0	188	41	0	23
1786947339.021685562	33	0	188	41	0	23
1786947339.154377865	33	0	188	41	0	23
1786947339.278664503	33	0	188	41	0	23
1786947339.407734499	33	0	188	41	0	23
1786947339.527887457	33	0	188	41	0	23
1786947339.648018419	33	0	188	41	0	23
1786947339.772497075	33	0	188	41	0	23
1786947339.892363820	33	0	188	41	0	23
1786947340.015405294	33	0	188	41	0	23
1786947340.135584656	33	0	188	41	0	23
1786947340.255758848	33	0	188	41	0	23
1786947340.384508607	33	0	188	41	0	23
1786947340.504606336	33	0	188	41	0	23
1786947340.624844520	33	0	188	41	0	23
1786947340.744881499	33	0	188	41	0	23
1786947340.864881702	33	0	188	41	0	23
1786947340.985010187	33	0	188	41	0	23
1786947341.109593202	33	0	188	41	0	23
1786947341.230226117	33	0	188	41	0	23
1786947341.354679951	33	0	188	41	0	23
1786947341.478264969	33	0	188	41	0	23
1786947341.597790095	33	0	188	41	0	23
1786947341.717327353	33	0	188	41	0	23
1786947341.840155013	33	0	188	41	0	23
1786947341.960185062	33	0	188	41	0	23
1786947342.080082339	33	0	188	41	0	23
1786947342.200112889	33	0	188	41	0	23
1786947342.323018803	33	0	188	41	0	23
1786947342.442323679	33	0	188	41	0	23
1786947342.574846856	33	0	188	41	0	23
1786947342.694740003	33	0	188	41	0	23
1786947342.815075845	33	0	188	41	0	23
1786947342.935055630	33	0	188	41	0	23
1786947343.054785200	33	0	188	41	0	23
1786947343.174981821	33	0	188	41	0	23
1786947343.294508219	33	0	188	41	0	23
1786947343.417698996	33	0	188	41	0	23
1786947343.545895251	33	0	188	41	0	23
1786947343.668281025	33	0	188	41	0	23
1786947343.787914951	33	0	188	41	0	23
1786947343.907822316	33	0	188	41	0	23
1786947344.027884467	33	0	188	41	0	23
1786947344.147764823	33	0	188	41	0	23
1786947344.273978796	33	0	188	41	0	23
1786947344.393874670	33	0	188	41	0	23
1786947344.514237439	33	0	188	41	0	23
1786947344.633827755	33	0	188	41	0	23
1786947344.753515677	33	0	188	41	0	23
1786947344.877030961	33	0	188	41	0	23
1786947345.006948603	33	0	188	41	0	23
1786947345.126741184	33	0	188	41	0	23
1786947345.256929484	33	0	188	41	0	23
1786947345.379644431	33	0	188	41	0	23
1786947345.499250462	33	0	188	41	0	23
1786947345.619130761	33	0	188	41	0	23
1786947345.739013848	33	0	188	41	0	23
1786947345.873746915	33	0	188	41	0	23
1786947346.005158855	33	0	188	41	0	23
1786947346.128475774	33	0	188	41	0	23
1786947346.260898331	33	2304	188	41	0	23
1786947346.388105795	33	0	188	41	0	23
1786947346.507240927	33	0	188	41	0	23
1786947346.630819359	33	0	188	41	0	23
1786947346.750806330	33	0	188	41	0	23
1786947346.877727264	33	0	188	41	0	23
1786947346.997608775	33	0	188	41	0	23
1786947347.129294814	33	0	188	41	0	23
1786947347.248957304	33	0	188	41	0	23
1786947347.367760969	33	0	188	41	0	23
1786947347.491259201	33	0	188	41	0	23
1786947347.611434832	33	0	188	41	0	23
1786947347.731415279	33	0	188	41	0	23
1786947347.857990766	33	0	188	41	0	23
1786947347.981150789	33	0	188	41	0	23
1786947348.101136197	33	0	188	41	0	23
1786947348.223991101	33	0	188	41	0	23
1786947348.347717994	33	0	188	41	0	23
1786947348.467647348	33	0	188	41	0	23
1786947348.587338213	33	0	188	41	0	23
1786947348.707026631	33	0	188	41	0	23
1786947348.827014882	33	0	188	41	0	23
1786947348.950249795	33	0	188	41	0	23
1786947349.070831299	33	0	188	41	0	23
1786947349.190530011	33	0	188	41	0	23
1786947349.317717132	33	0	188	41	0	23
1786947349.437571066	33	0	188	41	0	23
1786947349.558020422	33	0	188	41	0	23
1786947349.681194880	33	0	188	41	0	23
1786947349.804294215	33	0	188	41	0	23
1786947349.924095563	33	0	188	41	0	23
1786947350.044349706	33	0	188	41	0	23
1786947350.164289357	33	0	188	41	0	23
1786947350.288027065	33	0	188	41	0	23
1786947350.407873270	33	0	188	41	0	23
1786947350.530927815	33	0	188	41	0	23
1786947350.650511846	33	0	188	41	0	23
1786947350.774126290	33	0	188	41	0	23
1786947350.894377315	33	0	188	41	0	23
1786947351.018252399	33	0	188	41	0	23
1786947351.137770579	33	0	188	41	0	23
1786947351.260185312	33	0	188	41	0	23
1786947351.380117404	33	0	188	41	0	23
1786947351.499950416	33	0	188	41	0	23
1786947351.627166103	33	0	188	41	0	23
1786947351.746850414	33	0	188	41	0	23
1786947351.866604724	33	0	188	41	0	23
1786947351.990232004	33	0	188	41	0	23
1786947352.110137935	33	0	188	41	0	23
1786947352.233520971	33	0	188	41	0	23
1786947352.353734037	33	0	188	41	0	23
1786947352.473857461	33	0	188	41	0	23
1786947352.597302157	33	0	188	41	0	23
1786947352.717024159	33	0	188	41	0	23
1786947352.837032389	33	0	188	41	0	23
1786947352.960413147	33	0	188	41	0	23
1786947353.082848605	33	0	188	41	0	23
1786947353.203018365	33	0	188	41	0	23
1786947353.323012729	33	0	188	41	0	23
1786947353.446929678	33	0	188	41	0	23
1786947353.572991849	33	0	188	41	0	23
1786947353.692624209	33	0	188	41	0	23
1786947353.812365560	33	0	188	41	0	23
1786947353.939878735	33	0	188	41	0	23
1786947354.059759657	33	0	188	41	0	23
1786947354.183021644	33	0	188	41	0	23
1786947354.310821197	33	2304	188	41	0	23
1786947354.429540390	33	0	188	41	0	23
1786947354.552972363	33	0	188	41	0	23
1786947354.681701992	33	0	188	41	0	23
1786947354.808482223	33	0	188	41	0	23
1786947354.932919838	33	0	188	41	0	23
1786947355.060013659	33	0	188	41	0	23
1786947355.183924570	33	0	188	41	0	23
1786947355.303856422	33	0	188	41	0	23
1786947355.423789587	33	0	188	41	0	23
1786947355.543870704	33	0	188	41	0	23
1786947355.667862389	33	0	188	41	0	23
1786947355.791743612	33	0	188	41	0	23
1786947355.911336913	33	0	188	41	0	23
1786947356.030679523	33	0	188	41	0	23
1786947356.154401170	33	0	188	41	0	23
1786947356.282075286	33	0	188	41	0	23
1786947356.405566405	33	0	188	41	0	23
1786947356.529516840	33	0	188	41	0	23
1786947356.649417451	33	0	188	41	0	23
1786947356.773223515	33	0	188	41	0	23
1786947356.892814012	33	0	188	41	0	23
1786947357.016598325	33	0	188	41	0	23
1786947357.136187192	33	0	188	41	0	23
1786947357.256078214	33	0	188	41	0	23
1786947357.376122580	33	0	188	41	0	23
1786947357.496188971	33	0	188	41	0	23
1786947357.619990655	33	0	188	41	0	23
1786947357.739737084	33	0	188	41	0	23
1786947357.859302639	33	0	188	41	0	23
1786947357.982044836	33	0	188	41	0	23
1786947358.102062878	33	0	188	41	0	23
1786947358.223514121	33	0	188	41	0	23
1786947358.346289503	33	0	188	41	0	23
1786947358.466251831	33	0	188	41	0	23
1786947358.586302223	33	0	188	41	0	23
1786947358.706522687	33	0	188	41	0	23
1786947358.826678358	33	0	188	41	0	23
1786947358.946878006	33	0	188	41	0	23
1786947359.071057168	33	0	188	41	0	23
1786947359.195904276	33	0	188	41	0	23
1786947359.315684666	33	0	188	41	0	23
1786947359.435557475	33	0	188	41	0	23
1786947359.559393312	33	0	188	41	0	23
1786947359.678917448	33	0	188	41	0	23
1786947359.798844946	33	0	188	41	0	23
1786947359.922392657	33	0	188	41	0	23
1786947360.042466428	33	0	188	41	0	23
1786947360.166592025	33	0	188	41	0	23
1786947360.286561614	33	0	188	41	0	23
1786947360.409697503	33	0	188	41	0	23
1786947360.533546434	33	0	188	41	0	23
1786947360.665350234	33	0	188	41	0	23
1786947360.784772821	33	0	188	41	0	23
1786947360.916466955	33	0	188	41	0	23
1786947361.043693710	33	0	188	41	0	23
1786947361.163727044	33	0	188	41	0	23
1786947361.283736971	33	0	188	41	0	23
1786947361.407415125	33	0	188	41	0	23
1786947361.530969435	33	0	188	41	0	23
1786947361.650688977	33	0	188	41	0	23
1786947361.770370638	33	0	188	41	0	23
1786947361.892936653	33	0	188	41	0	23
1786947362.020326573	33	0	188	41	0	23
1786947362.148580957	33	0	188	41	0	23
1786947362.271754269	33	0	188	41	0	23
1786947362.391724410	33	0	188	41	0	23
1786947362.511653274	33	0	188	41	0	23
1786947362.631515811	33	0	188	41	0	23
1786947362.751210453	33	0	188	41	0	23
1786947362.871255535	33	0	188	41	0	23
1786947362.991640198	33	0	188	41	0	23
1786947363.119601269	33	0	188	41	0	23
1786947363.238717495	33	0	188	41	0	23
1786947363.358280528	33	0	188	41	0	23
1786947363.477766566	33	0	188	41	0	23
1786947363.601854413	33	0	188	41	0	23
1786947363.721751648	33	0	188	41	0	23
1786947363.845897164	33	0	188	41	0	23
1786947363.965628838	33	0	188	41	0	23
1786947364.092912062	33	0	188	41	0	23
1786947364.214563990	33	0	188	41	0	23
1786947364.342328073	33	0	188	41	0	23
1786947364.462515622	33	0	188	41	0	23
1786947364.587239989	33	0	188	41	0	23
1786947364.707252288	33	0	188	41	0	23
1786947364.831531628	33	0	188	41	0	23
1786947364.951289251	33	0	188	41	0	23
1786947365.071144003	33	0	188	41	0	23
1786947365.195332904	33	0	188	41	0	23
1786947365.314748240	33	0	188	41	0	23
1786947365.435233233	33	0	188	41	0	23
1786947365.559226752	33	0	188	41	0	23
1786947365.679210958	33	0	188	41	0	23
1786947365.800833533	33	0	188	41	0	23
1786947365.923604727	33	0	188	41	0	23
1786947366.052171314	33	0	188	41	0	23
1786947366.172150128	33	0	188	41	0	23
1786947366.295682749	33	0	188	41	0	23
1786947366.415475400	33	0	188	41	0	23
1786947366.535202376	33	0	188	41	0	23
1786947366.667589109	33	0	188	41	0	23
1786947366.786774198	33	0	188	41	0	23
1786947366.906036629	33	0	188	41	0	23
1786947367.026323061	33	0	188	41	0	23
1786947367.146481475	33	0	188	41	0	23
1786947367.266427693	33	0	188	41	0	23
1786947367.386093866	33	0	188	41	0	23
1786947367.510234160	33	0	188	41	0	23
1786947367.630165236	33	0	188	41	0	23
1786947367.750614331	33	0	188	41	0	23
1786947367.874458575	33	0	188	41	0	23
1786947367.995076224	33	0	188	41	0	23
1786947368.115183727	33	0	188	41	0	23
1786947368.234753729	33	0	188	41	0	23
1786947368.354613665	33	0	188	41	0	23
1786947368.473829046	33	0	188	41	0	23
1786947368.597527953	33	0	188	41	0	23
1786947368.725240192	33	0	188	41	0	23
1786947368.849281226	33	0	188	41	0	23
1786947368.976169741	33	0	188	41	0	23
1786947369.104334911	33	0	188	41	0	23
1786947369.228415644	33	0	188	41	0	23
1786947369.352699461	33	0	188	41	0	23
1786947369.476959342	33	0	188	41	0	23
1786947369.596837739	33	0	188	41	0	23
1786947369.720895001	33	0	188	41	0	23
1786947369.841759368	33	0	188	41	0	23
1786947369.961460281	33	0	188	41	0	23
1786947370.085157340	33	0	188	41	0	23
1786947370.209978977	33	0	188	41	0	23
1786947370.329185257	33	0	188	41	0	23
1786947370.453745765	33	0	188	41	0	23
1786947370.573684545	33	0	188	41	0	23
1786947370.693936410	33	0	188	41	0	23
1786947370.813947334	33	0	188	41	0	23
1786947370.933919432	33	0	188	41	0	23
1786947371.055623392	33	0	188	41	0	23
1786947371.175570772	33	0	188	41	0	23
1786947371.299047883	33	0	188	41	0	23
1786947371.418872672	33	0	188	41	0	23
1786947371.540977349	33	0	188	41	0	23
1786947371.660762786	33	0	188	41	0	23
1786947371.786356578	33	0	188	41	2304	23
1786947371.910171562	33	0	188	41	0	23
1786947372.030091889	33	0	188	41	0	23
1786947372.154366435	33	0	188	41	0	23
1786947372.274419791	33	0	188	41	0	23
1786947372.401164725	33	0	188	41	0	23
1786947372.521001631	33	0	188	41	0	23
1786947372.644409779	33	0	188	41	0	23
1786947372.768473208	33	0	188	41	0	23
1786947372.888610546	33	0	188	41	0	23
1786947373.008694052	33	0	188	41	0	23
1786947373.128300677	33	0	188	41	0	23
1786947373.248245789	33	0	188	41	0	23
1786947373.367836768	33	0	188	41	0	23
1786947373.487893035	33	0	188	41	0	23
1786947373.607616057	33	0	188	41	0	23
1786947373.727699100	33	0	188	41	0	23
1786947373.848007705	33	0	188	41	0	23
1786947373.976204693	33	0	188	41	0	23
1786947374.100678252	33	0	188	41	0	23
1786947374.224435648	33	0	188	41	0	23
1786947374.347226273	33	0	188	41	0	23
1786947374.467257673	33	0	188	41	0	23
1786947374.591401989	33	0	188	41	0	23
1786947374.711229528	33	0	188	41	0	23
1786947374.835507226	33	0	188	41	0	23
1786947374.958859585	33	0	188	41	0	23
1786947375.082530912	33	0	188	41	0	23
1786947375.202701674	33	0	188	41	0	23
1786947375.322958427	33	0	188	41	0	23
1786947375.453653775	33	0	188	41	0	23
1786947375.573739431	33	0	188	41	0	23
1786947375.693604338	33	0	188	41	0	23
1786947375.813548128	33	0	188	41	0	23
1786947375.934228140	33	0	188	41	0	23
1786947376.054571173	33	0	188	41	0	23
1786947376.174640572	33	0	188	41	0	23
1786947376.294615127	33	0	188	41	0	23
1786947376.414551945	33	0	188	41	0	23
1786947376.534590218	33	0	188	41	0	23
1786947376.654416355	33	0	188	41	0	23
1786947376.774232167	33	0	188	41	0	23
1786947376.894266216	33	0	188	41	0	23
1786947377.014607989	33	0	188	41	0	23
1786947377.134636650	33	0	188	41	0	23
1786947377.257519701	33	0	188	41	0	23
1786947377.384772463	33	2304	188	41	0	23
1786947377.505561316	33	0	188	41	0	23
1786947377.628958836	33	0	188	41	0	23
1786947377.752087573	33	0	188	41	0	23
1786947377.878251892	33	0	188	41	0	23
1786947378.006165142	33	0	188	41	0	23
1786947378.126128323	33	0	188	41	0	23
1786947378.249621465	33	0	188	41	0	23
1786947378.375603379	33	0	188	41	0	23
1786947378.495526775	33	0	188	41	0	23
1786947378.616666912	33	0	188	41	0	23
1786947378.736684240	33	0	188	41	0	23
1786947378.861000761	33	0	188	41	0	23
1786947378.983837012	33	0	188	41	0	23
1786947379.107572029	33	0	188	41	0	23
1786947379.227545502	33	0	188	41	0	23
1786947379.347658690	33	0	188	41	0	23
1786947379.467486903	33	0	188	41	0	23
1786947379.587447089	33	0	188	41	0	23
1786947379.710804905	33	0	188	41	0	23
1786947379.833831219	33	0	188	41	0	23
1786947379.953382038	33	0	188	41	0	23
1786947380.082128871	33	0	188	41	0	23
1786947380.207878003	33	0	188	41	0	23
1786947380.336075565	33	0	188	41	0	23
1786947380.455440972	33	0	188	41	0	23
1786947380.574662916	33	0	188	41	0	23
1786947380.694653247	33	0	188	41	0	23
1786947380.814768278	33	0	188	41	0	23
1786947380.934835011	33	0	188	41	0	23
1786947381.055994809	33	0	188	41	0	23
1786947381.176019582	33	0	188	41	0	23
1786947381.307716296	33	0	188	41	0	23
1786947381.439159230	33	0	188	41	0	23
1786947381.559322603	33	0	188	41	0	23
1786947381.679351305	33	0	188	41	0	23
1786947381.799649889	33	0	188	41	0	23
1786947381.919696523	33	0	188	41	0	23
1786947382.039811634	33	0	188	41	0	23
1786947382.163660776	33	0	188	41	0	23
1786947382.282832252	33	0	188	41	0	23
1786947382.405942234	33	0	188	41	0	23
1786947382.525936195	33	0	188	41	0	23
1786947382.646032401	33	0	188	41	0	23
1786947382.766270707	33	0	188	41	0	23
1786947382.889971191	33	0	188	41	0	23
1786947383.010104448	33	0	188	41	0	23
1786947383.141764757	33	0	188	41	0	23
1786947383.266354551	33	0	188	41	0	23
1786947383.386402976	33	0	188	41	0	23
1786947383.516429056	33	0	188	41	0	23
1786947383.636218726	33	0	188	41	0	23
1786947383.756484935	33	0	188	41	0	23
1786947383.879834408	33	0	188	41	0	23
1786947384.003608934	33	0	188	41	0	23
1786947384.130142337	33	0	188	41	0	23
1786947384.249646817	33	0	188	41	0	23
1786947384.369682211	33	0	188	41	0	23
1786947384.493028287	33	0	188	41	0	23
1786947384.612825158	33	0	188	41	0	23
1786947384.736630180	33	0	188	41	0	23
1786947384.860796151	33	0	188	41	0	23
1786947384.980356389	33	0	188	41	0	23
1786947385.107789024	33	0	188	41	0	23
1786947385.242600443	33	0	188	41	0	23
1786947385.362499320	33	0	188	41	0	23
1786947385.489437272	33	0	188	41	0	23
1786947385.613104957	33	0	188	41	0	23
1786947385.733298702	33	0	188	41	0	23
1786947385.854066864	33	0	188	41	0	23
1786947385.974252504	33	0	188	41	0	23
1786947386.094413468	33	0	188	41	0	23
1786947386.214230474	33	0	188	41	0	23
1786947386.334209505	33	0	188	41	0	23
1786947386.453999504	33	0	188	41	0	23
1786947386.574148031	33	0	188	41	0	23
1786947386.701442053	33	0	188	41	0	23
1786947386.821084799	33	0	188	41	0	23
1786947386.947221334	33	0	188	41	0	23
1786947387.071768569	33	0	188	41	0	23
1786947387.202939242	33	0	188	41	0	23
1786947387.322583392	33	0	188	41	0	23
1786947387.442380585	33	0	188	41	0	23
1786947387.562377386	33	0	188	41	0	23
1786947387.685630683	33	0	188	41	0	23
1786947387.805219804	33	0	188	41	0	23
1786947387.925327907	33	0	188	41	0	23
1786947388.045404952	33	0	188	41	0	23
1786947388.165356216	33	0	188	41	0	23
1786947388.289196664	33	0	188	41	0	23
1786947388.412638882	33	0	188	41	0	23
1786947388.536351743	33	0	188	41	0	23
1786947388.656288367	33	0	188	41	0	23
1786947388.776181549	33	0	188	41	0	23
1786947388.896197409	33	0	188	41	0	23
1786947389.016295280	33	0	188	41	2304	23
1786947389.136487017	33	0	188	41	0	23
1786947389.256494755	33	0	188	41	0	23
1786947389.376591381	33	0	188	41	0	23
1786947389.500329692	33	0	188	41	0	23
1786947389.619424406	33	0	188	41	0	23
1786947389.742279909	33	0	188	41	0	23
1786947389.862572776	33	0	188	41	0	23
1786947389.982664127	33	0	188	41	0	23
1786947390.106423277	33	0	188	41	0	23
1786947390.226913955	33	0	188	41	0	23
1786947390.350427829	33	0	188	41	0	23
1786947390.470208909	33	0	188	41	0	23
1786947390.597397613	33	0	188	41	0	23
1786947390.717475442	33	0	188	41	0	23
1786947390.837593710	33	0	188	41	0	23
1786947390.957569879	33	0	188	41	0	23
1786947391.077244397	33	0	188	41	0	23
1786947391.200144881	33	0	188	41	0	23
1786947391.326235079	33	0	188	41	0	23
1786947391.446359600	33	0	188	41	0	23
1786947391.566259635	33	0	188	41	0	23
1786947391.689661409	33	0	188	41	0	23
1786947391.809416523	33	0	188	41	0	23
1786947391.929161443	33	0	188	41	0	23
1786947392.049196731	33	0	188	41	0	23
1786947392.172942625	33	0	188	41	0	23
1786947392.292428181	33	0	188	41	0	23
1786947392.412351037	33	0	188	41	0	23
1786947392.532380574	33	0	188	41	0	23
1786947392.656265578	33	0	188	41	0	23
1786947392.775723471	33	0	188	41	0	23
1786947392.899375609	33	0	188	41	0	23
1786947393.019434792	33	0	188	41	0	23
1786947393.139523561	33	0	188	41	0	23
1786947393.259057263	33	0	188	41	0	23
1786947393.386511674	33	0	188	41	0	23
1786947393.510174948	33	0	188	41	0	23
1786947393.630078765	33	0	188	41	0	23
1786947393.749786902	33	0	188	41	0	23
1786947393.873587279	33	0	188	41	0	23
1786947393.998978314	33	0	188	41	0	23
1786947394.119558783	33	0	188	41	0	23
1786947394.239602940	33	0	188	41	0	23
1786947394.358720087	33	0	188	41	0	23
1786947394.482440685	33	0	188	41	0	23
1786947394.606480617	33	0	188	41	0	23
1786947394.746328238	33	0	188	41	0	23
1786947394.874470730	33	0	188	41	0	23
1786947394.994478089	33	0	188	41	0	23
1786947395.114798571	33	0	188	41	0	23
1786947395.248476376	33	0	188	41	0	23
1786947395.372961962	33	0	188	41	0	23
1786947395.500897477	33	0	188	41	0	23
1786947395.620501161	33	0	188	41	0	23
1786947395.742097594	33	0	188	41	0	23
1786947395.865498007	33	0	188	41	0	23
1786947395.985780125	33	0	188	41	0	23
1786947396.105963448	33	0	188	41	0	23
1786947396.230407058	33	0	188	41	0	23
1786947396.349795865	33	0	188	41	0	23
1786947396.469770828	33	0	188	41	0	23
1786947396.589510281	33	0	188	41	0	23
1786947396.709169949	33	0	188	41	0	23
1786947396.829074546	33	0	188	41	0	23
1786947396.948992875	33	0	188	41	0	23
1786947397.069005136	33	0	188	41	0	23
1786947397.193191583	33	0	188	41	0	23
1786947397.317072391	33	0	188	41	0	23
1786947397.440698405	33	0	188	41	0	23
1786947397.564881185	33	0	188	41	0	23
1786947397.685147006	33	0	188	41	0	23
1786947397.805107210	33	0	188	41	0	23
1786947397.924997752	33	0	188	41	0	23
1786947398.049000073	33	0	188	41	0	23
1786947398.168945378	33	0	188	41	0	23
1786947398.289093398	33	0	188	41	0	23
1786947398.408290625	33	0	188	41	0	23
1786947398.528183701	33	0	188	41	0	23
1786947398.647835689	33	0	188	41	0	23
1786947398.767725855	33	0	188	41	0	23
1786947398.887080706	33	0	188	41	0	23
1786947399.011245745	33	0	188	41	0	23
1786947399.131239491	33	0	188	41	0	23
1786947399.251225470	33	0	188	41	0	23
1786947399.371226116	33	0	188	41	0	23
1786947399.491228739	33	0	188	41	0	23
1786947399.611283848	33	0	188	41	0	23
1786947399.731092188	33	0	188	41	0	23
1786947399.855168578	33	0	188	41	0	23
1786947399.979394015	33	0	188	41	0	23
1786947400.099394345	33	0	188	41	0	23
1786947400.222984484	33	0	188	41	0	23
1786947400.342942754	33	0	188	41	0	23
1786947400.474243763	33	0	188	41	0	23
1786947400.594075508	33	0	188	41	0	23
1786947400.718046609	33	0	188	41	0	23
1786947400.837934692	33	0	188	41	0	23
1786947400.958036520	33	0	188	41	0	23
1786947401.077997193	33	0	188	41	0	23
1786947401.197939090	33	0	188	41	0	23
1786947401.321984447	33	0	188	41	0	23
1786947401.445711303	33	0	188	41	0	23
1786947401.565921475	33	0	188	41	0	23
1786947401.685950429	33	0	188	41	0	23
1786947401.810447893	33	0	188	41	0	23
1786947401.933133293	33	0	188	41	0	23
1786947402.053081568	33	0	188	41	0	23
1786947402.172343596	33	0	188	41	0	23
1786947402.296376012	33	0	188	41	0	23
1786947402.417292824	33	0	188	41	0	23
1786947402.537032930	33	0	188	41	0	23
1786947402.657116973	33	0	188	41	0	23
1786947402.777277610	33	0	188	41	0	23
1786947402.909273795	33	0	188	41	0	23
1786947403.029358268	33	0	188	41	0	23
1786947403.149496592	33	0	188	41	0	23
1786947403.273879989	33	0	188	41	0	23
1786947403.393404400	33	0	188	41	0	23
1786947403.513263722	33	0	188	41	0	23
1786947403.633235598	33	0	188	41	0	23
1786947403.753315258	33	0	188	41	0	23
1786947403.873604811	33	0	188	41	0	23
1786947403.995317684	33	0	188	41	0	23
1786947404.116747007	33	0	188	41	0	23
1786947404.237683991	33	0	188	41	0	23
1786947404.361108628	33	0	188	41	0	23
1786947404.485106581	33	0	188	41	0	23
1786947404.604730279	33	0	188	41	0	23
1786947404.726964842	33	0	188	41	0	23
1786947404.846839798	33	0	188	41	0	23
1786947404.973972485	33	0	188	41	0	23
1786947405.101455984	33	0	188	41	0	23
1786947405.229387379	33	0	188	41	0	23
1786947405.348889264	33	0	188	41	0	23
1786947405.468175019	33	0	188	41	0	23
1786947405.592004049	33	0	188	41	0	23
1786947405.712016543	33	0	188	41	0	23
1786947405.834861992	33	0	188	41	0	23
1786947405.958992947	33	0	188	41	0	23
1786947406.082312372	33	0	188	41	0	23
1786947406.201896513	33	0	188	41	0	23
1786947406.320902687	33	0	188	41	0	23
1786947406.440332902	33	0	188	41	0	23
1786947406.559832929	33	0	188	41	0	23
1786947406.679192147	33	0	188	41	0	23
1786947406.803105478	33	0	188	41	0	23
1786947406.922993301	33	0	188	41	0	23
1786947407.046685504	33	0	188	41	0	23
1786947407.166547875	33	0	188	41	0	23
1786947407.285758844	33	0	188	41	0	23
1786947407.405415175	33	0	188	41	0	23
1786947407.530127448	33	0	188	41	0	23
1786947407.659501353	33	0	188	41	0	23
1786947407.779164688	33	0	188	41	0	23
1786947407.907817932	33	0	188	41	0	23
1786947408.027696497	33	0	188	41	0	23
1786947408.147424934	33	0	188	41	0	23
1786947408.266570319	33	2304	188	41	0	23
1786947408.386158053	33	0	188	41	0	23
1786947408.505884022	33	0	188	41	0	23
1786947408.625709951	33	0	188	41	0	23
1786947408.745798217	33	0	188	41	0	23
1786947408.869578928	33	0	188	41	0	23
1786947408.991067696	33	0	188	41	0	23
1786947409.110978096	33	0	188	41	0	23
1786947409.231021689	33	0	188	41	0	23
1786947409.350609174	33	0	188	41	0	23
1786947409.479973322	33	0	188	41	0	23
1786947409.610475920	33	0	188	41	0	23
1786947409.737109621	33	0	188	41	0	23
1786947409.856975316	33	0	188	41	0	23
1786947409.976550037	33	0	188	41	0	23
1786947410.104157346	33	0	188	41	0	23
1786947410.227104440	33	0	188	41	0	23
1786947410.354210299	33	0	188	41	0	23
1786947410.476781937	33	0	188	41	0	23
1786947410.596647852	33	0	188	41	0	23
1786947410.737624255	33	0	188	41	0	23
1786947410.860781380	33	0	188	41	0	23
1786947410.980457689	33	0	188	41	0	23
1786947411.100150496	33	0	188	41	0	23
1786947411.226390200	33	0	188	41	0	23
1786947411.353108860	33	0	188	41	0	23
1786947411.472771612	33	0	188	41	0	23
1786947411.592535958	33	0	188	41	0	23
1786947411.712206142	33	0	188	41	0	23
1786947411.835044247	33	0	188	41	0	23
1786947411.958636318	33	0	188	41	0	23
1786947412.081501570	33	0	188	41	0	23
1786947412.204477927	33	0	188	41	0	23
1786947412.325439302	33	0	188	41	0	23
1786947412.445027714	33	0	188	41	0	23
1786947412.564662832	33	0	188	41	0	23
1786947412.684443557	33	0	188	41	0	23
1786947412.815103487	33	0	188	41	2304	23
1786947412.934869351	33	0	188	41	0	23
1786947413.061359402	33	0	188	41	0	23
1786947413.184815313	33	0	188	41	0	23
1786947413.310891369	33	0	188	41	0	23
1786947413.440620247	33	0	188	41	0	23
1786947413.563852748	33	0	188	41	0	23
1786947413.683988503	33	0	188	41	0	23
1786947413.806792448	33	0	188	41	0	23
1786947413.926029184	33	0	188	41	0	23
1786947414.045873330	33	0	188	41	0	23
1786947414.172310704	33	0	188	41	0	23
1786947414.292036368	33	0	188	41	0	23
1786947414.423242753	33	0	188	41	0	23
1786947414.546217378	33	0	188	41	0	23
1786947414.671983232	33	0	188	41	0	23
1786947414.799526510	33	0	188	41	0	23
1786947414.922137865	33	0	188	41	0	23
1786947415.041901503	33	0	188	41	0	23
1786947415.165941190	33	0	188	41	0	23
1786947415.289239589	33	0	188	41	0	23
1786947415.408480666	33	0	188	41	0	23
1786947415.527948915	33	0	188	41	0	23
1786947415.671040417	33	0	188	41	0	23
1786947415.797900829	33	0	188	41	0	23
1786947415.932200751	33	0	188	41	0	23
1786947416.052071708	33	0	188	41	0	23
1786947416.171907349	33	0	188	41	0	23
1786947416.294669958	33	0	188	41	0	23
1786947416.417863074	33	0	188	41	0	23
1786947416.548460397	33	0	188	41	0	23
1786947416.674777918	33	0	188	41	0	23
1786947416.794077104	33	0	188	41	0	23
1786947416.914072303	33	0	188	41	0	23
1786947417.034119705	33	0	188	41	0	23
1786947417.164177135	33	0	188	41	0	23
1786947417.294706190	33	0	188	41	0	23
1786947417.414261097	33	0	188	41	0	23
1786947417.533935453	33	0	188	41	0	23
1786947417.653715497	33	0	188	41	0	23
1786947417.773612412	33	0	188	41	0	23
1786947417.900806185	33	0	188	41	0	23
1786947418.028531288	33	0	188	41	0	23
1786947418.151038453	33	0	188	41	0	23
1786947418.270680845	33	0	188	41	0	23
1786947418.405236513	33	0	188	41	0	23
1786947418.524950080	33	0	188	41	0	23
1786947418.644727529	33	0	188	41	2304	23
1786947418.771568322	33	0	188	41	0	23
1786947418.891464019	33	0	188	41	2304	23
1786947419.011002513	33	0	188	41	0	23
1786947419.130890210	33	0	188	41	0	23
1786947419.254896368	33	0	188	41	0	23
1786947419.389611219	33	0	188	41	0	23
1786947419.509224782	33	0	188	41	0	23
1786947419.628140304	33	0	188	41	0	23
1786947419.755409722	33	0	188	41	0	23
1786947419.884811663	33	0	188	41	0	23
1786947420.011831337	33	0	188	41	0	23
1786947420.131529877	33	0	188	41	0	23
1786947420.251705617	33	0	188	41	0	23
1786947420.382263420	33	0	188	41	0	23
1786947420.501869588	33	0	188	41	0	23
1786947420.621575990	33	0	188	41	0	23
1786947420.741228775	33	0	188	41	0	23
1786947420.861090916	33	0	188	41	0	23
1786947420.987722668	33	0	188	41	0	23
1786947421.107747538	33	0	188	41	0	23
1786947421.234665183	33	0	188	41	0	23
1786947421.354061297	33	0	188	41	0	23
1786947421.473783024	33	0	188	41	0	23
1786947421.593202698	33	0	188	41	0	23
1786947421.712840323	33	0	188	41	0	23
1786947421.836607366	33	0	188	41	0	23
1786947421.963177985	33	0	188	41	0	23
1786947422.082949726	33	0	188	41	0	23
1786947422.206114784	33	0	188	41	0	23
1786947422.326310399	33	0	188	41	0	23
1786947422.453378011	33	0	188	41	0	23
1786947422.576798520	33	0	188	41	0	23
1786947422.696350597	33	0	188	41	0	23
1786947422.816354028	33	2304	188	41	0	23
1786947422.936263774	33	0	188	41	0	23
1786947423.055982558	33	0	188	41	0	23
1786947423.175223392	33	0	188	41	0	23
1786947423.298665272	33	0	188	41	0	23
1786947423.417699589	33	0	188	41	0	23
1786947423.537434787	33	0	188	41	0	23
1786947423.657273223	33	0	188	41	0	23
1786947423.780445480	33	0	188	41	0	23
1786947423.900009663	33	0	188	41	0	23
1786947424.019697407	33	0	188	41	0	23
1786947424.139455475	33	0	188	41	0	23
1786947424.266587611	33	0	188	41	0	23
1786947424.390320373	33	0	188	41	0	23
1786947424.509866565	33	0	188	41	0	23
1786947424.629660595	33	0	188	41	0	23
1786947424.748614117	33	0	188	41	0	23
1786947424.867651132	33	0	188	41	0	23
1786947424.990626407	33	0	188	41	0	23
1786947425.121596680	33	0	188	41	0	23
1786947425.241371672	33	0	188	41	0	23
1786947425.360964742	33	0	188	41	0	23
1786947425.484182495	33	0	188	41	0	23
1786947425.603182017	33	0	188	41	0	23
1786947425.722851764	33	0	188	41	0	23
1786947425.842648116	33	0	188	41	0	23
1786947425.966171929	33	0	188	41	0	23
1786947426.088125002	33	2304	188	41	0	23
1786947426.207890350	33	2304	188	41	0	23
1786947426.327670722	33	0	188	41	0	23
1786947426.451275691	33	0	188	41	0	23
1786947426.573774898	33	0	188	41	0	23
1786947426.693423898	33	0	188	41	0	23
1786947426.817257903	33	0	188	41	0	23
1786947426.948019901	33	0	188	41	0	23
1786947427.067637721	33	0	188	41	0	23
1786947427.193916194	33	0	188	41	0	23
1786947427.325762585	33	0	188	41	0	23
1786947427.445098341	33	0	188	41	0	23
1786947427.564562701	33	0	188	41	0	23
1786947427.684266672	33	0	188	41	0	23
1786947427.807931574	33	0	188	41	0	23
1786947427.931501848	33	0	188	41	0	23
1786947428.051143856	33	0	188	41	0	23
1786947428.171102933	33	2304	188	41	0	23
1786947428.294548952	33	0	188	41	0	23
1786947428.418178037	33	0	188	41	0	23
1786947428.537730701	33	0	188	41	0	23
1786947428.661382474	33	0	188	41	0	23
1786947428.784729153	33	0	188	41	0	23
1786947428.905229174	33	0	188	41	0	23
1786947429.025080172	33	0	188	41	0	23
1786947429.148698850	33	0	188	41	0	23
1786947429.268246733	33	0	188	41	0	23
1786947429.387866244	33	0	188	41	0	23
1786947429.515484429	33	0	188	41	0	23
1786947429.639105364	33	0	188	41	0	23
1786947429.758016852	33	0	188	41	0	23
1786947429.877001237	33	0	188	41	0	23
1786947429.996920778	33	0	188	41	0	23
1786947430.120346050	33	0	188	41	0	23
1786947430.247164868	33	0	188	41	0	23
1786947430.366964608	33	0	188	41	0	23
1786947430.489593438	33	0	188	41	0	23
1786947430.612018666	33	0	188	41	0	23
1786947430.731872784	33	0	188	41	0	23
1786947430.851560732	33	0	188	41	0	23
1786947430.971387041	33	0	188	41	0	23
1786947431.094870636	33	0	188	41	0	23
1786947431.214536502	33	0	188	41	0	23
1786947431.333851391	33	0	188	41	0	23
1786947431.453586320	33	0	188	41	0	23
1786947431.573396710	33	0	188	41	0	23
1786947431.693676899	33	0	188	41	0	23
1786947431.813725836	33	0	188	41	0	23
1786947431.933810479	33	0	188	41	0	23
1786947432.053544298	33	0	188	41	0	23
1786947432.180890014	33	0	188	41	0	23
1786947432.317291202	33	0	188	41	0	23
1786947432.444060588	33	0	188	41	0	23
1786947432.567084319	33	0	188	41	0	23
1786947432.694477708	33	0	188	41	0	23
1786947432.818366880	33	0	188	41	0	23
1786947432.937617553	33	0	188	41	0	23
1786947433.065557419	33	0	188	41	0	23
1786947433.184786890	33	0	188	41	0	23
1786947433.308675809	33	0	188	41	0	23
1786947433.428395433	33	0	188	41	0	23
1786947433.550409488	33	0	188	41	0	23
1786947433.669841738	33	0	188	41	0	23
1786947433.793472120	33	0	188	41	0	23
1786947433.913546270	33	0	188	41	0	23
1786947434.033012063	33	0	188	41	0	23
1786947434.153411625	33	0	188	41	0	23
1786947434.277569538	33	0	188	41	0	23
1786947434.396911913	33	0	188	41	0	23
1786947434.516437726	33	0	188	41	0	23
1786947434.635997830	33	0	188	41	0	23
1786947434.755650176	33	0	188	41	0	23
1786947434.875602673	33	0	188	41	0	23
1786947434.995423574	33	0	188	41	0	23
1786947435.115517397	33	0	188	41	0	23
1786947435.239612237	33	0	188	41	0	23
1786947435.358887516	33	0	188	41	0	23
1786947435.478059916	33	0	188	41	0	23
1786947435.598866474	33	0	188	41	0	23
1786947435.718511056	33	0	188	41	0	23
1786947435.841685504	33	0	188	41	0	23
1786947435.961685239	33	0	188	41	0	23
1786947436.085532760	33	0	188	41	0	23
1786947436.204893930	33	0	188	41	0	23
1786947436.324608775	33	0	188	41	0	23
1786947436.443866716	33	0	188	41	0	23
1786947436.563738825	33	0	188	41	0	23
1786947436.687977859	33	0	188	41	0	23
1786947436.807788006	33	0	188	41	0	23
1786947436.931550327	33	0	188	41	0	23
1786947437.058480896	33	0	188	41	0	23
1786947437.179076040	33	0	188	41	0	23
1786947437.299770728	33	0	188	41	0	23
1786947437.419416576	33	0	188	41	0	23
1786947437.538901488	33	0	188	41	0	23
1786947437.658575857	33	0	188	41	0	23
1786947437.778246817	33	0	188	41	0	23
1786947437.898046173	33	0	188	41	0	23
1786947438.018144896	33	0	188	41	0	23
1786947438.141502503	33	0	188	41	0	23
1786947438.260910062	33	0	188	41	0	23
1786947438.381882012	33	0	188	41	0	23
1786947438.502717928	33	0	188	41	0	23
1786947438.626734447	33	0	188	41	0	23
1786947438.745532861	33	0	188	41	0	23
1786947438.865535300	33	0	188	41	0	23
1786947438.985351042	33	0	188	41	0	23
1786947439.105149809	33	0	188	41	0	23
1786947439.225092430	33	0	188	41	2304	23
1786947439.344982979	33	0	188	41	0	23
1786947439.467742720	33	0	188	41	0	23
1786947439.586633824	33	0	188	41	0	23
1786947439.706281691	33	0	188	41	0	23
1786947439.837504745	33	0	188	41	0	23
1786947439.956586533	33	0	188	41	0	23
1786947440.076726585	33	0	188	41	0	23
1786947440.196243744	33	0	188	41	0	23
1786947440.316095968	33	0	188	41	0	23
1786947440.442054579	33	0	188	41	0	23
1786947440.561702215	33	0	188	41	0	23
1786947440.685498156	33	0	188	41	0	23
1786947440.818568986	33	0	188	41	0	23
1786947440.945140883	33	0	188	41	0	23
1786947441.068352581	33	0	188	41	0	23
1786947441.197855904	33	0	188	41	2304	23
1786947441.317544178	33	0	188	41	0	23
1786947441.437415005	33	0	188	41	0	23
1786947441.557192012	33	0	188	41	0	23
1786947441.676862927	33	0	188	41	0	23
1786947441.796495470	33	0	188	41	0	23
1786947441.916086814	33	0	188	41	0	23
1786947442.035926989	33	0	188	41	0	23
1786947442.155810695	33	0	188	41	0	23
1786947442.283301688	33	0	188	41	0	23
1786947442.407049154	33	0	188	41	0	23
1786947442.537243369	33	0	188	41	0	23
1786947442.678252665	33	0	188	41	0	23
1786947442.799017914	33	0	188	41	0	23
1786947442.920446689	33	0	188	41	0	23
1786947443.039768128	33	0	188	41	0	23
1786947443.165060930	33	0	188	41	0	23
1786947443.296333763	33	0	188	41	0	23
1786947443.419161932	33	0	188	41	2304	23
1786947443.545827023	33	0	188	41	0	23
1786947443.672797356	33	0	188	41	0	23
1786947443.799428306	33	0	188	41	0	23
1786947443.926939353	33	0	188	41	0	23
1786947444.052690621	33	0	188	41	0	23
1786947444.175464777	33	0	188	41	0	23
1786947444.309179435	33	0	188	41	0	23
1786947444.428941025	33	0	188	41	0	23
1786947444.551089309	33	0	188	41	0	23
1786947444.670647306	33	0	188	41	0	23
1786947444.790341027	33	0	188	41	0	23
1786947444.914183344	33	0	188	41	0	23
1786947445.033647863	33	0	188	41	0	23
1786947445.153515696	33	0	188	41	0	23
1786947445.276983446	33	0	188	41	0	23
1786947445.415619673	33	0	188	41	0	23
1786947445.535276621	33	0	188	41	0	23
1786947445.655023657	33	0	188	41	0	23
1786947445.773985308	33	0	188	41	0	23
1786947445.893743043	33	0	188	41	0	23
1786947446.016322153	33	0	188	41	0	23
1786947446.146494260	33	0	188	41	0	23
1786947446.266385214	33	0	188	41	0	23
1786947446.396947252	33	0	188	41	0	23
1786947446.516700625	33	0	188	41	0	23
1786947446.636366417	33	0	188	41	0	23
1786947446.759354609	33	0	188	41	0	23
1786947446.886637262	33	0	188	41	0	23
1786947447.016992008	33	0	188	41	0	23
1786947447.136797360	33	0	188	41	0	23
1786947447.259737880	33	0	188	41	0	23
1786947447.379088970	33	0	188	41	0	23
1786947447.506071610	33	0	188	41	0	23
1786947447.625981050	33	0	188	41	0	23
1786947447.745451874	33	0	188	41	0	23
1786947447.867848210	33	0	188	41	0	23
1786947447.987462558	33	0	188	41	0	23
1786947448.106891909	33	0	188	41	0	23
1786947448.229982678	33	0	188	41	0	23
1786947448.361021040	33	0	188	41	0	23
1786947448.480085293	33	0	188	41	0	23
1786947448.599770879	33	0	188	41	0	23
1786947448.723277812	33	0	188	41	0	23
1786947448.843161997	33	0	188	41	0	23
1786947448.967500107	33	0	188	41	0	23
1786947449.090918343	33	0	188	41	0	23
1786947449.220341436	33	0	188	41	0	23
1786947449.339950468	33	0	188	41	0	23
1786947449.459736939	33	0	188	41	0	23
1786947449.582950007	33	0	188	41	0	23
1786947449.705981507	33	0	188	41	0	23
1786947449.825825118	33	0	188	41	0	23
1786947449.949626435	33	0	188	41	0	23
1786947450.068869356	33	0	188	41	0	23
1786947450.188556801	33	0	188	41	0	23
1786947450.307683010	33	0	188	41	0	23
1786947450.435045363	33	0	188	41	0	23
1786947450.554725691	33	0	188	41	0	23
1786947450.673918309	33	0	188	41	0	23
1786947450.793483229	33	0	188	41	0	23
1786947450.913168973	33	0	188	41	0	23
1786947451.036565487	33	0	188	41	0	23
1786947451.164162801	33	0	188	41	0	23
1786947451.284576541	33	0	188	41	0	23
1786947451.404396710	33	0	188	41	0	23
1786947451.531703288	33	0	188	41	0	23
1786947451.651243865	33	0	188	41	0	23
1786947451.770885301	33	0	188	41	0	23
1786947451.890499940	33	0	188	41	0	23
1786947452.009945641	33	0	188	41	0	23
1786947452.133416595	33	0	188	41	0	23
1786947452.253137519	33	0	188	41	0	23
1786947452.372885361	33	0	188	41	0	23
1786947452.500161409	33	0	188	41	0	23
1786947452.619196426	33	0	188	41	0	23
1786947452.738849257	33	0	188	41	0	23
1786947452.858344948	33	0	188	41	0	23
1786947452.982638869	33	0	188	41	0	23
1786947453.109639562	33	0	188	41	0	23
1786947453.228670439	33	0	188	41	0	23
1786947453.359265341	33	0	188	41	0	23
1786947453.482906163	33	0	188	41	0	23
1786947453.602733061	33	0	188	41	0	23
1786947453.726279852	33	0	188	41	0	23
1786947453.849724479	33	0	188	41	0	23
1786947453.969455471	33	0	188	41	0	23
1786947454.089325041	33	0	188	41	0	23
1786947454.209189192	33	0	188	41	0	23
1786947454.335894291	33	0	188	41	0	23
1786947454.455636740	33	0	188	41	0	23
1786947454.575419680	33	0	188	41	0	23
1786947454.714865413	33	0	188	41	0	23
1786947454.834465942	33	0	188	41	0	23
1786947454.954072423	33	0	188	41	0	23
1786947455.073640801	33	0	188	41	0	23
1786947455.200632917	33	0	188	41	0	23
1786947455.324653725	33	0	188	41	0	23
1786947455.446770415	33	0	188	41	0	23
1786947455.570354803	33	0	188	41	0	23
1786947455.692272233	33	0	188	41	0	23
1786947455.815690993	33	0	188	41	0	23
1786947455.935449485	33	0	188	41	0	23
1786947456.055097475	33	0	188	41	0	23
1786947456.178922644	33	0	188	41	0	23
1786947456.298479006	33	0	188	41	0	23
1786947456.418954904	33	0	188	41	0	23
1786947456.542633335	33	0	188	41	0	23
1786947456.662306520	33	0	188	41	0	23
1786947456.782053728	33	0	188	41	0	23
1786947456.913785072	33	0	188	41	0	23
1786947457.041590919	33	0	188	41	0	23
1786947457.161311759	33	0	188	41	0	23
1786947457.284467970	33	0	188	41	0	23
1786947457.403606739	33	0	188	41	0	23
1786947457.523264291	33	0	188	41	0	23
1786947457.643165453	33	0	188	41	0	23
1786947457.762901907	33	0	188	41	0	23
1786947457.886834050	33	0	188	41	0	23
1786947458.006453002	33	0	188	41	0	23
1786947458.126144345	33	0	188	41	0	23
1786947458.245531000	33	0	188	41	0	23
1786947458.364838484	33	0	188	41	0	23
1786947458.488388712	33	0	188	41	0	23
1786947458.608374103	33	0	188	41	0	23
1786947458.728170000	33	0	188	41	0	23
1786947458.848026914	33	0	188	41	0	23
1786947458.967900311	33	0	188	41	0	23
1786947459.087475066	33	0	188	41	0	23
1786947459.207202924	33	0	188	41	0	23
1786947459.326678278	33	0	188	41	0	23
1786947459.455754196	33	0	188	41	0	23
1786947459.575519731	33	0	188	41	0	23
1786947459.699157275	33	0	188	41	0	23
1786947459.822774400	33	0	188	41	0	23
1786947459.945679871	33	0	188	41	0	23
1786947460.065574767	33	0	188	41	0	23
1786947460.189606361	33	0	188	41	0	23
1786947460.311683635	33	0	188	41	0	23
1786947460.439027197	33	0	188	41	0	23
1786947460.558435227	33	0	188	41	0	23
1786947460.688118638	33	0	188	41	0	23
1786947460.806987907	33	0	188	41	0	23
1786947460.927279394	33	0	188	41	0	23
1786947461.046984579	33	0	188	41	0	23
1786947461.166716467	33	0	188	41	0	23
1786947461.286535352	33	0	188	41	0	23
1786947461.406310880	33	0	188	41	0	23
1786947461.526097438	33	0	188	41	0	23
1786947461.650088254	33	0	188	41	0	23
1786947461.777599137	33	0	188	41	0	23
1786947461.900415148	33	0	188	41	0	23
1786947462.028304913	33	0	188	41	0	23
1786947462.147941642	33	0	188	41	0	23
1786947462.267533034	33	0	188	41	0	23
1786947462.387410249	33	0	188	41	0	23
1786947462.507297109	33	0	188	41	0	23
1786947462.627188248	33	0	188	41	0	23
1786947462.748454735	33	0	188	41	0	23
1786947462.868209502	33	0	188	41	0	23
1786947462.988086674	33	0	188	41	2304	23
1786947463.108048275	33	0	188	41	0	23
1786947463.230922219	33	0	188	41	0	23
1786947463.354904755	33	0	188	41	0	23
1786947463.478269224	33	0	188	41	0	23
1786947463.598386604	33	0	188	41	0	23
1786947463.717992880	33	0	188	41	0	23
1786947463.844226957	33	0	188	41	0	23
1786947463.963849661	33	0	188	41	0	23
1786947464.086904141	33	0	188	41	0	23
1786947464.206506388	33	0	188	41	0	23
1786947464.334170859	33	0	188	41	0	23
1786947464.461691254	33	0	188	41	0	23
1786947464.581475097	33	0	188	41	0	23
1786947464.700636530	33	0	188	41	0	23
1786947464.824740988	33	0	188	41	0	23
1786947464.948621625	33	0	188	41	0	23
1786947465.068534836	33	0	188	41	0	23
1786947465.192100583	33	0	188	41	0	23
1786947465.311680837	33	0	188	41	0	23
1786947465.434914242	33	0	188	41	0	23
1786947465.557439812	33	0	188	41	0	23
1786947465.680736037	33	0	188	41	0	23
1786947465.803639373	33	0	188	41	0	23
1786947465.923175785	33	0	188	41	0	23
1786947466.043520990	33	0	188	41	0	23
1786947466.162891946	33	0	188	41	0	23
1786947466.282861231	33	0	188	41	0	23
1786947466.402602812	33	0	188	41	0	23
1786947466.526371656	33	0	188	41	0	23
1786947466.646469952	33	0	188	41	0	23
1786947466.766583530	33	0	188	41	0	23
1786947466.886568662	33	0	188	41	0	23
1786947467.006592522	33	0	188	41	0	23
1786947467.126933564	33	0	188	41	0	23
1786947467.246834121	33	0	188	41	0	23
1786947467.366870519	33	0	188	41	0	23
1786947467.490898695	33	0	188	41	0	23
1786947467.622815240	33	0	188	41	0	23
1786947467.745312844	33	0	188	41	0	23
1786947467.874428829	33	0	188	41	0	23
1786947467.993645447	33	0	188	41	0	23
1786947468.117346958	33	0	188	41	0	23
1786947468.241030725	33	0	188	41	0	23
1786947468.363585538	33	0	188	41	0	23
1786947468.483318529	33	0	188	41	0	23
1786947468.603349782	33	0	188	41	0	23
1786947468.723212069	33	0	188	41	0	23
1786947468.842922345	33	0	188	41	0	23
1786947468.962780758	33	0	188	41	0	23
1786947469.093069984	33	0	188	41	0	23
1786947469.216084487	33	0	188	41	0	23
1786947469.335613094	33	0	188	41	0	23
1786947469.455477990	33	0	188	41	0	23
1786947469.574865630	33	0	188	41	0	23
1786947469.698173379	33	0	188	41	0	23
1786947469.827824477	33	0	188	41	0	23
1786947469.947337009	33	0	188	41	0	23
1786947470.067128560	33	0	188	41	0	23
1786947470.190398692	33	0	188	41	0	23
1786947470.313364623	33	0	188	41	0	23
1786947470.432757676	33	0	188	41	0	23
1786947470.559946714	33	0	188	41	2304	23
1786947470.679823226	33	0	188	41	0	23
1786947470.806266924	33	0	188	41	0	23
1786947470.926046943	33	0	188	41	0	23
1786947471.049958700	33	0	188	41	0	23
1786947471.169475331	33	0	188	41	2304	23
1786947471.292287251	33	0	188	41	0	23
1786947471.411949905	33	0	188	41	0	23
1786947471.531740056	33	0	188	41	0	23
1786947471.651656298	33	0	188	41	0	23
1786947471.771391315	33	0	188	41	0	23
1786947471.891121402	33	0	188	41	0	23
1786947472.010752777	33	0	188	41	0	23
1786947472.130489982	33	0	188	41	0	23
1786947472.249954255	33	0	188	41	0	23
1786947472.369842283	33	0	188	41	0	23
1786947472.489452911	33	0	188	41	0	23
1786947472.608692680	33	0	188	41	0	23
1786947472.728285546	33	0	188	41	0	23
1786947472.847832042	33	0	188	41	0	23
1786947472.974717816	33	0	188	41	0	23
1786947473.094081447	33	0	188	41	0	23
1786947473.217310318	33	0	188	41	0	23
1786947473.337273737	33	0	188	41	0	23
1786947473.456639498	33	0	188	41	0	23
1786947473.576243411	33	0	188	41	0	23
1786947473.696144438	33	0	188	41	0	23
1786947473.819001050	33	0	188	41	0	23
1786947473.946225117	33	0	188	41	0	23
1786947474.069568732	33	0	188	41	0	23
1786947474.189302091	33	0	188	41	0	23
1786947474.319569005	33	0	188	41	0	23
1786947474.439097626	33	0	188	41	0	23
1786947474.558848879	33	0	188	41	0	23
1786947474.685821504	33	0	188	41	0	23
1786947474.805238200	33	0	188	41	0	23
1786947474.924993568	33	0	188	41	0	23
1786947475.044858680	33	0	188	41	0	23
1786947475.174765427	33	0	188	41	0	23
1786947475.294638717	33	0	188	41	0	23
1786947475.414446426	33	0	188	41	0	23
1786947475.534223552	33	0	188	41	0	23
1786947475.653708275	33	0	188	41	0	23
1786947475.779786935	33	0	188	41	0	23
1786947475.905914585	33	0	188	41	0	23
1786947476.025468274	33	0	188	41	0	23
1786947476.151838711	33	0	188	41	0	23
1786947476.275006376	33	0	188	41	0	23
1786947476.404680215	33	0	188	41	0	23
1786947476.524783078	33	0	188	41	0	23
1786947476.643710721	33	0	188	41	0	23
1786947476.762979468	33	0	188	41	0	23
1786947476.882410434	33	0	188	41	0	23
1786947477.002199711	33	0	188	41	0	23
1786947477.121890900	33	0	188	41	0	23
1786947477.241752642	33	0	188	41	0	23
1786947477.361540782	33	0	188	41	0	23
1786947477.491723853	33	0	188	41	0	23
1786947477.611332107	33	0	188	41	0	23
1786947477.731078008	33	0	188	41	0	23
1786947477.853658164	33	0	188	41	0	23
1786947477.977226542	33	0	188	41	0	23
1786947478.100946531	33	0	188	41	0	23
1786947478.221129622	33	0	188	41	0	23
1786947478.340717648	33	0	188	41	0	23
1786947478.474738562	33	0	188	41	0	23
1786947478.594028710	33	0	188	41	0	23
1786947478.717501297	33	0	188	41	0	23
1786947478.837945740	33	