epoch	left_pid	left_rxq	left_drops	right_pid	right_rxq	right_drops
1786949067.960553945	33	0	258	41	0	20
1786949068.191300342	33	0	258	41	0	20
1786949068.418050877	33	0	258	41	0	20
1786949068.653126051	33	0	258	41	0	20
1786949068.884442094	33	0	258	41	0	20
1786949069.108096592	33	0	258	41	0	20
1786949069.334902303	33	0	258	41	0	20
1786949069.558369327	33	0	258	41	0	20
1786949069.781027141	33	0	258	41	0	20
1786949070.005212799	33	0	258	41	0	20
1786949070.228186104	33	0	258	41	0	20
1786949070.451641842	33	0	258	41	0	20
1786949070.674988879	33	0	258	41	0	20
1786949070.897895700	33	0	258	41	0	20
1786949071.128483484	33	2304	258	41	0	20
1786949071.358249476	33	0	258	41	0	20
1786949071.588548984	33	0	258	41	0	20
1786949071.811879105	33	0	258	41	0	20
1786949072.038183809	33	0	258	41	0	20
1786949072.260819742	33	0	258	41	0	20
1786949072.483932421	33	0	258	41	0	20
1786949072.709518898	33	0	258	41	0	20
1786949072.932758048	33	0	258	41	0	20
1786949073.155617200	33	0	258	41	0	20
1786949073.378303076	33	0	258	41	0	20
1786949073.600580306	33	0	258	41	0	20
1786949073.823418020	33	0	258	41	0	20
1786949074.054015774	33	0	258	41	0	20
1786949074.280701608	33	0	258	41	0	20
1786949074.511391088	33	0	258	41	0	20
1786949074.742310498	33	0	258	41	0	20
1786949074.969739440	33	0	258	41	0	20
1786949075.192282562	33	0	258	41	0	20
1786949075.415338960	33	0	258	41	0	20
1786949075.639948122	33	0	258	41	0	20
1786949075.867295094	33	0	258	41	0	20
1786949076.090602531	33	0	258	41	0	20
1786949076.315949089	33	0	258	41	0	20
1786949076.538493448	33	0	258	41	0	20
1786949076.762323101	33	0	258	41	0	20
1786949076.985572323	33	0	258	41	0	20
1786949077.215647511	33	0	258	41	0	20
1786949077.438801138	33	0	258	41	0	20
1786949077.661973242	33	0	258	41	0	20
1786949077.888423699	33	0	258	41	0	20
1786949078.114751271	33	0	258	41	0	20
1786949078.345470630	33	0	258	41	0	20
1786949078.572397917	33	0	258	41	0	20
1786949078.794830571	33	0	258	41	0	20
1786949079.018067353	33	0	258	41	0	20
1786949079.240860762	33	0	258	41	0	20
1786949079.472107169	33	0	258	41	0	20
1786949079.703461196	33	0	258	41	0	20
1786949079.938406663	33	0	258	41	0	20
1786949080.161244807	33	0	258	41	0	20
1786949080.388125615	33	0	258	41	0	20
1786949080.611410934	33	0	258	41	0	20
1786949080.838366214	33	0	258	41	0	20
1786949081.069181014	33	0	258	41	0	20
1786949081.292141911	33	0	258	41	0	20
1786949081.530282796	33	0	258	41	0	20
1786949081.752565135	33	0	258	41	0	20
1786949081.982759526	33	0	258	41	0	20
1786949082.205579349	33	0	258	41	0	20
1786949082.429327801	33	0	258	41	0	20
1786949082.652107129	33	0	258	41	0	20
1786949082.874757996	33	0	258	41	0	20
1786949083.099527164	33	0	258	41	0	20
1786949083.322906860	33	0	258	41	0	20
1786949083.545898571	33	0	258	41	0	20
1786949083.773172017	33	0	258	41	0	20
1786949083.998660643	33	0	258	41	0	20
1786949084.221263177	33	0	258	41	0	20
1786949084.444113848	33	0	258	41	0	20
1786949084.682361206	33	0	258	41	0	20
1786949084.908666930	33	0	258	41	0	20
1786949085.135468337	33	0	258	41	0	20
1786949085.358325555	33	0	258	41	0	20
1786949085.589384919	33	0	258	41	0	20
1786949085.819889626	33	0	258	41	2304	20
1786949086.045898544	33	0	258	41	0	20
1786949086.268733684	33	0	258	41	0	20
1786949086.491690759	33	0	258	41	0	20
1786949086.715792323	33	0	258	41	0	20
1786949086.942878372	33	0	258	41	0	20
1786949087.165695419	33	0	258	41	0	20
1786949087.388435241	33	0	258	41	0	20
1786949087.611747403	33	0	258	41	0	20
1786949087.842912065	33	0	258	41	0	20
1786949088.073401450	33	0	258	41	0	20
1786949088.296068315	33	0	258	41	0	20
1786949088.519208170	33	0	258	41	0	20
1786949088.741974096	33	0	258	41	0	20
1786949088.968636327	33	0	258	41	0	20
1786949089.191459463	33	0	258	41	0	20
1786949089.421967565	33	0	258	41	0	20
1786949089.644825326	33	0	258	41	0	20
1786949089.867536955	33	0	258	41	0	20
1786949090.098116166	33	0	258	41	0	20
1786949090.320570271	33	0	258	41	0	20
1786949090.543617706	33	0	258	41	0	20
1786949090.774777452	33	0	258	41	0	20
1786949090.996906774	33	0	258	41	0	20
1786949091.219458115	33	0	258	41	0	20
1786949091.453469207	33	0	258	41	0	20
1786949091.676412282	33	0	258	41	0	20
1786949091.906835691	33	0	258	41	0	20
1786949092.142664955	33	0	258	41	0	20
1786949092.365742131	33	0	258	41	0	20
1786949092.588164393	33	0	258	41	0	20
1786949092.811171717	33	0	258	41	0	20
1786949093.033187157	33	0	258	41	0	20
1786949093.255968161	33	0	258	41	0	20
1786949093.484195295	33	0	258	41	0	20
1786949093.711326369	33	0	258	41	0	20
1786949093.934009059	33	0	258	41	0	20
1786949094.156811792	33	0	258	41	0	20
1786949094.379845649	33	0	258	41	0	20
1786949094.602629928	33	0	258	41	0	20
1786949094.825373315	33	0	258	41	0	20
1786949095.048302498	33	0	258	41	0	20
1786949095.275141055	33	0	258	41	0	20
1786949095.502204197	33	0	258	41	0	20
1786949095.725105284	33	0	258	41	0	20
1786949095.947413742	33	0	258	41	0	20
1786949096.170570344	33	0	258	41	0	20
1786949096.396729310	33	0	258	41	0	20
1786949096.619514538	33	0	258	41	0	20
1786949096.846074911	33	0	258	41	0	20
1786949097.068238751	33	0	258	41	0	20
1786949097.291769466	33	0	258	41	0	20
1786949097.514289258	33	0	258	41	0	20
1786949097.741775098	33	0	258	41	0	20
1786949097.964156045	33	0	258	41	0	20
1786949098.191117143	33	0	258	41	0	20
1786949098.413928869	33	0	258	41	0	20
1786949098.644492390	33	0	258	41	0	20
1786949098.872108425	33	0	258	41	0	20
1786949099.099536553	33	0	258	41	0	20
1786949099.322551191	33	0	258	41	0	20
1786949099.549591235	33	0	258	41	0	20
1786949099.775808996	33	0	258	41	0	20
1786949100.008125820	33	0	258	41	0	20
1786949100.235590488	33	0	258	41	0	20
1786949100.459012349	33	0	258	41	0	20
1786949100.686790869	33	0	258	41	0	20
1786949100.918176779	33	0	258	41	0	20
1786949101.141669447	33	0	258	41	0	20
1786949101.367793251	33	0	258	41	0	20
1786949101.591100908	33	0	258	41	0	20
1786949101.817273104	33	0	258	41	0	20
1786949102.041646483	33	0	258	41	0	20
1786949102.264194742	33	0	258	41	0	20
1786949102.490859538	33	0	258	41	0	20
1786949102.713317171	33	0	258	41	0	20
1786949102.936046761	33	0	258	41	0	20
1786949103.165919269	33	0	258	41	0	20
1786949103.395946110	33	0	258	41	0	20
1786949103.618932467	33	0	258	41	0	20
1786949103.842366285	33	0	258	41	0	20
1786949104.073162615	33	0	258	41	0	20
1786949104.303016710	33	0	258	41	0	20
1786949104.525103136	33	0	258	41	0	20
1786949104.748479436	33	0	258	41	0	20
1786949104.974631368	33	0	258	41	0	20
1786949105.201084745	33	0	258	41	0	20
1786949105.430533622	33	0	258	41	0	20
1786949105.653251272	33	0	258	41	0	20
1786949105.879719717	33	0	258	41	0	20
1786949106.112286219	33	0	258	41	0	20
1786949106.338266575	33	0	258	41	0	20
1786949106.571361591	33	0	258	41	0	20
1786949106.811332839	33	0	258	41	0	20
1786949107.034015607	33	0	258	41	0	20
1786949107.260746970	33	0	258	41	0	20
1786949107.482953393	33	0	258	41	0	20
1786949107.709488819	33	0	258	41	0	20
1786949107.932467542	33	0	258	41	0	20
1786949108.158544017	33	0	258	41	0	20
1786949108.384640121	33	0	258	41	0	20
1786949108.611717315	33	0	258	41	0	20
1786949108.834503831	33	0	258	41	0	20
1786949109.058079087	33	0	258	41	0	20
1786949109.280475165	33	0	258	41	0	20
1786949109.503587940	33	0	258	41	0	20
1786949109.726238807	33	0	258	41	0	20
1786949109.956357049	33	0	258	41	0	20
1786949110.180116640	33	0	258	41	0	20
1786949110.406124412	33	0	258	41	0	20
1786949110.629410815	33	0	258	41	0	20
1786949110.852384658	33	0	258	41	0	20
1786949111.075287397	33	0	258	41	0	20
1786949111.301630937	33	0	258	41	0	20
1786949111.525322420	33	0	258	41	0	20
1786949111.749858210	33	0	258	41	0	20
1786949111.972541135	33	0	258	41	0	20
1786949112.195140565	33	0	258	41	0	20
1786949112.442657176	33	0	258	41	0	20
1786949112.669403058	33	0	258	41	0	20
1786949112.892508579	33	0	258	41	0	20
1786949113.115651005	33	0	258	41	0	20
1786949113.343239350	33	0	258	41	0	20
1786949113.567559413	33	0	258	41	0	20
1786949113.795305460	33	0	258	41	0	20
1786949114.018526651	33	0	258	41	0	20
1786949114.241218822	33	0	258	41	0	20
1786949114.464363750	33	0	258	41	0	20
1786949114.690182435	33	0	258	41	0	20
1786949114.927568406	33	0	258	41	0	20
1786949115.154596284	33	0	258	41	0	20
1786949115.384456358	33	0	258	41	2304	20
1786949115.607119343	33	0	258	41	0	20
1786949115.830117645	33	0	258	41	0	20
1786949116.052672425	33	0	258	41	0	20
1786949116.278791246	33	0	258	41	0	20
1786949116.501707685	33	0	258	41	0	20
1786949116.724727085	33	0	258	41	0	20
1786949116.947093882	33	0	258	41	0	20
1786949117.173760021	33	0	258	41	0	20
1786949117.396588662	33	0	258	41	0	20
1786949117.619343575	33	0	258	41	0	20
1786949117.842657792	33	0	258	41	0	20
1786949118.065491748	33	0	258	41	0	20
1786949118.298655330	33	0	258	41	0	20
1786949118.521901428	33	0	258	41	0	20
1786949118.744421164	33	0	258	41	0	20
1786949118.967824379	33	0	258	41	0	20
1786949119.190366351	33	0	258	41	0	20
1786949119.423814631	33	0	258	41	0	20
1786949119.649882407	33	0	258	41	0	20
1786949119.881484465	33	0	258	41	0	20
1786949120.108988533	33	0	258	41	0	20
1786949120.331293532	33	0	258	41	0	20
1786949120.554553500	33	0	258	41	0	20
1786949120.777444546	33	0	258	41	0	20
1786949121.000677188	33	0	258	41	0	20
1786949121.223475521	33	0	258	41	0	20
1786949121.446680766	33	0	258	41	0	20
1786949121.669531451	33	0	258	41	0	20
1786949121.892005214	33	0	258	41	0	20
1786949122.115223352	33	0	258	41	0	20
1786949122.337781277	33	0	258	41	0	20
1786949122.564452753	33	0	258	41	0	20
1786949122.794233688	33	0	258	41	0	20
1786949123.020603186	33	0	258	41	0	20
1786949123.243370167	33	0	258	41	0	20
1786949123.466445502	33	0	258	41	0	20
1786949123.688845493	33	0	258	41	0	20
1786949123.912739921	33	0	258	41	0	20
1786949124.135085102	33	0	258	41	0	20
1786949124.358291845	33	0	258	41	0	20
1786949124.583106129	33	0	258	41	0	20
1786949124.805715432	33	0	258	41	0	20
1786949125.030004020	33	0	258	41	0	20
1786949125.253325125	33	0	258	41	0	20
1786949125.483958764	33	0	258	41	0	20
1786949125.710227481	33	0	258	41	0	20
1786949125.936327200	33	0	258	41	0	20
1786949126.160761475	33	0	258	41	0	20
1786949126.385769665	33	0	258	41	0	20
1786949126.608593942	33	0	258	41	0	20
1786949126.831478957	33	0	258	41	0	20
1786949127.054467267	33	0	258	41	0	20
1786949127.276901551	33	0	258	41	0	20
1786949127.500123222	33	0	258	41	0	20
1786949127.737709968	33	0	258	41	0	20
1786949127.963587042	33	0	258	41	0	20
1786949128.186882980	33	0	258	41	0	20
1786949128.413311883	33	0	258	41	0	20
1786949128.644714130	33	0	258	41	0	20
1786949128.867591289	33	0	258	41	0	20
1786949129.097762758	33	0	258	41	0	20
1786949129.328109994	33	0	258	41	0	20
1786949129.551250126	33	0	258	41	0	20
1786949129.778579291	33	0	258	41	0	20
1786949130.003114684	33	0	258	41	0	20
1786949130.225855504	33	0	258	41	0	20
1786949130.449146287	33	0	258	41	0	20
1786949130.675495027	33	0	258	41	0	20
1786949130.899150485	33	0	258	41	0	20
1786949131.121352441	33	0	258	41	0	20
1786949131.344194134	33	0	258	41	0	20
1786949131.566745874	33	0	258	41	0	20
1786949131.796848731	33	0	258	41	0	20
1786949132.035096637	33	0	258	41	0	20
1786949132.262793274	33	0	258	41	0	20
1786949132.486283767	33	0	258	41	0	20
1786949132.719547534	33	0	258	41	0	20
1786949132.947115788	33	0	258	41	0	20
1786949133.174855467	33	0	258	41	0	20
1786949133.397748245	33	0	258	41	0	20
1786949133.620799042	33	0	258	41	0	20
1786949133.843765107	33	0	258	41	0	20
1786949134.066818721	33	0	258	41	0	20
1786949134.289594154	33	0	258	41	0	20
1786949134.524362742	33	0	258	41	0	20
1786949134.754730116	33	0	258	41	0	20
1786949134.978021470	33	0	258	41	0	20
1786949135.204512620	33	0	258	41	0	20
1786949135.427845840	33	0	258	41	0	20
1786949135.665391380	33	0	258	41	0	20
1786949135.888786618	33	0	258	41	0	20
1786949136.130218154	33	0	258	41	0	20
1786949136.353408683	33	0	258	41	0	20
1786949136.579513887	33	0	258	41	0	20
1786949136.807522602	33	0	258	41	0	20
1786949137.030503490	33	0	258	41	0	20
1786949137.253419039	33	0	258	41	0	20
1786949137.481536119	33	0	258	41	0	20
1786949137.704463172	33	0	258	41	0	20
1786949137.927843272	33	0	258	41	0	20
1786949138.153578938	33	0	258	41	0	20
1786949138.376218456	33	0	258	41	0	20
1786949138.608642329	33	0	258	41	0	20
1786949138.832882023	33	0	258	41	0	20
1786949139.059531240	33	0	258	41	0	20
1786949139.282767409	33	0	258	41	0	20
1786949139.505041270	33	0	258	41	2304	20
1786949139.728445278	33	0	258	41	0	20
1786949139.963385764	33	0	258	41	0	20
1786949140.186101609	33	0	258	41	0	20
1786949140.409887874	33	2304	258	41	0	20
1786949140.636576353	33	0	258	41	0	20
1786949140.860278774	33	0	258	41	0	20
1786949141.083420510	33	0	258	41	0	20
1786949141.306279270	33	0	258	41	0	20
1786949141.530099218	33	0	258	41	0	20
1786949141.760536849	33	0	258	41	0	20
1786949141.986968645	33	0	258	41	0	20
1786949142.209949195	33	0	258	41	0	20
1786949142.432630758	33	0	258	41	0	20
1786949142.663051005	33	0	258	41	0	20
1786949142.886081075	33	0	258	41	0	20
1786949143.108449922	33	0	258	41	0	20
1786949143.331589395	33	0	258	41	0	20
1786949143.553863205	33	0	258	41	0	20
1786949143.778542884	33	0	258	41	0	20
1786949144.005088200	33	0	258	41	0	20
1786949144.228575314	33	0	258	41	0	20
1786949144.455827408	33	0	258	41	0	20
1786949144.683021284	33	0	258	41	0	20
1786949144.917299466	33	0	258	41	0	20
1786949145.143687047	33	0	258	41	0	20
1786949145.366065768	33	0	258	41	0	20
1786949145.593112694	33	0	258	41	0	20
1786949145.820079129	33	0	258	41	0	20
1786949146.042264359	33	0	258	41	0	20
1786949146.271066569	33	0	258	41	0	20
1786949146.494021723	33	0	258	41	0	20
1786949146.716524716	33	0	258	41	0	20
1786949146.940168680	33	0	258	41	0	20
1786949147.162414824	33	0	258	41	0	20
1786949147.385563320	33	0	258	41	0	20
1786949147.608219992	33	0	258	41	0	20
1786949147.831223025	33	0	258	41	0	20
1786949148.061983092	33	0	258	41	0	20
1786949148.284354054	33	0	258	41	0	20
1786949148.511498440	33	0	258	41	0	20
1786949148.733874510	33	0	258	41	0	20
1786949148.957768671	33	0	258	41	0	20
1786949149.180676446	33	0	258	41	0	20
1786949149.403513268	33	0	258	41	0	20
1786949149.630572695	33	0	258	41	0	20
1786949149.852961967	33	0	258	41	0	20
1786949150.078553097	33	0	258	41	0	20
1786949150.309251946	33	0	258	41	0	20
1786949150.535477554	33	0	258	41	0	20
1786949150.758698305	33	0	258	41	0	20
1786949150.985189426	33	0	258	41	0	20
1786949151.216381080	33	0	258	41	0	20
1786949151.439650176	33	0	258	41	0	20
1786949151.662190849	33	0	258	41	0	20
1786949151.885455000	33	0	258	41	0	20
1786949152.107972774	33	0	258	41	0	20
1786949152.336982071	33	0	258	41	0	20
1786949152.563902367	33	0	258	41	0	20
1786949152.787201727	33	0	258	41	0	20
1786949153.014925647	33	0	258	41	0	20
1786949153.237893724	33	0	258	41	0	20
1786949153.460879239	33	0	258	41	0	20
1786949153.683161680	33	0	258	41	0	20
1786949153.909726076	33	0	258	41	0	20
1786949154.133221495	33	0	258	41	0	20
1786949154.356118973	33	0	258	41	0	20
1786949154.584168262	33	0	258	41	0	20
1786949154.807413007	33	0	258	41	0	20
1786949155.033578473	33	0	258	41	0	20
1786949155.256406261	33	0	258	41	0	20
1786949155.479076211	33	0	258	41	0	20
1786949155.705446207	33	0	258	41	0	20
1786949155.933143395	33	0	258	41	0	20
1786949156.159669587	33	0	258	41	0	20
1786949156.382273257	33	0	258	41	0	20
1786949156.604989015	33	0	258	41	0	20
1786949156.828078855	33	0	258	41	0	20
1786949157.054566124	33	0	258	41	0	20
1786949157.277066625	33	0	258	41	0	20
1786949157.499906031	33	0	258	41	0	20
1786949157.730257384	33	0	258	41	0	20
1786949157.957052702	33	0	258	41	0	20
1786949158.186861033	33	0	258	41	0	20
1786949158.413626816	33	0	258	41	0	20
1786949158.639944406	33	0	258	41	0	20
1786949158.862899143	33	0	258	41	0	20
1786949159.085783399	33	0	258	41	0	20
1786949159.308129207	33	0	258	41	0	20
1786949159.538304895	33	0	258	41	0	20
1786949159.761139673	33	0	258	41	0	20
1786949159.988616067	33	0	258	41	0	20
1786949160.211107769	33	0	258	41	0	20
1786949160.437796427	33	0	258	41	0	20
1786949160.660308045	33	0	258	41	0	20
1786949160.890601452	33	0	258	41	0	20
1786949161.113898843	33	0	258	41	0	20
1786949161.336020767	33	0	258	41	0	20
1786949161.559527125	33	0	258	41	0	20
1786949161.785686446	33	0	258	41	0	20
1786949162.012006038	33	0	258	41	0	20
1786949162.235131486	33	0	258	41	0	20
1786949162.457964153	33	0	258	41	0	20
1786949162.681095158	33	0	258	41	0	20
1786949162.903886064	33	0	258	41	0	20
1786949163.131099493	33	0	258	41	0	20
1786949163.357744070	33	0	258	41	0	20
1786949163.584567450	33	0	258	41	0	20
1786949163.807407302	33	0	258	41	0	20
1786949164.029819697	33	0	258	41	0	20
1786949164.255861797	33	0	258	41	0	20
1786949164.478958671	33	0	258	41	0	20
1786949164.706164837	33	0	258	41	0	20
1786949164.928843124	33	0	258	41	0	20
1786949165.151419846	33	0	258	41	0	20
1786949165.374203270	33	0	258	41	0	20
1786949165.601493891	33	0	258	41	0	20
1786949165.827618409	33	0	258	41	0	20
1786949166.053495514	33	0	258	41	2304	20
1786949166.284697348	33	0	258	41	0	20
1786949166.515572240	33	0	258	41	0	20
1786949166.738962851	33	0	258	41	0	20
1786949166.963514864	33	0	258	41	0	20
1786949167.185699189	33	0	258	41	0	20
1786949167.408955579	33	0	258	41	0	20
1786949167.631924630	33	0	258	41	0	20
1786949167.855339695	33	0	258	41	0	20
1786949168.090073959	33	0	258	41	0	20
1786949168.316033926	33	0	258	41	0	20
1786949168.538092978	33	0	258	41	0	20
1786949168.764306452	33	0	258	41	0	20
1786949168.993784505	33	0	258	41	0	20
1786949169.217283379	33	0	258	41	0	20
1786949169.443291961	33	0	258	41	0	20
1786949169.666589306	33	0	258	41	0	20
1786949169.889105364	33	0	258	41	0	20
1786949170.119219563	33	0	258	41	0	20
1786949170.342312997	33	0	258	41	0	20
1786949170.564809418	33	0	258	41	0	20
1786949170.788316589	33	0	258	41	0	20
1786949171.015124551	33	0	258	41	0	20
1786949171.238065069	33	0	258	41	0	20
1786949171.461108163	33	0	258	41	0	20
1786949171.691279620	33	0	258	41	0	20
1786949171.914726157	33	0	258	41	0	20
1786949172.144902583	33	0	258	41	0	20
1786949172.367318219	33	0	258	41	2304	20
1786949172.590843444	33	0	258	41	0	20
1786949172.813827132	33	0	258	41	0	20
1786949173.036424165	33	0	258	41	0	20
1786949173.258998281	33	0	258	41	0	20
1786949173.481670162	33	0	258	41	0	20
1786949173.704615396	33	0	258	41	0	20
1786949173.927775109	33	0	258	41	0	20
1786949174.157750735	33	0	258	41	0	20
1786949174.381355031	33	0	258	41	0	20
1786949174.606361607	33	0	258	41	0	20
1786949174.829793249	33	0	258	41	0	20
1786949175.052826714	33	0	258	41	0	20
1786949175.275161027	33	0	258	41	0	20
1786949175.498383106	33	0	258	41	0	20
1786949175.721532922	33	0	258	41	0	20
1786949175.950250268	33	0	258	41	0	20
1786949176.173732359	33	0	258	41	0	20
1786949176.395862227	33	0	258	41	0	20
1786949176.625983010	33	0	258	41	0	20
1786949176.856075044	33	0	258	41	0	20
1786949177.094634865	33	0	258	41	0	20
1786949177.320729737	33	0	258	41	0	20
1786949177.543285356	33	0	258	41	0	20
1786949177.766302233	33	0	258	41	0	20
1786949177.989016228	33	0	258	41	0	20
1786949178.211998697	33	0	258	41	0	20
1786949178.434830422	33	0	258	41	0	20
1786949178.657810069	33	0	258	41	0	20
1786949178.881072088	33	0	258	41	0	20
1786949179.107095713	33	0	258	41	0	20
1786949179.329851055	33	0	258	41	0	20
1786949179.563457751	33	0	258	41	0	20
1786949179.786689857	33	0	258	41	0	20
1786949180.016497430	33	0	258	41	0	20
1786949180.239398940	33	0	258	41	0	20
1786949180.463166771	33	0	258	41	2304	20
1786949180.686441789	33	0	258	41	0	20
1786949180.909651784	33	0	258	41	0	20
1786949181.132324500	33	0	258	41	0	20
1786949181.354825167	33	0	258	41	2304	20
1786949181.581073696	33	0	258	41	0	20
1786949181.804056105	33	0	258	41	0	20
1786949182.026676051	33	0	258	41	0	20
1786949182.249524284	33	0	258	41	0	20
1786949182.472105992	33	0	258	41	0	20
1786949182.705582217	33	0	258	41	0	20
1786949182.931555193	33	0	258	41	0	20
1786949183.153831814	33	0	258	41	0	20
1786949183.377151630	33	0	258	41	0	20
1786949183.619146161	33	0	258	41	0	20
1786949183.857150023	33	0	258	41	0	20
1786949184.079639950	33	0	258	41	0	20
1786949184.302847574	33	0	258	41	0	20
1786949184.529196242	33	0	258	41	0	20
1786949184.758387460	33	0	258	41	0	20
1786949184.985124552	33	0	258	41	0	20
1786949185.216107770	33	0	258	41	0	20
1786949185.450025462	33	0	258	41	0	20
1786949185.680113086	33	0	258	41	0	20
1786949185.904141352	33	0	258	41	0	20
1786949186.126395291	33	0	258	41	0	20
1786949186.349274399	33	0	258	41	0	20
1786949186.571957680	33	0	258	41	0	20
1786949186.799250373	33	0	258	41	0	20
1786949187.021438029	33	0	258	41	0	20
1786949187.244268366	33	0	258	41	0	20
1786949187.466957498	33	0	258	41	0	20
1786949187.690365016	33	0	258	41	0	20
1786949187.913094192	33	0	258	41	0	20
1786949188.139591241	33	0	258	41	0	20
1786949188.361684515	33	0	258	41	0	20
1786949188.595711205	33	0	258	41	0	20
1786949188.818186313	33	0	258	41	0	20
1786949189.041382401	33	0	258	41	0	20
1786949189.263440776	33	0	258	41	0	20
1786949189.490059930	33	0	258	41	0	20
1786949189.716999987	33	0	258	41	0	20
1786949189.951221426	33	0	258	41	0	20
1786949190.173264770	33	0	258	41	0	20
1786949190.395829656	33	0	258	41	0	20
1786949190.619347646	33	0	258	41	0	20
1786949190.842723125	33	0	258	41	0	20
1786949191.064574195	33	0	258	41	0	20
1786949191.287237718	33	0	258	41	0	20
1786949191.514717232	33	0	258	41	0	20
1786949191.745336243	33	0	258	41	0	20
1786949191.972067294	33	0	258	41	0	20
1786949192.194821491	33	0	258	41	0	20
1786949192.421461418	33	0	258	41	0	20
1786949192.644449250	33	0	258	41	0	20
1786949192.867434212	33	0	258	41	0	20
1786949193.094682324	33	0	258	41	0	20
1786949193.317508702	33	0	258	41	0	20
1786949193.540902701	33	0	258	41	0	20
1786949193.763526157	33	0	258	41	0	20
1786949193.990550137	33	0	258	41	0	20
1786949194.212691001	33	0	258	41	0	20
1786949194.436129315	33	0	258	41	0	20
1786949194.659670322	33	0	258	41	0	20
1786949194.882782686	33	0	258	41	0	20
1786949195.104966767	33	0	258	41	0	20
1786949195.339485434	33	0	258	41	0	20
1786949195.569925481	33	0	258	41	0	20
1786949195.793199949	33	0	258	41	0	20
1786949196.015432617	33	0	258	41	0	20
1786949196.242300097	33	0	258	41	0	20
1786949196.468899444	33	0	258	41	0	20
1786949196.692142296	33	0	258	41	0	20
1786949196.915271573	33	0	258	41	0	20
1786949197.141390169	33	0	258	41	0	20
1786949197.364057568	33	0	258	41	0	20
1786949197.586366688	33	0	258	41	0	20
1786949197.816594158	33	0	258	41	0	20
1786949198.042714902	33	0	258	41	0	20
1786949198.269213922	33	0	258	41	0	20
1786949198.492185348	33	0	258	41	0	20
1786949198.715186883	33	0	258	41	0	20
1786949198.938154640	33	0	258	41	0	20
1786949199.168691770	33	0	258	41	0	20
1786949199.395231234	33	0	258	41	0	20
1786949199.618241825	33	0	258	41	0	20
1786949199.841701329	33	0	258	41	0	20
1786949200.063711869	33	0	258	41	0	20
1786949200.286458627	33	0	258	41	0	20
1786949200.509167461	33	0	258	41	0	20
1786949200.739197753	33	0	258	41	0	20
1786949200.966292087	33	0	258	41	0	20
1786949201.189014703	33	2304	258	41	0	20
1786949201.412193454	33	0	258	41	0	20
1786949201.635008160	33	0	258	41	0	20
1786949201.861936034	33	0	258	41	0	20
1786949202.091844727	33	0	258	41	0	20
1786949202.314946736	33	0	258	41	0	20
1786949202.541743818	33	0	258	41	0	20
1786949202.765229892	33	0	258	41	0	20
1786949202.990005595	33	0	258	41	0	20
1786949203.220283487	33	0	258	41	0	20
1786949203.443499394	33	0	258	41	0	20
1786949203.666347881	33	0	258	41	0	20
1786949203.889103742	33	0	258	41	0	20
1786949204.111906998	33	0	258	41	0	20
1786949204.342152061	33	0	258	41	0	20
1786949204.573167775	33	0	258	41	0	20
1786949204.797143598	33	0	258	41	0	20
1786949205.021920173	33	0	258	41	0	20
1786949205.244718379	33	0	258	41	0	20
1786949205.472136351	33	0	258	41	0	20
1786949205.703539856	33	0	258	41	0	20
1786949205.926051425	33	0	258	41	0	20
1786949206.149090505	33	0	258	41	0	20
1786949206.375788979	33	0	258	41	0	20
1786949206.599279644	33	0	258	41	0	20
1786949206.830388410	33	0	258	41	0	20
1786949207.056789093	33	0	258	41	0	20
1786949207.280016670	33	0	258	41	0	20
1786949207.507250316	33	0	258	41	0	20
1786949207.730236455	33	0	258	41	0	20
1786949207.953217113	33	0	258	41	0	20
1786949208.176041438	33	0	258	41	0	20
1786949208.402516726	33	0	258	41	0	20
1786949208.628927699	33	0	258	41	0	20
1786949208.859704125	33	0	258	41	0	20
1786949209.081904029	33	0	258	41	0	20
1786949209.307985643	33	0	258	41	0	20
1786949209.535335469	33	0	258	41	0	20
1786949209.762416841	33	0	258	41	0	20
1786949209.985114800	33	0	258	41	0	20
1786949210.212106225	33	0	258	41	0	20
1786949210.434247872	33	0	258	41	0	20
1786949210.669428131	33	0	258	41	0	20
1786949210.901954713	33	0	258	41	0	20
1786949211.123978160	33	0	258	41	0	20
1786949211.347098199	33	0	258	41	0	20
1786949211.574628513	33	0	258	41	0	20
1786949211.800645092	33	0	258	41	0	20
1786949212.035206300	33	0	258	41	0	20
1786949212.262582899	33	0	258	41	0	20
1786949212.489469312	33	0	258	41	0	20
1786949212.712289605	33	0	258	41	0	20
1786949212.934925092	33	0	258	41	0	20
1786949213.171535449	33	0	258	41	0	20
1786949213.394127278	33	0	258	41	0	20
1786949213.621092778	33	0	258	41	0	20
1786949213.844036408	33	0	258	41	0	20
1786949214.066566628	33	0	258	41	0	20
1786949214.288884819	33	0	258	41	0	20
1786949214.512158960	33	0	258	41	0	20
1786949214.735043760	33	0	258	41	0	20
1786949214.961376003	33	0	258	41	0	20
1786949215.183374934	33	0	258	41	0	20
1786949215.410156707	33	0	258	41	0	20
1786949215.637331697	33	0	258	41	0	20
1786949215.860346604	33	0	258	41	0	20
1786949216.083460137	33	0	258	41	0	20
1786949216.310252297	33	0	258	41	0	20
1786949216.533636984	33	0	258	41	0	20
1786949216.756802507	33	0	258	41	0	20
1786949216.979712760	33	0	258	41	0	20
1786949217.206624863	33	0	258	41	0	20
1786949217.429992499	33	0	258	41	0	20
1786949217.652995273	33	0	258	41	0	20
1786949217.880477674	33	0	258	41	0	20
1786949218.102530098	33	0	258	41	0	20
1786949218.325452678	33	0	258	41	0	20
1786949218.547848615	33	0	258	41	0	20
1786949218.771103768	33	0	258	41	0	20
1786949219.002595550	33	0	258	41	0	20
1786949219.226233085	33	0	258	41	0	20
1786949219.448464582	33	0	258	41	0	20
1786949219.671738459	33	0	258	41	0	20
1786949219.894198276	33	0	258	41	0	20
1786949220.124477912	33	0	258	41	0	20
1786949220.352287343	33	0	258	41	0	20
1786949220.575263537	33	0	258	41	0	20
1786949220.798033663	33	0	258	41	0	20
1786949221.025079289	33	2304	258	41	0	20
1786949221.248571973	33	0	258	41	0	20
1786949221.470946162	33	0	258	41	0	20
1786949221.694046731	33	0	258	41	0	20
1786949221.925111774	33	0	258	41	0	20
1786949222.151262687	33	0	258	41	0	20
1786949222.374189270	33	0	258	41	0	20
1786949222.596522714	33	0	258	41	0	20
1786949222.820105119	33	0	258	41	0	20
1786949223.046183979	33	0	258	41	0	20
1786949223.269042766	33	0	258	41	0	20
1786949223.492113136	33	0	258	41	0	20
1786949223.716079937	33	0	258	41	0	20
1786949223.938956066	33	0	258	41	0	20
1786949224.161685366	33	0	258	41	0	20
1786949224.384445898	33	0	258	41	0	20
1786949224.607477954	33	0	258	41	0	20
1786949224.831346227	33	0	258	41	0	20
1786949225.054029259	33	0	258	41	0	20
1786949225.279351795	33	0	258	41	0	20
1786949225.513460302	33	0	258	41	0	20
1786949225.736996510	33	0	258	41	0	20
1786949225.963936133	33	0	258	41	0	20
1786949226.186369747	33	0	258	41	0	20
1786949226.414034074	33	0	258	41	0	20
1786949226.641512486	33	0	258	41	0	20
1786949226.864541817	33	0	258	41	0	20
1786949227.094769051	33	0	258	41	0	20
1786949227.316995539	33	0	258	41	0	20
1786949227.540402246	33	0	258	41	0	20
1786949227.763356311	33	0	258	41	0	20
1786949227.985663056	33	0	258	41	0	20
1786949228.208473726	33	0	258	41	0	20
1786949228.430905082	33	0	258	41	0	20
1786949228.662007163	33	0	258	41	0	20
1786949228.891548042	33	0	258	41	0	20
1786949229.113607058	33	0	258	41	0	20
1786949229.336817939	33	0	258	41	0	20
1786949229.559658701	33	0	258	41	0	20
1786949229.786095996	33	0	258	41	0	20
1786949230.011961349	33	0	258	41	0	20
1786949230.234329081	33	0	258	41	0	20
1786949230.464176871	33	0	258	41	0	20
1786949230.687452993	33	0	258	41	0	20
1786949230.913480464	33	0	258	41	0	20
1786949231.149269823	33	0	258	41	0	20
1786949231.375299929	33	0	258	41	0	20
1786949231.598718061	33	0	258	41	0	20
1786949231.821322198	33	0	258	41	0	20
1786949232.044292169	33	0	258	41	0	20
1786949232.268524058	33	2304	258	41	0	20
1786949232.490743300	33	0	258	41	0	20
1786949232.713448377	33	0	258	41	0	20
1786949232.935953394	33	0	258	41	0	20
1786949233.158955699	33	0	258	41	0	20
1786949233.381435614	33	0	258	41	0	20
1786949233.611779327	33	0	258	41	0	20
1786949233.837829798	33	0	258	41	0	20
1786949234.061051544	33	0	258	41	0	20
1786949234.283788025	33	0	258	41	0	20
1786949234.506954446	33	0	258	41	0	20
1786949234.729756628	33	0	258	41	0	20
1786949234.952494003	33	0	258	41	0	20
1786949235.183063413	33	0	258	41	0	20
1786949235.406911470	33	0	258	41	0	20
1786949235.633694367	33	0	258	41	0	20
1786949235.865165616	33	0	258	41	0	20
1786949236.088199627	33	0	258	41	0	20
1786949236.310513948	33	0	258	41	0	20
1786949236.533714927	33	0	258	41	0	20
1786949236.756830247	33	0	258	41	0	20
1786949236.979579735	33	0	258	41	0	20
1786949237.202071010	33	0	258	41	0	20
1786949237.424719669	33	0	258	41	0	20
1786949237.651057093	33	0	258	41	0	20
1786949237.874395652	33	0	258	41	0	20
1786949238.104645760	33	0	258	41	0	20
1786949238.331451647	33	0	258	41	0	20
1786949238.561291450	33	0	258	41	0	20
1786949238.784365395	33	0	258	41	0	20
1786949239.007049765	33	0	258	41	0	20
1786949239.229958830	33	0	258	41	0	20
1786949239.452084041	33	0	258	41	0	20
1786949239.674924278	33	0	258	41	0	20
1786949239.901517991	33	0	258	41	0	20
1786949240.131223303	33	0	258	41	0	20
1786949240.360979750	33	0	258	41	0	20
1786949240.586998193	33	0	258	41	0	20
1786949240.813196042	33	0	258	41	0	20
1786949241.035730062	33	0	258	41	0	20
1786949241.261957420	33	0	258	41	0	20
1786949241.484375113	33	0	258	41	0	20
1786949241.707699903	33	0	258	41	0	20
1786949241.933869626	33	0	258	41	0	20
1786949242.156171395	33	0	258	41	0	20
1786949242.382980649	33	0	258	41	0	20
1786949242.605562418	33	0	258	41	0	20
1786949242.829051381	33	0	258	41	0	20
1786949243.051624241	33	0	258	41	0	20
1786949243.275903579	33	0	258	41	0	20
1786949243.502133609	33	0	258	41	0	20
1786949243.725414820	33	0	258	41	0	20
1786949243.948080388	33	0	258	41	0	20
1786949244.171258854	33	0	258	41	0	20
1786949244.393601015	33	0	258	41	0	20
1786949244.616772955	33	0	258	41	0	20
1786949244.839874518	33	0	258	41	0	20
1786949245.062094023	33	0	258	41	0	20
1786949245.284373152	33	0	258	41	0	20
1786949245.507421011	33	0	258	41	0	20
1786949245.730501401	33	0	258	41	0	20
1786949245.957063232	33	0	258	41	0	20
1786949246.187050543	33	0	258	41	0	20
1786949246.417012360	33	0	258	41	0	20
1786949246.639412683	33	0	258	41	0	20
1786949246.867509218	33	0	258	41	0	20
1786949247.090970053	33	0	258	41	0	20
1786949247.315256000	33	0	258	41	0	20
1786949247.556854652	33	0	258	41	0	20
1786949247.794197794	33	0	258	41	0	20
1786949248.016771939	33	0	258	41	0	20
1786949248.239797919	33	0	258	41	0	20
1786949248.461879519	33	0	258	41	0	20
1786949248.688916459	33	0	258	41	0	20
1786949248.912574533	33	0	258	41	0	20
1786949249.138878281	33	0	258	41	0	20
1786949249.361694725	33	0	258	41	0	20
1786949249.584435829	33	0	258	41	0	20
1786949249.807320380	33	0	258	41	0	20
1786949250.030590839	33	0	258	41	0	20
1786949250.256764281	33	0	258	41	0	20
1786949250.487106685	33	0	258	41	0	20
1786949250.713311996	33	0	258	41	0	20
1786949250.937884282	33	0	258	41	0	20
1786949251.160530426	33	0	258	41	0	20
1786949251.391949490	33	0	258	41	0	20
1786949251.614151439	33	0	258	41	0	20
1786949251.840826616	33	0	258	41	0	20
1786949252.063659248	33	0	258	41	0	20
1786949252.286523627	33	0	258	41	0	20
1786949252.509293699	33	0	258	41	0	20
1786949252.739984091	33	0	258	41	0	20
1786949252.970345243	33	0	258	41	0	20
1786949253.192468222	33	0	258	41	0	20
1786949253.415248055	33	0	258	41	0	20
1786949253.638022940	33	0	258	41	0	20
1786949253.861084948	33	0	258	41	0	20
1786949254.087267411	33	0	258	41	0	20
1786949254.317493993	33	0	258	41	0	20
1786949254.540941774	33	0	258	41	0	20
1786949254.775336118	33	0	258	41	0	20
1786949254.997823367	33	0	258	41	0	20
1786949255.221150129	33	0	258	41	0	20
1786949255.447112743	33	0	258	41	0	20
1786949255.669850667	33	0	258	41	0	20
1786949255.892932555	33	0	258	41	0	20
1786949256.115284762	33	0	258	41	0	20
1786949256.338247545	33	0	258	41	0	20
1786949256.561107750	33	0	258	41	0	20
1786949256.783982337	33	0	258	41	0	20
1786949257.006954231	33	0	258	41	0	20
1786949257.229075827	33	0	258	41	0	20
1786949257.451595557	33	0	258	41	0	20
1786949257.674881711	33	0	258	41	0	20
1786949257.897847065	33	0	258	41	0	20
1786949258.128795253	33	0	258	41	0	20
1786949258.351111106	33	0	258	41	0	20
1786949258.574215795	33	0	258	41	0	20
1786949258.800964211	33	0	258	41	0	20
1786949259.024378415	33	0	258	41	0	20
1786949259.251146391	33	0	258	41	0	20
1786949259.475216983	33	0	258	41	0	20
1786949259.697473968	33	0	258	41	0	20
1786949259.924599153	33	0	258	41	0	20
1786949260.154763484	33	0	258	41	0	20
1786949260.381305691	33	0	258	41	0	20
1786949260.603557620	33	0	258	41	0	20
1786949260.826604387	33	0	258	41	0	20
1786949261.057243075	33	0	258	41	0	20
1786949261.283284953	33	0	258	41	0	20
1786949261.510830961	33	0	258	41	0	20
1786949261.733658184	33	0	258	41	0	20
1786949261.960954654	33	0	258	41	0	20
1786949262.187973221	33	0	258	41	0	20
1786949262.414745114	33	0	258	41	0	20
1786949262.645520180	33	0	258	41	0	20
1786949262.880085823	33	0	258	41	0	20
1786949263.102572875	33	0	258	41	0	20
1786949263.325264103	33	0	258	41	0	20
1786949263.548298091	33	0	258	41	0	20
1786949263.771301767	33	0	258	41	0	20
1786949263.998626570	33	0	258	41	0	20
1786949264.225345403	33	0	258	41	0	20
1786949264.450453311	33	0	258	41	0	20
1786949264.672559337	33	0	258	41	0	20
1786949264.895752807	33	0	258	41	0	20
1786949265.122526783	33	0	258	41	0	20
1786949265.344976955	33	0	258	41	0	20
1786949265.568663976	33	0	258	41	0	20
1786949265.792635075	33	0	258	41	0	20
1786949266.016189111	33	0	258	41	0	20
1786949266.238594172	33	0	258	41	0	20
1786949266.461528555	33	0	258	41	0	20
1786949266.696955336	33	0	258	41	0	20
1786949266.919210398	33	0	258	41	0	20
1786949267.141187110	33	0	258	41	0	20
1786949267.364191882	33	0	258	41	0	20
1786949267.587351328	33	0	258	41	0	20
1786949267.810025169	33	0	258	41	0	20
1786949268.033229590	33	0	258	41	0	20
1786949268.259999531	33	0	258	41	0	20
1786949268.486346051	33	0	258	41	0	20
1786949268.709488274	33	0	258	41	0	20
1786949268.935315971	33	0	258	41	0	20
1786949269.157553493	33	0	258	41	0	20
1786949269.384621204	33	0	258	41	0	20
1786949269.615726788	33	0	258	41	0	20
1786949269.850862676	33	0	258	41	0	20
1786949270.072855777	33	0	258	41	0	20
1786949270.301000594	33	0	258	41	0	20
1786949270.523965806	33	0	258	41	0	20
1786949270.754473018	33	0	258	41	0	20
1786949270.981805193	33	0	258	41	0	20
1786949271.203807812	33	0	258	41	0	20
1786949271.426522451	33	0	258	41	0	20
1786949271.648930313	33	0	258	41	0	20
1786949271.872019482	33	0	258	41	0	20
1786949272.102652017	33	0	258	41	0	20
1786949272.324604932	33	0	258	41	0	20
1786949272.555463745	33	0	258	41	0	20
1786949272.778983969	33	0	258	41	0	20
1786949273.010369255	33	0	258	41	0	20
1786949273.236032578	33	0	258	41	0	20
1786949273.461570149	33	0	258	41	0	20
1786949273.684683424	33	0	258	41	0	20
1786949273.907314794	33	0	258	41	0	20
1786949274.134710094	33	0	258	41	0	20
1786949274.356954224	33	0	258	41	0	20
1786949274.584800201	33	0	258	41	0	20
1786949274.811305385	33	0	258	41	0	20
1786949275.038225000	33	0	258	41	0	20
1786949275.264739426	33	0	258	41	0	20
1786949275.486916198	33	0	258	41	0	20
1786949275.718006743	33	0	258	41	0	20
1786949275.946123157	33	0	258	41	0	20
1786949276.168727307	33	0	258	41	0	20
1786949276.399446654	33	0	258	41	0	20
1786949276.627188693	33	0	258	41	0	20
1786949276.858892396	33	0	258	41	0	20
1786949277.081109150	33	0	258	41	0	20
1786949277.308307439	33	0	258	41	0	20
1786949277.530996288	33	0	258	41	0	20
1786949277.754256508	33	0	258	41	0	20
1786949277.977080018	33	0	258	41	0	20
1786949278.208212412	33	0	258	41	0	20
1786949278.430805065	33	0	258	41	0	20
1786949278.662696759	33	0	258	41	0	20
1786949278.885708692	33	0	258	41	0	20
1786949279.107582862	33	0	258	41	0	20
1786949279.334412714	33	0	258	41	0	20
1786949279.556559608	33	0	258	41	0	20
1786949279.783715386	33	0	258	41	0	20
1786949280.011515507	33	0	258	41	0	20
1786949280.233576982	33	0	258	41	0	20
1786949280.456858650	33	0	258	41	0	20
1786949280.679622708	33	0	258	41	0	20
1786949280.906609134	33	0	258	41	0	20
1786949281.128692143	33	0	258	41	0	20
1786949281.351695265	33	0	258	41	0	20
1786949281.573616884	33	0	258	41	0	20
1786949281.801294753	33	0	258	41	0	20
1786949282.028055607	33	0	258	41	0	20
1786949282.250118262	33	0	258	41	0	20
1786949282.477265027	33	0	258	41	0	20
1786949282.699750582	33	0	258	41	0	20
1786949282.930386971	33	0	258	41	0	20
1786949283.153461010	33	0	258	41	0	20
1786949283.380615344	33	0	258	41	0	20
1786949283.603908368	33	0	258	41	0	20
1786949283.826253388	33	0	258	41	0	20
1786949284.053670204	33	0	258	41	0	20
1786949284.275856905	33	0	258	41	0	20
1786949284.499582883	33	0	258	41	0	20
1786949284.739233830	33	0	258	41	0	20
1786949284.961879049	33	0	258	41	0	20
1786949285.189701856	33	0	258	41	0	20
1786949285.419188999	33	0	258	41	0	20
1786949285.647197727	33	0	258	41	0	20
1786949285.870938061	33	0	258	41	0	20
1786949286.097088525	33	0	258	41	0	20
1786949286.332370429	33	0	258	41	0	20
1786949286.554929964	33	0	258	41	0	20
1786949286.777948639	33	0	258	41	0	20
1786949287.001557346	33	0	258	41	0	20
1786949287.223638297	33	0	258	41	0	20
1786949287.445856020	33	0	258	41	0	20
1786949287.668811377	33	0	258	41	0	20
1786949287.891386349	33	0	258	41	0	20
1786949288.114375929	33	0	258	41	0	20
1786949288.336688651	33	0	258	41	0	20
1786949288.559850188	33	0	258	41	0	20
1786949288.788674077	33	0	258	41	0	20
1786949289.019864678	33	0	258	41	0	20
1786949289.241843495	33	0	258	41	0	20
1786949289.464741032	33	0	258	41	0	20
1786949289.686995581	33	0	258	41	0	20
1786949289.916717903	33	0	258	41	0	20
1786949290.138700697	33	0	258	41	0	20
1786949290.365785758	33	0	258	41	0	20
1786949290.588111213	33	0	258	41	0	20
1786949290.811358589	33	0	258	41	0	20
1786949291.037517100	33	0	258	41	2304	20
1786949291.259803842	33	0	258	41	0	20
1786949291.482555105	33	0	258	41	0	20
1786949291.705153733	33	0	258	41	0	20
1786949291.931989880	33	0	258	41	0	20
1786949292.154682119	33	0	258	41	0	20
1786949292.377541473	33	0	258	41	0	20
1786949292.600085881	33	0	258	41	0	20
1786949292.827842121	33	0	258	41	0	20
1786949293.050337376	33	0	258	41	0	20
1786949293.275692711	33	0	258	41	0	20
1786949293.498720291	33	0	258	41	0	20
1786949293.721060802	33	0	258	41	0	20
1786949293.944130731	33	0	258	41	0	20
1786949294.166289131	33	0	258	41	0	20
1786949294.388543115	33	0	258	41	0	20
1786949294.611472085	33	0	258	41	0	20
1786949294.834826627	33	0	258	41	0	20
1786949295.058314604	33	0	258	41	0	20
1786949295.281286372	33	0	258	41	0	20
1786949295.503722060	33	0	258	41	0	20
1786949295.730162323	33	0	258	41	2304	20
1786949295.953262505	33	0	258	41	0	20
1786949296.177027092	33	0	258	41	0	20
1786949296.400697107	33	0	258	41	0	20
1786949296.623469419	33	0	258	41	0	20
1786949296.847031996	33	0	258	41	0	20
1786949297.076955039	33	0	258	41	0	20
1786949297.299698555	33	0	258	41	0	20
1786949297.522524375	33	0	258	41	0	20
1786949297.744868159	33	0	258	41	0	20
1786949297.971621578	33	0	258	41	0	20
1786949298.193917658	33	0	258	41	0	20
1786949298.415840892	33	0	258	41	0	20
1786949298.645602509	33	0	258	41	0	20
1786949298.875957661	33	0	258	41	0	20
1786949299.098328559	33	0	258	41	0	20
1786949299.324915112	33	0	258	41	0	20
1786949299.547819251	33	0	258	41	0	20
1786949299.772769351	33	0	258	41	0	20
1786949299.996279176	33	0	258	41	0	20
1786949300.222471355	33	0	258	41	0	20
1786949300.448199449	33	2304	258	41	0	20
1786949300.675445831	33	0	258	41	0	20
1786949300.898573455	33	0	258	41	0	20
1786949301.121815796	33	0	258	41	0	20
1786949301.344043337	33	0	258	41	0	20
1786949301.567125061	33	0	258	41	0	20
1786949301.797019370	33	0	258	41	0	20
1786949302.019844147	33	0	258	41	0	20
1786949302.242512635	33	0	258	41	0	20
1786949302.472307948	33	0	258	41	0	20
1786949302.694726283	33	0	258	41	0	20
1786949302.917916367	33	0	258	41	0	20
1786949303.143884198	33	0	258	41	0	20
1786949303.368334092	33	0	258	41	0	20
1786949303.606758257	33	0	258	41	0	20
1786949303.840768451	33	0	258	41	0	20
1786949304.080415260	33	0	258	41	0	20
1786949304.303191214	33	0	258	41	0	20
1786949304.525155935	33	0	258	41	0	20
1786949304.751571760	33	0	258	41	0	20
1786949304.974750285	33	0	258	41	0	20
1786949305.196864757	33	0	258	41	0	20
1786949305.418840746	33	0	258	41	0	20
1786949305.653005151	33	0	258	41	0	20
1786949305.876297859	33	0	258	41	0	20
1786949306.098835925	33	0	258	41	0	20
1786949306.321406897	33	0	258	41	0	20
1786949306.543617145	33	0	258	41	0	20
1786949306.766695649	33	0	258	41	0	20
1786949306.993150053	33	0	258	41	0	20
1786949307.216033722	33	0	258	41	0	20
1786949307.438673620	33	0	258	41	0	20
1786949307.669355689	33	0	258	41	0	20
1786949307.892542325	33	0	258	41	0	20
1786949308.114524917	33	0	258	41	0	20
1786949308.351644789	33	0	258	41	2304	20
1786949308.574778904	33	0	258	41	0	20
1786949308.800912210	33	0	258	41	0	20
1786949309.024396043	33	0	258	41	0	20
1786949309.246375240	33	0	258	41	0	20
1786949309.468569631	33	0	258	41	0	20
1786949309.691355650	33	0	258	41	0	20
1786949309.918157666	33	0	258	41	0	20
1786949310.144650112	33	0	258	41	0	20
1786949310.371156994	33	0	258	41	0	20
1786949310.595921021	33	0	258	41	0	20
1786949310.820870133	33	0	258	41	0	20
1786949311.043744191	33	0	258	41	0	20
1786949311.266239373	33	0	258	41	0	20
1786949311.488073259	33	0	258	41	0	20
1786949311.711173874	33	0	258	41	0	20
1786949311.934337365	33	0	258	41	0	20
1786949312.157259575	33	0	258	41	0	20
1786949312.379239936	33	0	258	41	0	20
1786949312.602425487	33	0	258	41	0	20
1786949312.824837054	33	0	258	41	0	20
1786949313.051840040	33	0	258	41	0	20
1786949313.274103572	33	0	258	41	0	20
1786949313.495869329	33	0	258	41	0	20
1786949313.718933737	33	0	258	41	0	20
1786949313.941633858	33	0	258	41	0	20
1786949314.164724085	33	0	258	41	0	20
1786949314.390926627	33	0	258	41	0	20
1786949314.617613941	33	0	258	41	0	20
1786949314.840539125	33	0	258	41	0	20
1786949315.063300603	33	0	258	41	0	20
1786949315.285567188	33	0	258	41	0	20
1786949315.507679506	33	0	258	41	0	20
1786949315.731010834	33	0	258	41	0	20
1786949315.959927631	33	0	258	41	0	20
1786949316.181569567	33	0	258	41	0	20
1786949316.415512285	33	0	258	41	0	20
1786949316.638094090	33	0	258	41	0	20
1786949316.866386642	33	0	258	41	0	20
1786949317.093331736	33	0	258	41	0	20
1786949317.319567301	33	0	258	41	0	20
1786949317.546398849	33	0	258	41	0	20
1786949317.769000314	33	0	258	41	0	20
1786949317.995489518	33	0	258	41	0	20
1786949318.217662509	33	0	258	41	0	20
1786949318.448133589	33	0	258	41	0	20
1786949318.675350790	33	0	258	41	0	20
1786949318.898617826	33	0	258	41	0	20
1786949319.122951946	33	0	258	41	0	20
1786949319.349726742	33	0	258	41	0	20
1786949319.572235028	33	0	258	41	0	20
1786949319.795624105	33	0	258	41	0	20
1786949320.018576934	33	0	258	41	0	20
1786949320.241086230	33	0	258	41	0	20
1786949320.462618158	33	0	258	41	0	20
1786949320.686206655	33	0	258	41	0	20
1786949320.909391030	33	2304	258	41	0	20
1786949321.136398331	33	0	258	41	0	20
1786949321.358651677	33	0	258	41	0	20
1786949321.582241719	33	0	258	41	0	20
1786949321.804883273	33	0	258	41	0	20
1786949322.027620263	33	0	258	41	0	20
1786949322.249698243	33	0	258	41	0	20
1786949322.476943034	33	0	258	41	0	20
1786949322.699318145	33	0	258	41	0	20
1786949322.922316307	33	0	258	41	0	20
1786949323.152538321	33	0	258	41	0	20
1786949323.374814432	33	0	258	41	0	20
1786949323.598053469	33	0	258	41	0	20
1786949323.824861192	33	0	258	41	0	20
1786949324.048233271	33	0	258	41	0	20
1786949324.270757128	33	0	258	41	0	20
1786949324.492861831	33	0	258	41	0	20
1786949324.720062954	33	0	258	41	0	20
1786949324.943055623	33	0	258	41	0	20
1786949325.177021819	33	0	258	41	0	20
1786949325.404479521	33	0	258	41	0	20
1786949325.627278665	33	0	258	41	0	20
1786949325.850300389	33	0	258	41	0	20
1786949326.076726251	33	0	258	41	0	20
1786949326.302771670	33	0	258	41	0	20
1786949326.525922555	33	0	258	41	0	20
1786949326.756132797	33	0	258	41	0	20
1786949326.979296930	33	0	258	41	0	20
1786949327.202000590	33	0	258	41	0	20
1786949327.424004188	33	0	258	41	0	20
1786949327.647014906	33	0	258	41	0	20
1786949327.869246347	33	0	258	41	0	20
1786949328.092306143	33	0	258	41	0	20
1786949328.314387361	33	0	258	41	0	20
1786949328.537261811	33	0	258	41	0	20
1786949328.759512013	33	0	258	41	0	20
1786949328.982485433	33	0	258	41	0	20
1786949329.211371719	33	0	258	41	0	20
1786949329.434227288	33	0	258	41	0	20
1786949329.656877202	33	0	258	41	0	20
1786949329.880103376	33	0	258	41	0	20
1786949330.103147521	33	0	258	41	0	20
1786949330.325218306	33	0	258	41	0	20
1786949330.550816596	33	0	258	41	0	20
1786949330.773181161	33	0	258	41	0	20
1786949330.999778760	33	0	258	41	0	20
1786949331.223022438	33	0	258	41	0	20
1786949331.449610430	33	0	258	41	0	20
1786949331.672302914	33	0	258	41	0	20
1786949331.902500602	33	0	258	41	0	20
1786949332.125038774	33	0	258	41	0	20
1786949332.349699765	33	0	258	41	0	20
1786949332.573021577	33	0	258	41	0	20
1786949332.800546442	33	0	258	41	0	20
1786949333.023409045	33	0	258	41	0	20
1786949333.245045103	33	0	258	41	0	20
1786949333.467528745	33	0	258	41	0	20
1786949333.694949967	33	0	258	41	0	20
1786949333.918064512	33	0	258	41	0	20
1786949334.139781861	33	0	258	41	0	20
1786949334.366376997	33	0	258	41	0	20
1786949334.594011886	33	0	258	41	0	20
1786949334.821050409	33	0	258	41	0	20
1786949335.044365011	33	0	258	41	0	20
1786949335.275343612	33	0	258	41	0	20
1786949335.501683463	33	0	258	41	0	20
1786949335.725475426	33	0	258	41	0	20
1786949335.956855698	33	0	258	41	0	20
1786949336.179221282	33	0	258	41	0	20
1786949336.401530823	33	0	258	41	0	20
1786949336.628493687	33	0	258	41	0	20
1786949336.859203091	33	0	258	41	0	20
1786949337.086488259	33	0	258	41	0	20
1786949337.308404684	33	0	258	41	0	20
1786949337.530974727	33	0	258	41	0	20
1786949337.758454159	33	0	258	41	0	20
1786949337.984365704	33	0	258	41	0	20
1786949338.206561882	33	0	258	41	0	20
1786949338.428768713	33	0	258	41	0	20
1786949338.651296218	33	0	258	41	0	20
1786949338.874683547	33	0	258	41	0	20
1786949339.097789442	33	0	258	41	0	20
1786949339.323750884	33	0	258	41	0	20
1786949339.545482458	33	0	258	41	0	20
1786949339.768284714	33	0	258	41	0	20
1786949339.990796416	33	0	258	41	0	20
1786949340.212303741	33	0	258	41	0	20
1786949340.439646332	33	0	258	41	0	20
1786949340.666929429	33	0	258	41	0	20
1786949340.895211108	33	0	258	41	0	20
1786949341.122067441	33	0	258	41	0	20
1786949341.348427665	33	0	258	41	0	20
1786949341.573923722	33	0	258	41	0	20
1786949341.796882383	33	0	258	41	0	20
1786949342.020131649	33	0	258	41	0	20
1786949342.241952259	33	0	258	41	0	20
1786949342.463704170	33	0	258	41	0	20
1786949342.686799580	33	0	258	41	0	20
1786949342.909182739	33	0	258	41	0	20
1786949343.132250509	33	0	258	41	0	20
1786949343.353384120	33	0	258	41	0	20
1786949343.575287986	33	0	258	41	0	20
1786949343.798606056	33	0	258	41	0	20
1786949344.024870919	33	0	258	41	0	20
1786949344.246927170	33	0	258	41	0	20
1786949344.469554296	33	0	258	41	2304	20
1786949344.691971376	33	0	258	41	0	20
1786949344.915021573	33	0	258	41	0	20
1786949345.137178510	33	0	258	41	0	20
1786949345.359466404	33	0	258	41	0	20
1786949345.581912329	33	0	258	41	0	20
1786949345.811598355	33	0	258	41	0	20
1786949346.034958668	33	0	258	41	0	20
1786949346.256837914	33	0	258	41	0	20
1786949346.482456094	33	0	258	41	0	20
1786949346.705723413	33	0	258	41	0	20
1786949346.928194922	33	0	258	41	0	20
1786949347.150679013	33	0	258	41	0	20
1786949347.376672622	33	0	258	41	0	20
1786949347.599374021	33	0	258	41	0	20
1786949347.826427135	33	0	258	41	0	20
1786949348.052601364	33	0	258	41	0	20
1786949348.281626441	33	0	258	41	0	20
1786949348.510132272	33	0	258	41	0	20
1786949348.733514329	33	0	258	41	0	20
1786949348.957014283	33	0	258	41	0	20
1786949349.179321007	33	0	258	41	0	20
1786949349.401286194	33	0	258	41	0	20
1786949349.624254539	33	0	258	41	0	20
1786949349.850561213	33	0	258	41	0	20
1786949350.077758633	33	0	258	41	0	20
1786949350.299807080	33	0	258	41	0	20
1786949350.521662282	33	0	258	41	0	20
1786949350.748236920	33	0	258	41	0	20
1786949350.970967925	33	0	258	41	0	20
1786949351.196539526	33	0	258	41	0	20
1786949351.418533221	33	0	258	41	0	20
1786949351.641799490	33	0	258	41	0	20
1786949351.864641087	33	0	258	41	0	20
1786949352.093256504	33	0	258	41	0	20
1786949352.318898962	33	0	258	41	2304	20
1786949352.541815344	33	0	258	41	0	20
1786949352.764090226	33	0	258	41	0	20
1786949352.987270641	33	0	258	41	0	20
1786949353.209113454	33	0	258	41	0	20
1786949353.434972853	33	0	258	41	0	20
1786949353.661773972	33	0	258	41	0	20
1786949353.884145127	33	0	258	41	2304	20
1786949354.107454946	33	0	258	41	0	20
1786949354.329324813	33	0	258	41	0	20
1786949354.551113979	33	0	258	41	0	20
1786949354.774212207	33	0	258	41	0	20
1786949354.996627115	33	0	258	41	0	20
1786949355.219568132	33	0	258	41	0	20
1786949355.441355651	33	0	258	41	0	20
1786949355.664512183	33	0	258	41	0	20
1786949355.887131856	33	0	258	41	0	20
1786949356.117066422	33	0	258	41	0	20
1786949356.339788116	33	0	258	41	0	20
1786949356.562302322	33	0	258	41	0	20
1786949356.793045967	33	0	258	41	0	20
1786949357.017502921	33	0	258	41	0	20
1786949357.240815648	33	0	258	41	0	20
1786949357.463100928	33	0	258	41	0	20
1786949357.686267747	33	0	258	41	0	20
1786949357.916380089	33	0	258	41	0	20
1786949358.138821247	33	0	258	41	0	20
1786949358.360729987	33	0	258	41	0	20
1786949358.583500126	33	0	258	41	0	20
1786949358.809550154	33	0	258	41	0	20
1786949359.032408078	33	0	258	41	0	20
1786949359.254576129	33	0	258	41	0	20
1786949359.476919438	33	0	258	41	0	20
1786949359.703419425	33	0	258	41	0	20
1786949359.926051262	33	0	258	41	0	20
1786949360.149093815	33	0	258	41	0	20
1786949360.378139483	33	0	258	41	0	20
1786949360.600647337	33	0	258	41	0	20
1786949360.823586301	33	0	258	41	0	20
1786949361.050393686	33	0	258	41	0	20
1786949361.272051753	33	0	258	41	0	20
1786949361.494233241	33	0	258	41	0	20
1786949361.720827525	33	0	258	41	0	20
1786949361.943485391	33	0	258	41	0	20
1786949362.173412206	33	0	258	41	0	20
1786949362.396276993	33	0	258	41	0	20
1786949362.622865912	33	0	258	41	0	20
1786949362.846632509	33	0	258	41	0	20
1786949363.068833504	33	0	258	41	0	20
1786949363.290747182	33	0	258	41	0	20
1786949363.513099588	33	0	258	41	0	20
1786949363.739350799	33	0	258	41	0	20
1786949363.962817957	33	0	258	41	0	20
1786949364.184766316	33	0	258	41	0	20
1786949364.410439658	33	0	258	41	0	20
1786949364.637012631	33	0	258	41	0	20
1786949364.860149459	33	0	258	41	0	20
1786949365.083623771	33	0	258	41	0	20
1786949365.305488457	33	0	258	41	0	20
1786949365.539842866	33	0	258	41	0	20
1786949365.761942679	33	0	258	41	0	20
1786949365.985075700	33	0	258	41	0	20
1786949366.210555695	33	0	258	41	0	20
1786949366.432335897	33	0	258	41	0	20
1786949366.667458188	33	0	258	41	0	20
1786949366.898501587	33	0	258	41	0	20
1786949367.124126558	33	0	258	41	0	20
1786949367.346292781	33	0	258	41	0	20
1786949367.580698541	33	0	258	41	0	20
1786949367.811673335	33	0	258	41	0	20
1786949368.034035079	33	0	258	41	0	20
1786949368.258128559	33	0	258	41	0	20
1786949368.483879503	33	0	258	41	0	20
1786949368.707103602	33	0	258	41	0	20
1786949368.929705336	33	0	258	41	0	20
1786949369.152970599	33	0	258	41	0	20
1786949369.374504400	33	0	258	41	0	20
1786949369.596886624	33	0	258	41	0	20
1786949369.826673556	33	0	258	41	0	20
1786949370.049388083	33	0	258	41	0	20
1786949370.275876835	33	0	258	41	0	20
1786949370.498969403	33	0	258	41	0	20
1786949370.721453842	33	0	258	41	0	20
1786949370.944989941	33	0	258	41	0	20
1786949371.166878528	33	0	258	41	0	20
1786949371.388484942	33	0	258	41	0	20
1786949371.611347942	33	0	258	41	0	20
1786949371.835522427	33	0	258	41	0	20
1786949372.057940929	33	0	258	41	0	20
1786949372.280242248	33	0	258	41	0	20
1786949372.502493892	33	0	258	41	0	20
1786949372.725334276	33	0	258	41	0	20
1786949372.952499001	33	0	258	41	0	20
1786949373.178105609	33	0	258	41	0	20
1786949373.403520016	33	0	258	41	0	20
1786949373.630522705	33	0	258	41	0	20
1786949373.853354029	33	0	258	41	0	20
1786949374.075622144	33	0	258	41	0	20
1786949374.298358136	33	0	258	41	0	20
1786949374.529001067	33	0	258	41	0	20
1786949374.751605483	33	0	258	41	0	20
1786949374.978901969	33	0	258	41	0	20
1786949375.201006674	33	0	258	41	0	20
1786949375.423433902	33	0	258	41	0	20
1786949375.645837992	33	2304	258	41	0	20
1786949375.873380760	33	0	258	41	0	20
1786949376.100054284	33	0	258	41	0	20
1786949376.322189495	33	0	258	41	0	20
1786949376.552481357	33	0	258	41	0	20
1786949376.779313527	33	0	258	41	0	20
1786949377.006122288	33	0	258	41	0	20
1786949377.232694663	33	0	258	41	0	20
1786949377.458690667	33	0	258	41	0	20
1786949377.681764534	33	0	258	41	0	20
1786949377.904586409	33	0	258	41	0	20
1786949378.131626986	33	0	258	41	0	20
1786949378.354221004	33	0	258	41	0	20
1786949378.576487880	33	0	258	41	0	20
1786949378.799129372	33	0	258	41	0	20
1786949379.022159140	33	0	258	41	0	20
1786949379.251108584	33	0	258	41	0	20
1786949379.473614246	33	0	258	41	0	20
1786949379.703793653	33	0	258	41	0	20
1786949379.930301895	33	0	258	41	0	20
1786949380.159667133	33	0	258	41	0	20
1786949380.381131554	33	0	258	41	0	20
1786949380.604000292	33	0	258	41	0	20
1786949380.826539927	33	0	258	41	0	20
1786949381.061385514	33	0	258	41	0	20
1786949381.284233467	33	0	258	41	0	20
1786949381.510701581	33	0	258	41	0	20
1786949381.733034136	33	0	258	41	0	20
1786949381.969222164	33	0	258	41	0	20
1786949382.195465520	33	0	258	41	0	20
1786949382.420497648	33	0	258	41	0	20
1786949382.646483719	33	0	258	41	0	20
1786949382.877181204	33	0	258	41	0	20
1786949383.099694208	33	0	258	41	0	20
1786949383.334395342	33	0	258	41	0	20
1786949383.557826023	33	0	258	41	0	20
1786949383.780372676	33	0	258	41	0	20
1786949384.003603044	33	0	258	41	0	20
1786949384.225684342	33	0	258	41	0	20
1786949384.448733411	33	0	258	41	0	20
1786949384.670944921	33	0	258	41	0	20
1786949384.894036787	33	0	258	41	0	20
1786949385.125257124	33	0	258	41	0	20
1786949385.348671830	33	0	258	41	0	20
1786949385.570665633	33	0	258	41	0	20
1786949385.793553926	33	0	258	41	0	20
1786949386.015615027	33	0	258	41	0	20
1786949386.237484968	33	0	258	41	0	20
1786949386.464849768	33	0	258	41	2304	20
1786949386.691365062	33	0	258	41	0	20
1786949386.914363453	33	0	258	41	0	20
1786949387.137210986	33	0	258	41	0	20
1786949387.362117732	33	0	258	41	0	20
1786949387.586402080	33	0	258	41	0	20
1786949387.812798972	33	0	258	41	0	20
1786949388.035937856	33	0	258	41	0	20
1786949388.260933974	33	0	258	41	0	20
1786949388.483155625	33	0	258	41	0	20
1786949388.705603717	33	0	258	41	0	20
1786949388.928456845	33	0	258	41	0	20
1786949389.155412248	33	0	258	41	0	20
1786949389.378339414	33	0	258	41	0	20
1786949389.600000140	33	0	258	41	0	20
1786949389.826097644	33	0	258	41	0	20
1786949390.048773328	33	0	258	41	0	20
1786949390.270595183	33	0	258	41	0	20
1786949390.492717941	33	0	258	41	0	20
1786949390.715338841	33	0	258	41	0	20
1786949390.942511354	33	0	258	41	0	20
1786949391.178203426	33	0	258	41	0	20
1786949391.406556858	33	0	258	41	0	20
1786949391.639858510	33	0	258	41	0	20
1786949391.866511682	33	0	258	41	0	20
1786949392.089280207	33	0	258	41	0	20
1786949392.313874868	33	0	258	41	0	20
1786949392.536859476	33	0	258	41	0	20
1786949392.763697202	33	0	258	41	0	20
1786949392.988265974	33	0	258	41	0	20
1786949393.215212566	33	0	258	41	0	20
1786949393.437661168	33	0	258	41	0	20
1786949393.664256497	33	0	258	41	0	20
1786949393.887570834	33	0	258	41	0	20
1786949394.109993352	33	0	258	41	0	20
1786949394.336385618	33	0	258	41	0	20
1786949394.558500406	33	0	258	41	0	20
1786949394.780536405	33	0	258	41	0	20
1786949395.003703295	33	0	258	41	0	20
1786949395.225553469	33	0	258	41	0	20
1786949395.448336506	33	0	258	41	0	20
1786949395.674219793	33	0	258	41	0	20
1786949395.901038388	33	0	258	41	0	20
1786949396.123655961	33	0	258	41	0	20
1786949396.349966544	33	0	258	41	2304	20
1786949396.575784565	33	0	258	41	0	20
1786949396.798169489	33	0	258	41	0	20
1786949397.027053715	33	0	258	41	0	20
1786949397.249117526	33	0	258	41	0	20
1786949397.471399099	33	0	258	41	0	20
1786949397.693742697	33	0	258	41	0	20
1786949397.916772621	33	0	258	41	0	20
1786949398.143587856	33	0	258	41	0	20
1786949398.366298328	33	0	258	41	0	20
1786949398.588446112	33	0	258	41	0	20
1786949398.811384661	33	0	258	41	0	20
1786949399.037972195	33	0	258	41	0	20
1786949399.259761736	33	0	258	41	0	20
1786949399.482444993	33	0	258	41	0	20
1786949399.704586744	33	0	258	41	0	20
1786949399.927786237	33	0	258	41	0	20
1786949400.150340944	33	0	258	41	0	20
1786949400.372778615	33	0	258	41	0	20
1786949400.594777130	33	0	258	41	0	20
1786949400.817173687	33	0	258	41	0	20
1786949401.043484254	33	0	258	41	0	20
1786949401.265676274	33	0	258	41	0	20
1786949401.487603119	33	0	258	41	0	20
1786949401.710500839	33	0	258	41	0	20
1786949401.936974882	33	0	258	41	0	20
1786949402.160008006	33	0	258	41	0	20
1786949402.381806905	33	0	258	41	0	20
1786949402.603794465	33	0	258	41	0	20
1786949402.835532994	33	0	258	41	0	20
1786949403.057693370	33	0	258	41	0	20
1786949403.283049935	33	0	258	41	0	20
1786949403.504929479	33	0	258	41	0	20
1786949403.728412580	33	0	258	41	0	20
1786949403.951256594	33	0	258	41	0	20
1786949404.173711209	33	0	258	41	0	20
1786949404.395942099	33	0	258	41	0	20
1786949404.618661524	33	0	258	41	0	20
1786949404.854641750	33	0	258	41	0	20
1786949405.078047197	33	0	258	41	0	20
1786949405.304840626	33	0	258	41	0	20
1786949405.527132935	33	0	258	41	0	20
1786949405.750036433	33	0	258	41	0	20
1786949405.973614971	33	0	258	41	0	20
1786949406.199531988	33	0	258	41	0	20
1786949406.429434418	33	0	258	41	0	20
1786949406.652008932	33	0	258	41	0	20
1786949406.879088207	33	0	258	41	0	20
1786949407.101302401	33	0	258	41	0	20
1786949407.323664278	33	0	258	41	0	20
1786949407.549787628	33	0	258	41	0	20
1786949407.775786458	33	0	258	41	0	20
1786949408.005993902	33	0	258	41	0	20
1786949408.231869083	33	0	258	41	0	20
1786949408.462332756	33	0	258	41	0	20
1786949408.685142207	33	0	258	41	0	20
1786949408.907821317	33	0	258	41	0	20
1786949409.134307391	33	0	258	41	0	20
1786949409.357005791	33	0	258	41	0	20
1786949409.583320314	33	0	258	41	0	20
1786949409.820842139	33	0	258	41	0	20
1786949410.043580341	33	0	258	41	0	20
1786949410.269118550	33	0	258	41	0	20
1786949410.490858549	33	0	258	41	0	20
1786949410.714213885	33	0	258	41	0	20
1786949410.936803256	33	0	258	41	0	20
1786949411.159919775	33	0	258	41	0	20
1786949411.386293002	33	0	258	41	0	20
1786949411.608519795	33	0	258	41	0	20
1786949411.842185545	33	0	258	41	0	20
1786949412.072892342	33	0	258	41	0	20
1786949412.295416865	33	0	258	41	0	20
1786949412.520939195	33	0	258	41	0	20
1786949412.751767605	33	0	258	41	0	20
1786949412.978205778	33	0	258	41	0	20
1786949413.201256304	33	0	258	41	0	20
1786949413.423065840	33	0	258	41	0	20
1786949413.649670692	33	0	258	41	0	20
1786949413.872295110	33	0	258	41	0	20
1786949414.098227385	33	0	258	41	0	20
1786949414.320085754	33	0	258	41	0	20
1786949414.542800991	33	0	258	41	0	20
1786949414.765161638	33	0	258	41	0	20
1786949414.992001218	33	0	258	41	0	20
1786949415.221876490	33	0	258	41	0	20
1786949415.447995044	33	0	258	41	0	20
1786949415.674622048	33	0	258	41	0	20
1786949415.897069884	33	0	258	41	0	20
1786949416.119757610	33	0	258	41	0	20
1786949416.341750657	33	0	258	41	0	20
1786949416.564711219	33	0	258	41	0	20
1786949416.786822973	33	0	258	41	0	20
1786949417.009852250	33	0	258	41	0	20
1786949417.239836008	33	0	258	41	0	20
1786949417.467260180	33	0	258	41	0	20
1786949417.692731700	33	0	258	41	0	20
1786949417.921034818	33	0	258	41	0	20
1786949418.154856110	33	0	258	41	0	20
1786949418.376736324	33	0	258	41	0	20
1786949418.598833416	33	0	258	41	0	20
1786949418.822488637	33	0	258	41	0	20
1786949419.045712628	33	0	258	41	0	20
1786949419.273505766	33	0	258	41	0	20
1786949419.499933432	33	0	258	41	0	20
1786949419.727767598	33	0	258	41	0	20
1786949419.950484527	33	0	258	41	0	20
1786949420.173354920	33	0	258	41	0	20
1786949420.395282440	33	0	258	41	0	20
1786949420.618025698	33	0	258	41	0	20
1786949420.840783650	33	0	258	41	0	20
1786949421.063557797	33	0	258	41	0	20
1786949421.288563655	33	0	258	41	0	20
1786949421.510333020	33	0	258	41	0	20
1786949421.732576124	33	0	258	41	0	20
1786949421.955468779	33	0	258	41	0	20
1786949422.181756909	33	0	258	41	0	20
1786949422.411266679	33	0	258	41	0	20
1786949422.637312818	33	0	258	41	0	20
1786949422.880522281	33	0	258	41	0	20
1786949423.104102015	33	0	258	41	0	20
1786949423.326371262	33	0	258	41	0	20
1786949423.548706610	33	0	258	41	0	20
1786949423.771870164	33	0	258	41	0	20
1786949423.994070755	33	0	258	41	0	20
1786949424.219004834	33	0	258	41	0	20
1786949424.448677682	33	0	258	41	0	20
1786949424.673081592	33	0	258	41	0	20
1786949424.899364981	33	0	258	41	0	20
1786949425.126070261	33	0	258	41	0	20
1786949425.353010857	33	0	258	41	0	20
1786949425.577018459	33	0	258	41	0	20
1786949425.799500343	33	0	258	41	0	20
1786949426.023057744	33	0	258	41	0	20
1786949426.245905403	33	0	258	41	0	20
1786949426.468654638	33	0	258	41	0	20
1786949426.690932406	33	0	258	41	0	20
1786949426.920047230	33	0	258	41	0	20
1786949427.143551804	33	0	258	41	0	20
1786949427.365364794	33	0	258	41	0	20
1786949427.595167283	33	0	258	41	0	20
1786949427.817560412	33	0	258	41	0	20
1786949428.040874536	33	0	258	41	0	20
1786949428.262879195	33	0	258	41	0	20
1786949428.497140339	33	0	258	41	0	20
1786949428.724536324	33	0	258	41	0	20
1786949428.948111051	33	0	258	41	0	20
1786949429.175313168	33	0	258	41	0	20
1786949429.401914555	33	0	258	41	0	20
1786949429.623814075	33	0	258	41	0	20
1786949429.846873902	33	0	258	41	0	20
1786949430.077944108	33	0	258	41	0	20
1786949430.300151261	33	0	258	41	0	20
1786949430.524050338	33	0	258	41	0	20
1786949430.746362288	33	0	258	41	0	20
1786949430.969447524	33	0	258	41	0	20
1786949431.191918666	33	0	258	41	0	20
1786949431.418626817	33	0	258	41	0	20
1786949431.640537116	33	0	258	41	0	20
1786949431.868560699	33	0	258	41	0	20
1786949432.090892959	33	0	258	41	0	20
1786949432.317388416	33	0	258	41	0	20
1786949432.540212515	33	0	258	41	0	20
1786949432.771019977	33	0	258	41	0	20
1786949432.997583255	33	0	258	41	0	20
1786949433.221552880	33	0	258	41	0	20
1786949433.443052119	33	0	258	41	0	20
1786949433.665658235	33	0	258	41	0	20
1786949433.888472774	33	0	258	41	0	20
1786949434.111606583	33	0	258	41	0	20
1786949434.343001557	33	0	258	41	0	20
1786949434.569449454	33	0	258	41	0	20
1786949434.792506351	33	0	258	41	0	20
1786949435.019564666	33	0	258	41	0	20
1786949435.242721718	33	0	258	41	0	20
1786949435.465247942	33	0	258	41	0	20
1786949435.688698079	33	0	258	41	0	20
1786949435.914135677	33	0	258	41	0	20
1786949436.140268197	33	0	258	41	0	20
1786949436.366544245	33	0	258	41	0	20
1786949436.593783857	33	0	258	41	0	20
1786949436.819882655	33	0	258	41	0	20
1786949437.045687940	33	0	258	41	0	20
1786949437.270678157	33	0	258	41	0	20
1786949437.496081169	33	2304	258	41	0	20
1786949437.722022098	33	0	258	41	0	20
1786949437.951327063	33	0	258	41	0	20
1786949438.182208762	33	0	258	41	0	20
1786949438.405560308	33	0	258	41	0	20
1786949438.629219192	33	0	258	41	0	20
1786949438.854022388	33	0	258	41	0	20
1786949439.078158667	33	0	258	41	0	20
1786949439.300340361	33	0	258	41	0	20
1786949439.523047858	33	0	258	41	0	20
1786949439.746495965	33	0	258	41	0	20
1786949439.968867513	33	0	258	41	0	20
1786949440.192463915	33	0	258	41	0	20
1786949440.418765892	33	0	258	41	0	20
1786949440.641509627	33	0	258	41	0	20
1786949440.868410732	33	0	258	41	0	20
1786949441.092798261	33	0	258	41	0	20
1786949441.315278547	33	0	258	41	0	20
1786949441.541555934	33	0	258	41	0	20
1786949441.764845104	33	0	258	41	0	20
1786949441.987425224	33	0	258	41	0	20
1786949442.210505688	33	0	258	41	0	20
1786949442.433098295	33	0	258	41	0	20
1786949442.655890121	33	0	258	41	0	20
1786949442.882313840	33	0	258	41	0	20
1786949443.105681027	33	0	258	41	0	20
1786949443.328098473	33	0	258	41	0	20
1786949443.551130947	33	0	258	41	0	20
1786949443.777739086	33	0	258	41	0	20
1786949444.000552480	33	0	258	41	0	20
1786949444.222682799	33	0	258	41	0	20
1786949444.444651837	33	0	258	41	0	20
1786949444.667858759	33	0	258	41	0	20
1786949444.891456229	33	0	258	41	0	20
1786949445.120980169	33	0	258	41	0	20
1786949445.345458113	33	0	258	41	0	20
1786949445.568354665	33	0	258	41	0	20
1786949445.791116593	33	0	258	41	0	20
1786949446.013947937	33	0	258	41	0	20
1786949446.236463176	33	0	258	41	0	20
1786949446.459473288	33	0	258	41	0	20
1786949446.686293633	33	0	258	41	0	20
1786949446.909468402	33	0	258	41	0	20
1786949447.136172922	33	0	258	41	0	20
1786949447.359748094	33	0	258	41	0	20
1786949447.590757485	33	0	258	41	0	20
1786949447.813982516	33	0	258	41	0	20
1786949448.036737254	33	0	258	41	0	20
1786949448.260479988	33	0	258	41	0	20
1786949448.491135219	33	0	258	41	0	20
1786949448.719875151	33	0	258	41	0	20
1786949448.946800158	33	0	258	41	0	20
1786949449.170245351	33	0	258	41	0	20
1786949449.396941254	33	0	258	41	0	20
1786949449.619175144	33	0	258	41	0	20
1786949449.846556444	33	0	258	41	0	20
1786949450.069164931	33	0	258	41	0	20
1786949450.299805607	33	0	258	41	0	20
1786949450.523427515	33	0	258	41	0	20
1786949450.750662615	33	0	258	41	0	20
1786949450.973977115	33	0	258	41	0	20
1786949451.204702450	33	0	258	41	0	20
1786949451.427780199	33	0	258	41	0	20
1786949451.650424335	33	0	258	41	0	20
1786949451.878239607	33	0	258	41	0	20
1786949452.100958279	33	0	258	41	0	20
1786949452.323302318	33	0	258	41	0	20
1786949452.550083994	33	0	258	41	0	20
1786949452.773872529	33	0	258	41	0	20
1786949453.000358559	33	0	258	41	0	20
1786949453.222926031	33	0	258	41	0	20
1786949453.453199946	33	0	258	41	0	20
1786949453.676243976	33	0	258	41	0	20
1786949453.904922774	33	0	258	41	0	20
1786949454.127232130	33	0	258	41	0	20
1786949454.353407034	33	0	258	41	0	20
1786949454.576570996	33	0	258	41	0	20
1786949454.799116690	33	0	258	41	0	20
1786949455.026618752	33	0	258	41	0	20
1786949455.248856425	33	0	258	41	0	20
1786949455.474613973	33	0	258	41	0	20
1786949455.703030753	33	0	258	41	0	20
1786949455.925844128	33	0	258	41	0	20
1786949456.158383455	33	0	258	41	0	20
1786949456.380440494	33	0	258	41	0	20
1786949456.602951030	33	0	258	41	0	20
1786949456.829290456	33	0	258	41	0	20
1786949457.060841226	33	0	258	41	0	20
1786949457.283169922	33	0	258	41	0	20
1786949457.505917913	33	0	258	41	0	20
1786949457.729379568	33	0	258	41	0	20
1786949457.958379795	33	0	258	41	0	20
1786949458.180720501	33	0	258	41	0	20
1786949458.407593075	33	0	258	41	0	20
1786949458.635180055	33	0	258	41	0	20
1786949458.867182983	33	0	258	41	0	20
1786949459.090423421	33	0	258	41	0	20
1786949459.316131240	33	0	258	41	0	20
1786949459.538416738	33	0	258	41	0	20
1786949459.761601112	33	0	258	41	0	20
1786949459.987104837	33	0	258	41	0	20
1786949460.218211838	33	0	258	41	0	20
1786949460.441438499	33	0	258	41	0	20
1786949460.663877719	33	0	258	41	0	20
1786949460.887067800	33	0	258	41	0	20
1786949461.109993208	33	0	258	41	0	20
1786949461.335866070	33	0	258	41	0	20
1786949461.561970911	33	0	258	41	0	20
1786949461.785123751	33	0	258	41	0	20
1786949462.008273946	33	0	258	41	0	20
1786949462.237628785	33	0	258	41	0	20
1786949462.460144373	33	0	258	41	0	20
1786949462.686356636	33	0	258	41	0	20
1786949462.909844132	33	0	258	41	0	20
1786949463.132809910	33	0	258	41	0	20
1786949463.355918108	33	0	258	41	0	20
1786949463.577958332	33	0	258	41	0	20
1786949463.805479978	33	0	258	41	0	20
1786949464.027688570	33	0	258	41	0	20
1786949464.250402231	33	0	258	41	0	20
1786949464.476442617	33	0	258	41	0	20
1786949464.698968632	33	0	258	41	0	20
1786949464.921748086	33	0	258	41	0	20
1786949465.144569121	33	0	258	41	0	20
1786949465.367490010	33	0	258	41	0	20
1786949465.589734380	33	0	258	41	0	20
1786949465.813017277	33	0	258	41	0	20
1786949466.035667590	33	0	258	41	0	20
1786949466.262474041	33	0	258	41	0	20
1786949466.484391537	33	0	258	41	0	20
1786949466.707837448	33	0	258	41	0	20
1786949466.930158556	33	0	258	41	0	20
1786949467.153277287	33	0	258	41	0	20
1786949467.379544641	33	0	258	41	0	20
1786949467.601636527	33	0	258	41	0	20
1786949467.824185679	33	0	258	41	0	20
1786949468.046989087	33	0	258	41	0	20
1786949468.270319536	33	0	258	41	0	20
1786949468.492958899	33	0	258	41	0	20
1786949468.723063883	33	0	258	41	0	20
1786949468.946496087	33	0	258	41	0	20
1786949469.172730010	33	0	258	41	0	20
1786949469.394765102	33	0	258	41	0	20
1786949469.622325873	33	0	258	41	0	20
1786949469.845570915	33	0	258	41	0	20
1786949470.067642795	33	0	258	41	0	20
1786949470.289918785	33	0	258	41	0	20
1786949470.513134659	33	0	258	41	0	20
1786949470.739293247	33	0	258	41	0	20
1786949470.962921516	33	0	258	41	0	20
1786949471.186152690	33	0	258	41	0	20
1786949471.408797607	33	0	258	41	0	20
1786949471.635705002	33	0	258	41	0	20
1786949471.862639898	33	0	258	41	0	20
1786949472.088653620	33	0	258	41	0	20
1786949472.311144282	33	0	258	41	0	20
1786949472.534045349	33	0	258	41	0	20
1786949472.756870778	33	0	258	41	0	20
1786949472.979952632	33	0	258	41	0	20
1786949473.202225196	33	0	258	41	0	20
1786949473.425216354	33	0	258	41	2304	20
1786949473.647562737	33	0	258	41	0	20
1786949473.870878779	33	0	258	41	0	20
1786949474.095345490	33	0	258	41	0	20
1786949474.318576005	33	0	258	41	0	20
1786949474.541447196	33	0	258	41	0	20
1786949474.767840049	33	0	258	41	0	20
1786949474.991042364	33	0	258	41	0	20
1786949475.213609769	33	0	258	41	0	20
1786949475.435958957	33	0	258	41	0	20
1786949475.658543976	33	0	258	41	0	20
1786949475.881635877	33	0	258	41	0	20
1786949476.103875730	33	0	258	41	0	20
1786949476.326875135	33	0	258	41	0	20
1786949476.550483501	33	0	258	41	0	20
1786949476.774107626	33	0	258	41	0	20
1786949476.998174931	33	0	258	41	0	20
1786949477.220835600	33	0	258	41	0	20
1786949477.444174274	33	0	258	41	0	20
1786949477.666621515	33	0	258	41	0	20
1786949477.890061139	33	0	258	41	0	20
1786949478.113095033	33	0	258	41	0	20
1786949478.335605904	33	0	258	41	0	20
1786949478.558230301	33	0	258	41	0	20
1786949478.783920868	33	0	258	41	0	20
1786949479.007679451	33	0	258	41	0	20
1786949479.233038683	33	0	258	41	0	20
1786949479.459043758	33	0	258	41	0	20
1786949479.684428529	33	0	258	41	0	20
1786949479.912895567	33	0	258	41	0	20
1786949480.137614148	33	0	258	41	0	20
1786949480.359797284	33	0	258	41	0	20
1786949480.582730137	33	0	258	41	0	20
1786949480.805915245	33	0	258	41	0	20
1786949481.028107035	33	0	258	41	0	20
1786949481.254388202	33	0	258	41	0	20
1786949481.477598504	33	0	258	41	0	20
1786949481.707551887	33	0	258	41	0	20
1786949481.929933266	33	0	258	41	0	20
1786949482.153198792	33	0	258	41	0	20
1786949482.375213709	33	0	258	41	0	20
1786949482.597115828	33	0	258	41	0	20
1786949482.820235896	33	0	258	41	0	20
1786949483.043340271	33	0	258	41	0	20
1786949483.265450757	33	0	258	41	0	20
1786949483.491436797	33	0	258	41	0	20
1786949483.713898939	33	0	258	41	0	20
1786949483.936071427	33	0	258	41	0	20
1786949484.162284231	33	0	258	41	0	20
1786949484.388210002	33	0	258	41	0	20
1786949484.610795563	33	0	258	41	0	20
1786949484.833041182	33	0	258	41	0	20
1786949485.060751184	33	0	258	41	0	20
1786949485.282339074	33	0	258	41	0	20
1786949485.504334719	33	0	258	41	0	20
1786949485.732050275	33	0	258	41	0	20
1786949485.954832410	33	0	258	41	0	20
1786949486.178307385	33	0	258	41	0	20
1786949486.404904990	33	0	258	41	0	20
1786949486.632015943	33	0	258	41	0	20
1786949486.858436918	33	0	258	41	0	20
1786949487.080779122	33	0	258	41	0	20
1786949487.303577920	33	0	258	41	0	20
1786949487.526193500	33	0	258	41	0	20
1786949487.749360056	33	0	258	41	0	20
1786949487.971961555	33	0	258	41	0	20
1786949488.195622888	33	0	258	41	0	20
1786949488.417887163	33	0	258	41	0	20
1786949488.642636330	33	0	258	41	0	20
1786949488.866595156	33	0	258	41	0	20
1786949489.090499706	33	0	258	41	0	20
1786949489.313016851	33	0	258	41	0	20
1786949489.535826511	33	0	258	41	0	20
1786949489.759222891	33	0	258	41	0	20
1786949489.983259573	33	0	258	41	0	20
1786949490.207201687	33	0	258	41	0	20
1786949490.436898631	33	0	258	41	0	20
1786949490.659576309	33	0	258	41	0	20
1786949490.883095043	33	0	258	41	0	20
1786949491.108177349	33	0	258	41	0	20
1786949491.330788083	33	0	258	41	0	20
1786949491.558877974	33	0	258	41	0	20
1786949491.787258082	33	0	258	41	0	20
1786949492.011719058	33	0	258	41	0	20
1786949492.235885737	33	0	258	41	0	20
1786949492.460281352	33	0	258	41	0	20
1786949492.684478486	33	0	258	41	0	20
1786949492.907408811	33	0	258	41	0	20
1786949493.130359598	33	0	258	41	0	20
1786949493.352642069	33	0	258	41	0	20
1786949493.579554110	33	0	258	41	0	20
1786949493.801831332	33	0	258	41	0	20
1786949494.028831477	33	0	258	41	0	20
1786949494.255388084	33	0	258	41	0	20
1786949494.485782033	33	0	258	41	0	20
1786949494.708454594	33	0	258	41	0	20
1786949494.931226944	33	0	258	41	0	20
1786949495.158022115	33	0	258	41	0	20
1786949495.387870238	33	0	258	41	0	20
1786949495.610204302	33	0	258	41	0	20
1786949495.837244652	33	0	258	41	0	20
1786949496.063674394	33	0	258	41	0	20
1786949496.294068799	33	0	258	41	0	20
1786949496.516657070	33	0	258	41	0	20
1786949496.746155091	33	0	258	41	0	20
1786949496.969513875	33	0	258	41	0	20
1786949497.192588063	33	0	258	41	0	20
1786949497.414962081	33	0	258	41	0	20
1786949497.649696827	33	0	258	41	0	20
1786949497.871721978	33	0	258	41	0	20
1786949498.098983008	33	0	258	41	0	20
1786949498.320825117	33	0	258	41	0	20
1786949498.547223314	33	0	258	41	0	20
1786949498.770558793	33	0	258	41	0	20
1786949498.993336484	33	0	258	41	0	20
1786949499.220112951	33	0	258	41	0	20
1786949499.442711835	33	0	258	41	0	20
1786949499.665680511	33	0	258	41	0	20
1786949499.888380584	33	0	258	41	0	20
1786949500.118483869	33	0	258	41	0	20
1786949500.341276347	33	0	258	41	0	20
1786949500.563261415	33	0	258	41	0	20
1786949500.786459797	33	0	258	41	0	20
1786949501.011547458	33	0	258	41	0	20
1786949501.241849580	33	2304	258	41	0	20
1786949501.463946168	33	0	258	41	0	20
1786949501.686855879	33	0	258	41	0	20
1786949501.909240575	33	0	258	41	0	20
1786949502.132036512	33	0	258	41	0	20
1786949502.358860846	33	0	258	41	0	20
1786949502.581132065	33	0	258	41	0	20
1786949502.804302177	33	0	258	41	0	20
1786949503.026908610	33	0	258	41	0	20
1786949503.253885593	33	0	258	41	0	20
1786949503.476188249	33	0	258	41	0	20
1786949503.698692750	33	0	258	41	0	20
1786949503.920775081	33	0	258	41	0	20
1786949504.144561379	33	0	258	41	0	20
1786949504.366730702	33	0	258	41	0	20
1786949504.588579036	33	0	258	41	0	20
1786949504.816004539	33	0	258	41	0	20
1786949505.038312384	33	0	258	41	0	20
1786949505.261525042	33	0	258	41	0	20
1786949505.483745095	33	0	258	41	0	20
1786949505.705839689	33	0	258	41	0	20
1786949505.928148885	33	0	258	41	0	20
1786949506.150893604	33	0	258	41	0	20
1786949506.373103599	33	0	258	41	0	20
1786949506.595131842	33	0	258	41	0	20
1786949506.830947823	33	0	258	41	0	20
1786949507.056867995	33	0	258	41	0	20
1786949507.283138914	33	0	258	41	0	20
1786949507.505574702	33	0	258	41	0	20
1786949507.731414018	33	0	258	41	0	20
1786949507.954418876	33	0	258	41	0	20
1786949508.181289259	33	0	258	41	0	20
1786949508.404755926	33	0	258	41	0	20
1786949508.626808757	33	0	258	41	0	20
1786949508.854157232	33	0	258	41	0	20
1786949509.076804494	33	0	258	41	0	20
1786949509.300936688	33	0	258	41	0	20
1786949509.523967166	33	0	258	41	0	20
1786949509.746802770	33	0	258	41	0	20
1786949509.977069765	33	0	258	41	0	20
1786949510.199356102	33	0	258	41	0	20
1786949510.422222216	33	0	258	41	0	20
1786949510.644644357	33	0	258	41	0	20
1786949510.867621636	33	0	258	41	0	20
1786949511.089792340	33	0	258	41	0	20
1786949511.312512233	33	0	258	41	0	20
1786949511.534960570	33	0	258	41	0	20
1786949511.762736310	33	0	258	41	0	20
1786949511.984863465	33	0	258	41	0	20
1786949512.208135430	33	0	258	41	0	20
1786949512.431046920	33	0	258	41	0	20
1786949512.654235972	33	0	258	41	0	20
1786949512.876627719	33	0	258	41	0	20
1786949513.099956132	33	0	258	41	0	20
1786949513.324033120	33	0	258	41	0	20
1786949513.548042626	33	0	258	41	0	20
1786949513.770725144	33	0	258	41	0	20
1786949513.997713764	33	0	258	41	0	20
1786949514.220810616	33	0	258	41	0	20
1786949514.443214381	33	0	258	41	0	20
1786949514.666165852	33	0	258	41	0	20
1786949514.888757547	33	0	258	41	0	20
1786949515.111696336	33	0	258	41	0	20
1786949515.338360856	33	0	258	41	0	20
1786949515.560751502	33	0	258	41	0	20
1786949515.786963535	33	0	258	41	0	20
1786949516.017338468	33	0	258	41	0	20
1786949516.243157007	33	0	258	41	0	20
1786949516.469517212	33	0	258	41	0	20
1786949516.692627228	33	0	258	41	0	20
1786949516.918925458	33	0	258	41	0	20
1786949517.141172863	33	0	258	41	0	20
1786949517.368005888	33	0	258	41	0	20
1786949517.593835846	33	0	258	41	0	20
1786949517.815999533	33	0	258	41	0	20
1786949518.039082989	33	0	258	41	0	20
1786949518.272418852	33	0	258	41	0	20
1786949518.495059563	33	0	258	41	0	20
1786949518.717372773	33	0	258	41	0	20
1786949518.940687797	33	0	258	41	0	20
1786949519.163311317	33	0	258	41	0	20
1786949519.389758665	33	0	258	41	0	20
1786949519.611823179	33	0	258	41	0	20
1786949519.834715204	33	0	258	41	0	20
1786949520.057068465	33	0	258	41	0	20
1786949520.281099405	33	0	258	41	0	20
1786949520.503034139	33	0	258	41	0	20
1786949520.724870756	33	0	258	41	0	20
1786949520.951423753	33	0	258	41	0	20
1786949521.180455658	33	0	258	41	0	20
1786949521.402449160	33	0	258	41	0	20
1786949521.624986062	33	0	258	41	0	20
1786949521.847631569	33	0	258	41	0	20
1786949522.069837891	33	0	258	41	0	20
1786949522.292858909	33	0	258	41	0	20
1786949522.519574467	33	0	258	41	0	20
1786949522.742382689	33	0	258	41	0	20
1786949522.968799303	33	0	258	41	0	20
1786949523.190911967	33	0	258	41	0	20
1786949523.417093297	33	0	258	41	0	20
1786949523.639478655	33	0	258	41	0	20
1786949523.861735929	33	0	258	41	0	20
1786949524.084831972	33	0	258	41	0	20
1786949524.307332525	33	0	258	41	0	20
1786949524.529940937	33	0	258	41	0	20
1786949524.751986415	33	0	258	41	0	20
1786949524.975062653	33	0	258	41	0	20
1786949525.201090963	33	0	258	41	0	20
1786949525.427264425	33	0	258	41	0	20
1786949525.650299753	33	0	258	41	0	20
1786949525.876237060	33	0	258	41	0	20
1786949526.107248152	33	0	258	41	0	20
1786949526.329846480	33	0	258	41	0	20
1786949526.552635500	33	0	258	41	0	20
1786949526.774870931	33	0	258	41	0	20
1786949526.997925413	33	0	258	41	0	20
1786949527.220093728	33	0	258	41	0	20
1786949527.442730922	33	0	258	41	0	20
1786949527.668642239	33	0	258	41	0	20
1786949527.898649583	33	0	258	41	0	20
1786949528.121098488	33	0	258	41	0	20
1786949528.343959131	33	0	258	41	0	20
1786949528.566329754	33	0	258	41	0	20
1786949528.789422715	33	0	258	41	0	20
1786949529.011274974	33	0	258	41	0	20
1786949529.241730793	33	0	258	41	0	20
1786949529.480718460	33	0	258	41	0	20
1786949529.703995637	33	0	258	41	0	20
1786949529.926397388	33	0	258	41	0	20
1786949530.149183603	33	0	258	41	0	20
1786949530.371412348	33	0	258	41	0	20
1786949530.593308749	33	0	258	41	0	20
1786949530.816123562	33	0	258	41	0	20
1786949531.038095215	33	0	258	41	0	20
1786949531.260866574	33	0	258	41	0	20
1786949531.482942128	33	0	258	41	0	20
1786949531.705352787	33	0	258	41	0	20
1786949531.928441379	33	0	258	41	0	20
1786949532.150831143	33	0	258	41	0	20
1786949532.376612138	33	0	258	41	0	20
1786949532.599273807	33	0	258	41	0	20
1786949532.821372290	33	0	258	41	0	20
1786949533.044388348	33	0	258	41	0	20
1786949533.267393220	33	0	258	41	0	20
1786949533.493635728	33	0	258	41	0	20
1786949533.715672491	33	0	258	41	0	20
1786949533.937797935	33	0	258	41	0	20
1786949534.164629120	33	0	258	41	0	20
1786949534.386723696	33	0	258	41	0	20
1786949534.609310446	33	0	258	41	0	20
1786949534.831204005	33	0	258	41	0	20
1786949535.057290480	33	0	258	41	2304	20
1786949535.279988082	33	0	258	41	0	20
1786949535.502451375	33	0	258	41	0	20
1786949535.724697329	33	0	258	41	0	20
1786949535.947479353	33	0	258	41	0	20
1786949536.169415805	33	0	258	41	0	20
1786949536.392382891	33	0	258	41	0	20
1786949536.618369866	33	0	258	41	0	20
1786949536.840763233	33	0	258	41	0	20
1786949537.063254516	33	0	258	41	0	20
1786949537.285982779	33	0	258	41	0	20
1786949537.512440327	33	0	258	41	0	20
1786949537.734252678	33	0	258	41	0	20
1786949537.964223095	33	0	258	41	0	20
1786949538.190256171	33	0	258	41	0	20
1786949538.413337633	33	0	258	41	0	20
1786949538.635422525	33	0	258	41	0	20
1786949538.861377634	33	0	258	41	0	20
1786949539.088293108	33	0	258	41	0	20
1786949539.310428422	33	0	258	41	0	20
1786949539.533897082	33	0	258	41	0	20
1786949539.757594272	33	0	258	41	0	20
1786949539.982662713	33	0	258	41	0	20
1786949540.205699626	33	0	258	41	0	20
1786949540.431844513	33	0	258	41	0	20
1786949540.658244387	33	0	258	41	0	20
1786949540.881503859	33	0	258	41	0	20
1786949541.103587463	33	0	258	41	0	20
1786949541.326918919	33	0	258	41	0	20
1786949541.548934292	33	0	258	41	0	20
1786949541.771474809	33	0	258	41	0	20
1786949541.993180810	33	0	258	41	0	20
1786949542.216190460	33	0	258	41	0	20
1786949542.442809434	33	0	258	41	0	20
1786949542.669519350	33	0	258	41	0	20
1786949542.891491839	33	0	258	41	0	20
1786949543.113995167	33	0	258	41	0	20
1786949543.336015645	33	0	258	41	0	20
1786949543.559015905	33	0	258	41	0	20
1786949543.781508246	33	0	258	41	0	20
1786949544.012853390	33	0	258	41	0	20
1786949544.238900077	33	0	258	41	0	20
1786949544.460538051	33	0	258	41	0	20
1786949544.682388529	33	0	258	41	0	20
1786949544.905411599	33	0	258	41	0	20
1786949545.127584438	33	0	258	41	0	20
1786949545.350230969	33	0	258	41	0	20
1786949545.572708529	33	0	258	41	0	20
1786949545.815206208	33	0	258	41	0	20
1786949546.041269876	33	0	258	41	0	20
1786949546.266686726	33	0	258	41	0	20
1786949546.494381544	33	0	258	41	0	20
1786949546.717627304	33	0	258	41	0	20
1786949546.939777668	33	0	258	41	0	20
1786949547.165499818	33	0	258	41	0	20
1786949547.394659453	33	0	258	41	0	20
1786949547.617200644	33	0	258	41	0	20
1786949547.838817484	33	0	258	41	0	20
1786949548.060665775	33	0	258	41	0	20
1786949548.283240481	33	0	258	41	0	20
1786949548.505196138	33	0	258	41	0	20
1786949548.744004267	33	0	258	41	0	20
1786949548.966357041	33	0	258	41	0	20
1786949549.189406313	33	0	258	41	0	20
1786949549.411353089	33	0	258	41	0	20
1786949549.633378658	33	0	258	41	0	20
1786949549.855842209	33	0	258	41	0	20
1786949550.077870991	33	0	258	41	0	20
1786949550.304583341	33	0	258	41	0	20
1786949550.526897486	33	0	258	41	0	20
1786949550.748851008	33	0	258	41	0	20
1786949550.971681183	33	0	258	41	0	20
1786949551.193355155	33	0	258	41	0	20
1786949551.420646084	33	0	258	41	0	20
1786949551.642472358	33	0	258	41	0	20
1786949551.868579714	33	0	258	41	0	20
1786949552.090808093	33	0	258	41	0	20
1786949552.312643217	33	0	258	41	0	20
1786949552.538829658	33	0	258	41	0	20
1786949552.760499459	33	0	258	41	0	20
1786949552.982564244	33	0	258	41	0	20
1786949553.203812685	33	0	258	41	0	20
1786949553.425882444	33	0	258	41	0	20
1786949553.647981494	33	0	258	41	0	20
1786949553.869555159	33	0	258	41	0	20
1786949554.091032794	33	0	258	41	0	20
1786949554.312929244	33	0	258	41	0	20
1786949554.539746446	33	0	258	41	0	20
1786949554.761682023	33	0	258	41	0	20
1786949554.984345430	33	0	258	41	0	20
1786949555.205670223	33	0	258	41	0	20
1786949555.432499622	33	0	258	41	0	20
1786949555.655461130	33	0	258	41	0	20
1786949555.877676131	33	0	258	41	0	20
1786949556.104939755	33	0	258	41	0	20
1786949556.326822331	33	0	258	41	0	20
1786949556.553266725	33	0	258	41	0	20
1786949556.776382659	33	0	258	41	0	20
1786949556.998409901	33	0	258	41	0	20
1786949557.220884379	33	0	258	41	0	20
1786949557.443061051	33	0	258	41	0	20
1786949557.668226194	33	0	258	41	0	20
1786949557.890189438	33	0	258	41	0	20
1786949558.116806340	33	0	258	41	0	20
1786949558.339310853	33	0	258	41	0	20
1786949558.561651686	33	0	258	41	0	20
1786949558.788329510	33	0	258	41	0	20
1786949559.010075430	33	0	258	41	0	20
1786949559.231908510	33	0	258	41	0	20
1786949559.454725920	33	0	258	41	0	20
1786949559.681177538	33	0	258	41	0	20
1786949559.903225386	33	0	258	41	0	20
1786949560.125642648	33	0	258	41	0	20
1786949560.347935190	33	0	258	41	0	20
1786949560.570698538	33	0	258	41	0	20
1786949560.802525051	33	0	258	41	0	20
1786949561.029530704	33	0	258	41	0	20
1786949561.251418361	33	0	258	41	0	20
1786949561.473589137	33	0	258	41	0	20
1786949561.699581327	33	0	258	41	0	20
1786949561.922257685	33	0	258	41	0	20
1786949562.144187364	33	0	258	41	0	20
1786949562.374491449	33	0	258	41	0	20
1786949562.597374779	33	0	258	41	0	20
1786949562.819285914	33	0	258	41	0	20
1786949563.041278352	33	0	258	41	0	20
1786949563.263445242	33	0	258	41	0	20
1786949563.485292282	33	0	258	41	0	20
1786949563.706830107	33	0	258	41	0	20
1786949563.933878056	33	0	258	41	0	20
1786949564.160011134	33	0	258	41	0	20
1786949564.381934201	33	0	258	41	0	20
1786949564.605142507	33	0	258	41	0	20
1786949564.826937206	33	0	258	41	0	20
1786949565.049505661	33	0	258	41	0	20
1786949565.275395192	33	0	258	41	0	20
1786949565.497323321	33	0	258	41	0	20
1786949565.719851075	33	0	258	41	0	20
1786949565.941581866	33	0	258	41	0	20
1786949566.163544133	33	0	258	41	0	20
1786949566.386203533	33	0	258	41	0	20
1786949566.612418589	33	0	258	41	0	20
1786949566.838769612	33	0	258	41	0	20
1786949567.064149576	33	0	258	41	0	20
1786949567.286644631	33	0	258	41	0	20
1786949567.508584211	33	0	258	41	0	20
1786949567.732886126	33	0	258	41	0	20
1786949567.954650259	33	2304	258	41	0	20
1786949568.177338929	33	0	258	41	0	20
1786949568.399433330	33	0	258	41	0	20
1786949568.621391899	33	0	258	41	0	20
1786949568.843471580	33	0	258	41	0	20
1786949569.073960197	33	0	258	41	0	20
1786949569.295588734	33	0	258	41	0	20
1786949569.518144512	33	0	258	41	0	20
1786949569.743248848	33	0	258	41	0	20
1786949569.965700038	33	0	258	41	0	20
1786949570.190092857	33	0	258	41	0	20
1786949570.412445385	33	0	258	41	0	20
1786949570.634843754	33	0	258	41	0	20
1786949570.860260259	33	0	258	41	0	20
1786949571.086605781	33	0	258	41	0	20
1786949571.308890062	33	0	258	41	0	20
1786949571.543575937	33	0	258	41	0	20
1786949571.766551817	33	0	258	41	0	20
1786949571.988409301	33	0	258	41	0	20
1786949572.210924756	33	0	258	41	0	20
1786949572.432732081	33	0	258	41	0	20
1786949572.654962823	33	0	258	41	0	20
1786949572.879953332	33	0	258	41	0	20
1786949573.102371377	33	2304	258	41	0	20
1786949573.327282840	33	2304	258	41	0	20
1786949573.549404377	33	0	258	41	0	20
1786949573.771309760	33	0	258	41	0	20
1786949573.994033979	33	0	258	41	0	20
1786949574.215945236	33	0	258	41	0	20
1786949574.445269360	33	0	258	41	0	20
1786949574.667110660	33	0	258	41	0	20
1786949574.889452079	33	0	258	41	0	20
1786949575.110787623	33	0	258	41	0	20
1786949575.333155439	33	0	258	41	0	20
1786949575.555375624	33	0	258	41	0	20
1786949575.781313114	33	0	258	41	0	20
1786949576.003054813	33	0	258	41	0	20
1786949576.229131843	33	0	258	41	0	20
1786949576.451179447	33	0	258	41	0	20
1786949576.673347742	33	0	258	41	0	20
1786949576.896089222	33	0	258	41	0	20
1786949577.117281836	33	0	258	41	0	20
1786949577.339172166	33	0	258	41	0	20
1786949577.561986116	33	0	258	41	0	20
1786949577.783971046	33	0	258	41	0	20
1786949578.005875385	33	0	258	41	0	20
1786949578.231611204	33	0	258	41	0	20
1786949578.460024178	33	0	258	41	0	20
1786949578.689504999	33	0	258	41	0	20
1786949578.910990735	33	0	258	41	0	20
1786949579.133183155	33	0	258	41	0	20
1786949579.355473677	33	0	258	41	0	20
1786949579.578443946	33	0	258	41	0	20
1786949579.800345927	33	0	258	41	0	20
1786949580.022209929	33	0	258	41	0	20
1786949580.244556157	33	0	258	41	0	20
1786949580.466520864	33	0	258	41	0	20
1786949580.688573385	33	0	258	41	0	20
1786949580.911066218	33	0	258	41	0	20
1786949581.132906455	33	0	258	41	0	20
1786949581.355141497	33	0	258	41	0	20
1786949581.577267508	33	0	258	41	0	20
1786949581.803104682	33	0	258	41	0	20
1786949582.024697927	33	0	258	41	0	20
1786949582.246870165	33	0	258	41	0	20
1786949582.468473480	33	0	258	41	0	20
1786949582.690289744	33	0	258	41	0	20
1786949582.912945830	33	0	258	41	0	20
1786949583.134831083	33	0	258	41	0	20
1786949583.360204901	33	0	258	41	0	20
1786949583.583128512	33	0	258	41	0	20
1786949583.805054114	33	0	258	41	0	20
1786949584.026841947	33	0	258	41	0	20
1786949584.249123500	33	0	258	41	0	20
1786949584.470976044	33	0	258	41	0	20
1786949584.700415055	33	0	258	41	0	20
1786949584.922042358	33	0	258	41	0	20
1786949585.144075649	33	0	258	41	0	20
1786949585.365961779	33	0	258	41	0	20
1786949585.588493849	33	0	258	41	0	20
1786949585.810869567	33	0	258	41	0	20
1786949586.032628613	33	0	258	41	0	20
1786949586.261798517	33	0	258	41	0	20
1786949586.483755524	33	0	258	41	0	20
1786949586.706235133	33	0	258	41	0	20
1786949586.928081430	33	0	258	41	0	20
1786949587.160887076	33	0	258	41	0	20
1786949587.383023246	33	0	258	41	0	20
1786949587.605625971	33	0	258	41	0	20
1786949587.831619091	33	0	258	41	0	20
1786949588.053335309	33	0	258	41	2304	20
1786949588.287441589	33	0	258	41	0	20
1786949588.513732628	33	0	258	41	0	20
1786949588.743864054	33	0	258	41	0	20
1786949588.966021705	33	0	258	41	0	20
1786949589.190955816	33	0	258	41	0	20
1786949589.413121761	33	0	258	41	0	20
1786949589.641569927	33	0	258	41	0	20
1786949589.868337882	33	0	258	41	0	20
1786949590.090164714	33	0	258	41	0	20
1786949590.312042335	33	0	258	41	0	20
1786949590.534165697	33	0	258	41	0	20
1786949590.756545311	33	0	258	41	0	20
1786949590.978534930	33	0	258	41	0	20
1786949591.205295047	33	0	258	41	0	20
1786949591.427912798	33	0	258	41	0	20
1786949591.655461640	33	0	258	41	0	20
1786949591.877205971	33	0	258	41	0	20
1786949592.099017673	33	0	258	41	0	20
1786949592.321512928	33	0	258	41	0	20
1786949592.548174889	33	0	258	41	0	20
1786949592.770150351	33	0	258	41	0	20
1786949592.992442134	33	0	258	41	0	20
1786949593.218274703	33	0	258	41	0	20
1786949593.440065108	33	0	258	41	0	20
1786949593.662501134	33	0	258	41	0	20
1786949593.884826149	33	0	258	41	0	20
1786949594.106646759	33	0	258	41	0	20
1786949594.328129373	33	0	258	41	0	20
1786949594.550048316	33	0	258	41	0	20
1786949594.776395212	33	0	258	41	0	20
1786949594.998098096	33	0	258	41	0	20
1786949595.220305029	33	0	258	41	0	20
1786949595.446940681	33	0	258	41	0	20
1786949595.673171685	33	0	258	41	0	20
1786949595.895443269	33	0	258	41	0	20
1786949596.121251287	33	0	258	41	0	20
1786949596.347208806	33	0	258	41	0	20
1786949596.585879600	33	0	258	41	0	20
1786949596.808387144	33	0	258	41	0	20
1786949597.030982564	33	0	258	41	0	20
1786949597.252956656	33	0	258	41	0	20
1786949597.483433856	33	0	258	41	0	20
1786949597.705487480	33	0	258	41	0	20
1786949597.927731744	33	0	258	41	0	20
1786949598.153100858	33	0	258	41	0	20
1786949598.374947175	33	0	258	41	0	20
1786949598.597782829	33	0	258	41	0	20
1786949598.823782203	33	0	258	41	0	20
1786949599.045630892	33	0	258	41	0	20
1786949599.267809855	33	0	258	41	0	20
1786949599.490126606	33	0	258	41	0	20
1786949599.712242910	33	0	258	41	0	20
1786949599.933934231	33	0	258	41	0	20
1786949600.157231722	33	0	258	41	0	20
1786949600.381150955	33	0	258	41	0	20
1786949600.605777018	33	0	258	41	0	20
1786949600.831567333	33	0	258	41	0	20
1786949601.054563959	33	0	258	41	0	20
1786949601.276657014	33	0	258	41	0	20
1786949601.498680257	33	0	258	41	0	20
1786949601.720490968	33	0	258	41	0	20
1786949601.943036652	33	0	258	41	0	20
1786949602.164498279	33	0	258	41	0	20
1786949602.387074730	33	0	258	41	0	20
1786949602.609070882	33	0	258	41	0	20
1786949602.830847549	33	0	258	41	0	20
1786949603.053267000	33	0	258	41	0	20
1786949603.284077805	33	0	258	41	0	20
1786949603.506093773	33	0	258	41	0	20
1786949603.728129987	33	0	258	41	0	20
1786949603.950342109	33	0	258	41	0	20
1786949604.171839537	33	0	258	41	0	20
1786949604.397799325	33	0	258	41	0	20
1786949604.625897877	33	0	258	41	0	20
1786949604.848242951	33	0	258	41	0	20
1786949605.070638655	33	0	258	41	0	20
1786949605.292581936	33	0	258	41	0	20
1786949605.514802788	33	0	258	41	2304	20
1786949605.741777221	33	0	258	41	0	20
1786949605.968348785	33	0	258	41	0	20
1786949606.190322764	33	0	258	41	0	20
1786949606.412466903	33	0	258	41	0	20
1786949606.634359020	33	0	258	41	0	20
1786949606.860230361	33	0	258	41	0	20
1786949607.082634284	33	0	258	41	0	20
1786949607.304668547	33	0	258	41	0	20
1786949607.527647811	33	0	258	41	0	20
1786949607.749654044	33	0	258	41	0	20
1786949607.971433929	33	0	258	41	0	20
1786949608.193563864	33	0	258	41	0	20
1786949608.418805229	33	0	258	41	0	20
1786949608.644136298	33	0	258	41	0	20
1786949608.865528347	33	0	258	41	0	20
1786949609.086945859	33	0	258	41	0	20
1786949609.308566604	33	0	258	41	0	20
1786949609.531174752	33	0	258	41	0	20
1786949609.756909686	33	0	258	41	0	20
1786949609.978318595	33	0	258	41	0	20
1786949610.201001021	33	0	258	41	0	20
1786949610.422724749	33	0	258	41	0	20
1786949610.649222504	33	0	258	41	0	20
1786949610.871422911	33	0	258	41	0	20
1786949611.092442928	33	0	258	41	0	20
1786949611.313648976	33	0	258	41	0	20
1786949611.535643232	33	0	258	41	0	20
1786949611.759552476	33	0	258	41	0	20
1786949611.985360666	33	0	258	41	0	20
1786949612.207384070	33	0	258	41	0	20
1786949612.429658975	33	0	258	41	0	20
1786949612.661010611	33	0	258	41	0	20
1786949612.886588417	33	0	258	41	0	20
1786949613.108721973	33	0	258	41	0	20
1786949613.329552514	33	0	258	41	0	20
1786949613.551336666	33	0	258	41	0	20
1786949613.773633896	33	0	258	41	0	20
1786949613.995607653	33	0	258	41	0	20
1786949614.217477971	33	0	258	41	0	20
1786949614.443603830	33	0	258	41	0	20
1786949614.665947108	33	0	258	41	0	20
1786949614.888089526	33	0	258	41	0	20
1786949615.110549261	33	0	258	41	0	20
1786949615.335372622	33	0	258	41	0	20
1786949615.557281537	33	0	258	41	0	20
1786949615.779231088	33	0	258	41	0	20
1786949616.004526977	33	0	258	41	0	20
1786949616.226880747	33	0	258	41	0	20
1786949616.452666988	33	0	258	41	0	20
1786949616.674402662	33	0	258	41	0	20
1786949616.899602287	33	0	258	41	0	20
1786949617.121275098	33	0	258	41	0	20
1786949617.342959359	33	0	258	41	0	20
1786949617.568846497	33	0	258	41	0	20
1786949617.790456838	33	0	258	41	0	20
1786949618.011624479	33	0	258	41	0	20
1786949618.234010824	33	0	258	41	0	20
1786949618.460151442	33	0	258	41	0	20
1786949618.686101113	33	0	258	41	0	20
1786949618.912252315	33	0	258	41	0	20
1786949619.133938451	33	0	258	41	0	20
1786949619.355937119	33	0	258	41	0	20
1786949619.577829530	33	0	258	41	0	20
1786949619.799289302	33	0	258	41	0	20
1786949620.021329104	33	0	258	41	0	20
1786949620.242131092	33	0	258	41	0	20
1786949620.463975875	33	0	258	41	0	20
1786949620.688509336	33	0	258	41	0	20
1786949620.910385672	33	0	258	41	0	20
1786949621.132198724	33	0	258	41	0	20
1786949621.352981981	33	0	258	41	0	20
1786949621.585069449	33	0	258	41	0	20
1786949621.807017046	33	0	258	41	0	20
1786949622.029046704	33	0	258	41	0	20
1786949622.250312263	33	0	258	41	0	20
1786949622.472635345	33	0	258	41	0	20
1786949622.694688976	33	0	258	41	0	20
1786949622.915991774	33	0	258	41	0	20
1786949623.137498675	33	0	258	41	0	20
1786949623.359182959	33	0	258	41	0	20
1786949623.580887071	33	0	258	41	0	20
1786949623.803164166	33	0	258	41	0	20
1786949624.029746849	33	0	258	41	0	20
1786949624.250943309	33	0	258	41	0	20
1786949624.481232825	33	0	258	41	0	20
1786949624.702960146	33	0	258	41	0	20
1786949624.925024571	33	0	258	41	0	20
1786949625.147322751	33	0	258	41	0	20
1786949625.368419038	33	0	258	41	0	20
1786949625.590251749	33	0	258	41	0	20
1786949625.812662853	33	0	258	41	0	20
1786949626.034189453	33	0	258	41	0	20
1786949626.255570073	33	0	258	41	0	20
1786949626.478464605	33	0	258	41	0	20
1786949626.700079485	33	0	258	41	0	20
1786949626.922025863	33	0	258	41	0	20
1786949627.143997008	33	0	258	41	0	20
1786949627.365200060	33	0	258	41	0	20
1786949627.586917709	33	0	258	41	0	20
1786949627.821365625	33	0	258	41	0	20
1786949628.042692635	33	0	258	41	0	20
1786949628.267257876	33	0	258	41	0	20
1786949628.491165283	33	0	258	41	0	20
1786949628.713009832	33	0	258	41	0	20
1786949628.934403987	33	0	258	41	0	20
1786949629.156361677	33	0	258	41	0	20
1786949629.382530966	33	0	258	41	0	20
1786949629.604222596	33	0	258	41	0	20
1786949629.827110931	33	0	258	41	0	20
1786949630.048669168	33	0	258	41	0	20
1786949630.270011575	33	0	258	41	0	20
1786949630.492633461	33	0	258	41	0	20
1786949630.717441260	33	0	258	41	0	20
1786949630.939003240	33	0	258	41	0	20
1786949631.161372036	33	0	258	41	0	20
1786949631.383517933	33	0	258	41	0	20
1786949631.609627688	33	0	258	41	0	20
1786949631.831716499	33	0	258	41	0	20
1786949632.053873834	33	0	258	41	0	20
1786949632.278800368	33	0	258	41	0	20
1786949632.500255882	33	0	258	41	0	20
1786949632.730514120	33	0	258	41	0	20
1786949632.952081971	33	0	258	41	0	20
1786949633.173805106	33	0	258	41	0	20
1786949633.400955878	33	0	258	41	0	20
1786949633.627114573	33	0	258	41	0	20
1786949633.849093986	33	0	258	41	0	20
1786949634.071195871	33	0	258	41	0	20
1786949634.292961856	33	0	258	41	0	20
1786949634.518689227	33	0	258	41	0	20
1786949634.749735322	33	0	258	41	0	20
1786949634.976368986	33	0	258	41	0	20
1786949635.197704617	33	0	258	41	0	20
1786949635.419560486	33	0	258	41	0	20
1786949635.642556343	33	0	258	41	0	20
1786949635.864199864	33	0	258	41	0	20
1786949636.085790263	33	0	258	41	0	20
1786949636.307085101	33	0	258	41	0	20
1786949636.529142788	33	0	258	41	0	20
1786949636.755662155	33	0	258	41	0	20
1786949636.977028581	33	0	258	41	0	20
1786949637.199018646	33	0	258	41	0	20
1786949637.420191871	33	0	258	41	0	20
1786949637.646224724	33	0	258	41	0	20
1786949637.867842473	33	0	258	41	0	20
1786949638.092872298	33	0	258	41	0	20
1786949638.322044333	33	0	258	41	0	20
1786949638.544733875	33	0	258	41	0	20
1786949638.766821830	33	0	258	41	0	20
1786949638.987957601	33	0	258	41	0	20
1786949639.209326395	33	0	258	41	0	20
1786949639.436082161	33	0	258	41	2304	20
1786949639.658642063	33	0	258	41	0	20
1786949639.884175458	33	0	258	41	0	20
1786949640.105410817	33	0	258	41	0	20
1786949640.327027331	33	0	258	41	0	20
1786949640.548624823	33	0	258	41	0	20
1786949640.775769929	33	0	258	41	0	20
1786949640.997653956	33	0	258	41	0	20
1786949641.219136144	33	0	258	41	0	20
1786949641.440912852	33	0	258	41	0	20
1786949641.664351019	33	0	258	41	0	20
1786949641.885516203	33	0	258	41	0	20
1786949642.106711478	33	0	258	41	0	20
1786949642.328206779	33	0	258	41	0	20
1786949642.551130670	33	0	258	41	0	20
1786949642.772977425	33	0	258	41	0	20
1786949642.995210654	33	0	258	41	0	20
1786949643.221114218	33	0	258	41	0	20
1786949643.442805641	33	0	258	41	0	20
1786949643.666187801	33	0	258	41	0	20
1786949643.888143192	33	0	258	41	0	20
1786949644.109229210	33	0	258	41	0	20
1786949644.334547950	33	0	258	41	0	20
1786949644.565281460	33	0	258	41	0	20
1786949644.796617866	33	0	258	41	0	20
1786949645.017977778	33	0	258	41	0	20
1786949645.248340460	33	0	258	41	0	20
1786949645.470505673	33	0	258	41	0	20
1786949645.696276164	33	0	258	41	0	20
1786949645.918298700	33	0	258	41	0	20
1786949646.140223062	33	0	258	41	0	20
1786949646.363972058	33	0	258	41	0	20
1786949646.586026399	33	0	258	41	0	20
1786949646.807649659	33	0	258	41	0	20
1786949647.029422283	33	0	258	41	0	20
1786949647.255289679	33	0	258	41	0	20
1786949647.481790734	33	0	258	41	0	20
1786949647.704116036	33	0	258	41	0	20
1786949647.926136911	33	0	258	41	0	20
1786949648.147585800	33	0	258	41	0	20
1786949648.369105467	33	0	258	41	0	20
1786949648.599450338	33	0	258	41	0	20
1786949648.824952547	33	0	258	41	0	20
1786949649.054806475	33	0	258	41	0	20
1786949649.276711946	33	0	258	41	2304	20
1786949649.499064359	33	0	258	41	0	20
1786949649.724877184	33	0	258	41	0	20
1786949649.946930846	33	0	258	41	0	20
1786949650.168390555	33	0	258	41	0	20
1786949650.397384777	33	0	258	41	0	20
1786949650.619984942	33	0	258	41	0	20
1786949650.841592582	33	0	258	41	0	20
1786949651.063713208	33	0	258	41	0	20
1786949651.284529246	33	0	258	41	2304	20
1786949651.506155049	33	0	258	41	0	20
1786949651.727983140	33	0	258	41	0	20
1786949651.954403943	33	0	258	41	0	20
1786949652.175877043	33	0	258	41	0	20
1786949652.397269058	33	0	258	41	0	20
1786949652.619573401	33	0	258	41	0	20
1786949652.845962574	33	0	258	41	0	20
1786949653.075233488	33	0	258	41	0	20
1786949653.301164418	33	0	258	41	0	20
1786949653.523427279	33	0	258	41	0	20
1786949653.747230867	33	0	258	41	0	20
1786949653.969636849	33	0	258	41	0	20
1786949654.192982557	33	0	258	41	0	20
1786949654.415179441	33	0	258	41	0	20
1786949654.638243997	33	0	258	41	0	20
1786949654.863337124	33	0	258	41	0	20
1786949655.088811204	33	0	258	41	0	20
1786949655.311512538	33	0	258	41	0	20
1786949655.536856191	33	0	258	41	0	20
1786949655.763854113	33	0	258	41	0	20
1786949655.985596022	33	0	258	41	0	20
1786949656.207654931	33	0	258	41	0	20
1786949656.429843697	33	0	258	41	0	20
1786949656.652146464	33	0	258	41	0	20
1786949656.877953915	33	0	258	41	0	20
1786949657.103893112	33	0	258	41	0	20
1786949657.325869104	33	0	258	41	0	20
1786949657.551856491	33	0	258	41	0	20
1786949657.773768676	33	0	258	41	0	20
1786949658.000591652	33	0	258	41	0	20
1786949658.222351986	33	0	258	41	0	20
1786949658.445042298	33	0	258	41	0	20
1786949658.669014703	33	0	258	41	0	20
1786949658.894479060	33	0	258	41	0	20
1786949659.116926602	33	0	258	41	0	20
1786949659.338680277	33	0	258	41	0	20
1786949659.560840880	33	0	258	41	0	20
1786949659.795062016	33	0	258	41	0	20
1786949660.018307436	33	0	258	41	0	20
1786949660.242100361	33	0	258	41	0	20
1786949660.464767695	33	0	258	41	0	20
1786949660.687739897	33	0	258	41	0	20
1786949660.910165850	33	0	258	41	0	20
1786949661.131898907	33	0	258	41	0	20
1786949661.354894790	33	0	258	41	0	20
1786949661.577927292	33	0	258	41	0	20
1786949661.801451720	33	0	258	41	0	20
1786949662.023099079	33	0	258	41	0	20
1786949662.244886266	33	0	258	41	0	20
1786949662.467169674	33	0	258	41	0	20
1786949662.691641486	33	0	258	41	0	20
1786949662.913394100	33	0	258	41	0	20
1786949663.135296144	33	0	258	41	0	20
1786949663.357322833	33	0	258	41	0	20
1786949663.580741946	33	0	258	41	0	20
1786949663.803424591	33	0	258	41	0	20
1786949664.025423433	33	0	258	41	0	20
1786949664.247905832	33	0	258	41	2304	20
1786949664.474318686	33	0	258	41	0	20
1786949664.697226195	33	0	258	41	0	20
1786949664.923800165	33	0	258	41	0	20
1786949665.145516717	33	0	258	41	0	20
1786949665.367389661	33	0	258	41	0	20
1786949665.590139550	33	0	258	41	0	20
1786949665.812171604	33	0	258	41	0	20
1786949666.034572025	33	0	258	41	0	20
1786949666.263834549	33	0	258	41	0	20
1786949666.493015929	33	0	258	41	0	20
1786949666.716689221	33	0	258	41	0	20
1786949666.939492059	33	0	258	41	0	20
1786949667.167455456	33	0	258	41	0	20
1786949667.389508276	33	0	258	41	0	20
1786949667.612326291	33	0	258	41	0	20
1786949667.834695184	33	0	258	41	0	20
1786949668.057068060	33	0	258	41	0	20
1786949668.279249785	33	0	258	41	0	20
1786949668.502211077	33	0	258	41	0	20
1786949668.724508266	33	0	258	41	0	20
1786949668.946799519	33	0	258	41	0	20
1786949669.168599550	33	0	258	41	0	20
1786949669.390950071	33	0	258	41	0	20
1786949669.613660092	33	0	258	41	0	20
1786949669.837749033	33	0	258	41	0	20
1786949670.059426729	33	0	258	41	0	20
1786949670.285406865	33	0	258	41	0	20
1786949670.508066574	33	0	258	41	0	20
1786949670.730563726	33	0	258	41	0	20
1786949670.955766561	33	0	258	41	0	20
1786949671.177358131	33	0	258	41	0	20
1786949671.399661760	33	0	258	41	0	20
1786949671.621793669	33	0	258	41	0	20
1786949671.843896634	33	0	258	41	0	20
1786949672.066768725	33	0	258	41	0	20
1786949672.288366222	33	0	258	41	0	20
1786949672.511192276	33	0	258	41	0	20
1786949672.733244824	33	0	258	41	0	20
1786949672.955080664	33	0	258	41	0	20
1786949673.177619577	33	0	258	41	0	20
1786949673.399285154	33	0	258	41	0	20
1786949673.625801455	33	0	258	41	0	20
1786949673.851780264	33	0	258	41	0	20
1786949674.073818788	33	0	258	41	0	20
1786949674.295621914	33	0	258	41	0	20
1786949674.519117597	33	0	258	41	0	20
1786949674.741521044	33	0	258	41	0	20
1786949674.965088948	33	0	258	41	0	20
1786949675.190716991	33	0	258	41	0	20
1786949675.416172879	33	0	258	41	0	20
1786949675.639566006	33	0	258	41	0	20
1786949675.861992952	33	0	258	41	0	20
1786949676.087715275	33	0	258	41	0	20
1786949676.310268699	33	0	258	41	0	20
1786949676.536173556	33	0	258	41	0	20
1786949676.762707213	33	0	258	41	0	20
1786949676.988450566	33	0	258	41	0	20
1786949677.210944004	33	0	258	41	0	20
1786949677.432847409	33	0	258	41	0	20
1786949677.662869208	33	0	258	41	0	20
1786949677.884922073	33	0	258	41	0	20
1786949678.107206849	33	0	258	41	0	20
1786949678.329293865	33	0	258	41	0	20
1786949678.552068401	33	0	258	41	0	20
1786949678.774529798	33	0	258	41	0	20
1786949678.995927029	33	0	258	41	0	20
1786949679.221290927	33	0	258	41	0	20
1786949679.443623766	33	0	258	41	0	20
1786949679.665714102	33	0	258	41	0	20
1786949679.887865525	33	0	258	41	0	20
1786949680.113639495	33	0	258	41	0	20
1786949680.335444377	33	0	258	41	0	20
1786949680.557849582	33	0	258	41	0	20
1786949680.780269690	33	0	258	41	0	20
1786949681.001082960	33	0	258	41	0	20
1786949681.222815386	33	0	258	41	0	20
1786949681.445484532	33	0	258	41	0	20
1786949681.667597107	33	0	258	41	0	20
1786949681.893801424	33	0	258	41	0	20
1786949682.116382944	33	0	258	41	0	20
1786949682.337872343	33	0	258	41	0	20
1786949682.560266318	33	0	258	41	0	20
1786949682.783554340	33	0	258	41	0	20
1786949683.005486071	33	0	258	41	0	20
1786949683.227529867	33	0	258	41	0	20
1786949683.454044760	33	0	258	41	0	20
1786949683.676928819	33	0	258	41	0	20
1786949683.903768995	33	0	258	41	0	20
1786949684.129303377	33	0	258	41	0	20
1786949684.351269411	33	0	258	41	0	20
1786949684.577873105	33	0	258	41	0	20
1786949684.800914253	33	0	258	41	0	20
1786949685.022855081	33	0	258	41	0	20
1786949685.245360952	33	0	258	41	0	20
1786949685.467795982	33	0	258	41	0	20
1786949685.691026175	33	0	258	41	0	20
1786949685.921871115	33	0	258	41	0	20
1786949686.148367417	33	0	258	41	0	20
1786949686.371033885	33	0	258	41	0	20
1786949686.593240716	33	0	258	41	0	20
1786949686.816009676	33	0	258	41	0	20
1786949687.041557739	33	0	258	41	0	20
1786949687.266391157	33	0	258	41	0	20
1786949687.500694481	33	0	258	41	0	20
1786949687.727232203	33	0	258	41	0	20
1786949687.953828624	33	0	258	41	0	20
1786949688.184544014	33	0	258	41	0	20
1786949688.411501941	33	0	258	41	0	20
1786949688.633877839	33	0	258	41	0	20
1786949688.856004870	33	0	258	41	0	20
1786949689.078483011	33	0	258	41	0	20
1786949689.299459079	33	0	258	41	0	20
1786949689.525950238	33	0	258	41	0	20
1786949689.748352351	33	0	258	41	0	20
1786949689.970530317	33	0	258	41	0	20
1786949690.192356380	33	0	258	41	0	20
1786949690.414423188	33	0	258	41	0	20
1786949690.636905310	33	0	258	41	0	20
1786949690.859874852	33	0	258	41	0	20
1786949691.083874419	33	0	258	41	0	20
1786949691.316742800	33	0	258	41	0	20
1786949691.539197145	33	0	258	41	0	20
1786949691.762311327	33	0	258	41	0	20
1786949691.986405418	33	0	258	41	0	20
1786949692.209128617	33	0	258	41	0	20
1786949692.431332429	33	0	258	41	0	20
1786949692.653786642	33	0	258	41	0	20
1786949692.876411683	33	0	258	41	0	20
1786949693.102569113	33	0	258	41	0	20
1786949693.324543996	33	0	258	41	0	20
1786949693.550979404	33	0	258	41	0	20
1786949693.777551912	33	0	258	41	0	20
1786949694.002932398	33	0	258	41	0	20
1786949694.224674598	33	0	258	41	0	20
1786949694.446836166	33	0	258	41	0	20
1786949694.670103763	33	0	258	41	0	20
1786949694.892147328	33	0	258	41	0	20
1786949695.114450315	33	0	258	41	0	20
1786949695.335868035	33	0	258	41	0	20
1786949695.558074916	33	0	258	41	0	20
1786949695.781069860	33	0	258	41	0	20
1786949696.002926481	33	0	258	41	0	20
1786949696.228842186	33	0	258	41	0	20
1786949696.451237141	33	0	258	41	0	20
1786949696.673154548	33	0	258	41	0	20
1786949696.898369267	33	0	258	41	0	20
1786949697.124135059	33	0	258	41	0	20
1786949697.346897599	33	0	258	41	0	20
1786949697.569529148	33	0	258	41	0	20
1786949697.791527817	33	0	258	41	0	20
1786949698.013787530	33	0	258	41	0	20
1786949698.235460216	33	0	258	41	0	20
1786949698.457634868	33	0	258	41	0	20
1786949698.684466955	33	0	258	41	0	20
1786949698.911186756	33	0	258	41	0	20
1786949699.133842013	33	0	258	41	0	20
1786949699.355083476	33	0	258	41	0	20
1786949699.577211170	33	0	258	41	0	20
1786949699.799918233	33	0	258	41	0	20
1786949700.021288377	33	0	258	41	0	20
1786949700.243007069	33	0	258	41	0	20
1786949700.465137176	33	0	258	41	0	20
1786949700.687270297	33	0	258	41	0	20
1786949700.932550937	33	0	258	41	0	20
1786949701.161970130	33	0	258	41	0	20
1786949701.383860080	33	0	258	41	0	20
1786949701.607843005	33	0	258	41	0	20
1786949701.829854128	33	0	258	41	0	20
1786949702.051970533	33	0	258	41	0	20
1786949702.273819234	33	0	258	41	0	20
1786949702.501091227	33	0	258	41	0	20
1786949702.724634524	33	0	258	41	0	20
1786949702.952413537	33	0	258	41	0	20
1786949703.174210817	33	0	258	41	0	20
1786949703.400564249	33	0	258	41	0	20
1786949703.627292792	33	0	258	41	0	20
1786949703.850337769	33	0	258	41	0	20
1786949704.071822798	33	0	258	41	0	20
1786949704.294637865	33	0	258	41	0	20
1786949704.516964816	33	0	258	41	0	20
1786949704.740162706	33	0	258	41	0	20
1786949704.965815121	33	0	258	41	0	20
1786949705.191928771	33	0	258	41	0	20
1786949705.413379491	33	0	258	41	0	20
1786949705.636614420	33	0	258	41	0	20
1786949705.858910346	33	0	258	41	0	20
1786949706.081454086	33	0	258	41	0	20
1786949706.302143653	33	0	258	41	0	20
1786949706.524226210	33	0	258	41	0	20
1786949706.751287446	33	0	258	41	0	20
1786949706.973158289	33	0	258	41	0	20
1786949707.194986086	33	0	258	41	0	20
1786949707.421878811	33	0	258	41	0	20
1786949707.644445801	33	0	258	41	0	20
1786949707.866244611	33	0	258	41	0	20
1786949708.088503700	33	0	258	41	0	20
1786949708.314826008	33	0	258	41	0	20
1786949708.541446007	33	0	258	41	0	20
1786949708.765090256	33	0	258	41	0	20
1786949708.987012818	33	0	258	41	0	20
1786949709.209792657	33	0	258	41	0	20
1786949709.435915951	33	0	258	41	0	20
1786949709.658955097	33	0	258	41	0	20
1786949709.881568002	33	0	258	41	0	20
1786949710.107130937	33	0	258	41	0	20
1786949710.328946480	33	0	258	41	0	20
1786949710.555757786	33	0	258	41	0	20
1786949710.778098183	33	0	258	41	0	20
1786949711.000072832	33	0	258	41	0	20
1786949711.222825112	33	0	258	41	0	20
1786949711.444351328	33	0	258	41	0	20
1786949711.667174242	33	0	258	41	0	20
1786949711.889655807	33	0	258	41	0	20
1786949712.112725607	33	0	258	41	0	20
1786949712.334715446	33	0	258	41	0	20
1786949712.557806991	33	0	258	41	0	20
1786949712.779973712	33	0	258	41	0	20
1786949713.001817506	33	0	258	41	0	20
1786949713.224187162	33	0	258	41	0	20
1786949713.458550995	33	0	258	41	0	20
1786949713.696320315	33	0	258	41	0	20
1786949713.920060431	33	0	258	41	0	20
1786949714.141346558	33	0	258	41	0	20
1786949714.362957899	33	0	258	41	0	20
1786949714.586033463	33	0	258	41	0	20
1786949714.812315234	33	0	258	41	0	20
1786949715.034422696	33	0	258	41	0	20
1786949715.257536551	33	0	258	41	0	20
1786949715.479294708	33	0	258	41	0	20
1786949715.702238387	33	0	258	41	0	20
1786949715.928460190	33	0	258	41	0	20
1786949716.154904529	33	0	258	41	0	20
1786949716.377485194	33	0	258	41	0	20
1786949716.599913103	33	0	258	41	0	20
1786949716.822293383	33	0	258	41	0	20
1786949717.043602374	33	0	258	41	2304	20
1786949717.265468019	33	0	258	41	0	20
1786949717.488133757	33	0	258	41	0	20
1786949717.714517261	33	0	258	41	0	20
1786949717.936964544	33	0	258	41	0	20
1786949718.163266273	33	0	258	41	0	20
1786949718.384784292	33	0	258	41	0	20
1786949718.610213877	33	0	258	41	0	20
1786949718.835939538	33	0	258	41	0	20
1786949719.058066243	33	0	258	41	0	20
1786949719.280678113	33	0	258	41	0	20
1786949719.502341522	33	0	258	41	0	20
1786949719.730333120	33	0	258	41	0	20
1786949719.961455173	33	0	258	41	0	20
1786949720.187137223	33	0	258	41	0	20
1786949720.409346205	33	0	258	41	0	20
1786949720.636226022	33	0	258	41	0	20
1786949720.858555659	33	0	258	41	0	20
1786949721.080148303	33	0	258	41	0	20
1786949721.305080356	33	0	258	41	0	20
1786949721.528354444	33	0	258	41	0	20
1786949721.765781404	33	0	258	41	0	20
1786949721.988251756	33	0	258	41	0	20
1786949722.213426291	33	0	258	41	0	20
1786949722.436535217	33	0	258	41	2304	20
1786949722.659725295	33	0	258	41	0	20
1786949722.881824769	33	0	258	41	0	20
1786949723.104163835	33	0	258	41	0	20
1786949723.335038222	33	0	258	41	0	20
1786949723.561381192	33	0	258	41	0	20
1786949723.783516585	33	0	258	41	0	20
1786949724.006606108	33	0	258	41	0	20
1786949724.231199386	33	0	258	41	0	20
1786949724.453963880	33	0	258	41	0	20
1786949724.677235815	33	0	258	41	0	20
1786949724.899448500	33	0	258	41	0	20
1786949725.125119629	33	0	258	41	0	20
1786949725.347033172	33	0	258	41	0	20
1786949725.573962069	33	0	258	41	0	20
1786949725.803548858	33	0	258	41	0	20
1786949726.033319508	33	0	258	41	0	20
1786949726.254988484	33	0	258	41	0	20
1786949726.477378858	33	0	258	41	0	20
1786949726.699594391	33	0	258	41	0	20
1786949726.921718478	33	0	258	41	0	20
1786949727.144124089	33	0	258	41	0	20
1786949727.370922725	33	0	258	41	0	20
1786949727.597612336	33	0	258	41	0	20
1786949727.826933783	33	0	258	41	0	20
1786949728.049486878	33	0	258	41	0	20
1786949728.279976808	33	0	258	41	0	20
1786949728.502082075	33	0	258	41	0	20
1786949728.725183477	33	0	258	41	0	20
1786949728.947282538	33	0	258	41	0	20
1786949729.169159649	33	0	258	41	0	20
1786949729.391816030	33	0	258	41	0	20
1786949729.615217495	33	0	258	41	0	20
1786949729.837364089	33	0	258	41	0	20
1786949730.059149330	33	0	258	41	0	20
1786949730.290840608	33	0	258	41	0	20
1786949730.512350837	33	0	258	41	0	20
1786949730.738024463	33	0	258	41	0	20
1786949730.960472165	33	0	258	41	0	20
1786949731.183085791	33	0	258	41	0	20
1786949731.404803329	33	0	258	41	0	20
1786949731.627974350	33	0	258	41	0	20
1786949731.849798239	33	0	258	41	0	20
1786949732.071607373	33	0	258	41	0	20
1786949732.293851759	33	0	258	41	0	20
1786949732.515329860	33	0	258	41	0	20
1786949732.739842353	33	0	258	41	0	20
1786949732.966853349	33	0	258	41	0	20
1786949733.188892059	33	0	258	41	0	20
1786949733.410692950	33	0	258	41	0	20
1786949733.637156518	33	0	258	41	0	20
1786949733.860172406	33	0	258	41	0	20
1786949734.081911152	33	0	258	41	0	20
1786949734.304210941	33	0	258	41	0	20
1786949734.526999834	33	0	258	41	0	20
1786949734.749969776	33	0	258	41	0	20
1786949734.972637071	33	0	258	41	0	20
1786949735.198552298	33	0	258	41	0	20
1786949735.421322068	33	0	258	41	0	20
1786949735.653292634	33	0	258	41	0	20
1786949735.884503016	33	0	258	41	0	20
1786949736.106895562	33	0	258	41	0	20
1786949736.342072156	33	0	258	41	0	20
1786949736.565082200	33	0	258	41	0	20
1786949736.788000162	33	0	258	41	0	20
1786949737.011015935	33	0	258	41	0	20
1786949737.234661150	33	0	258	41	0	20
1786949737.460725251	33	0	258	41	0	20
1786949737.690058655	33	0	258	41	0	20
1786949737.916205877	33	0	258	41	0	20
1786949738.138802931	33	0	258	41	0	20
1786949738.365160025	33	0	258	41	0	20
1786949738.588864468	33	0	258	41	0	20
1786949738.811824921	33	0	258	41	0	20
1786949739.037246216	33	0	258	41	0	20
1786949739.259385332	33	0	258	41	0	20
1786949739.481842285	33	0	258	41	0	20
1786949739.704294553	33	0	258	41	0	20
1786949739.927808542	33	0	258	41	0	20
1786949740.149569751	33	0	258	41	0	20
1786949740.372062331	33	0	258	41	0	20
1786949740.594405292	33	0	258	41	0	20
1786949740.817482367	33	0	258	41	0	20
1786949741.039326123	33	0	258	41	0	20
1786949741.265263483	33	0	258	41	0	20
1786949741.488175791	33	0	258	41	0	20
1786949741.710537813	33	0	258	41	0	20
1786949741.936243328	33	0	258	41	0	20
1786949742.159341382	33	0	258	41	0	20
1786949742.384844547	33	0	258	41	0	20
1786949742.611295167	33	0	258	41	0	20
1786949742.836952027	33	0	258	41	0	20
1786949743.063498856	33	0	258	41	0	20
1786949743.285725877	33	0	258	41	0	20
1786949743.511624320	33	0	258	41	0	20
1786949743.734538726	33	0	258	41	0	20
1786949743.956849916	33	0	258	41	0	20
1786949744.186636671	33	0	258	41	0	20
1786949744.409214962	33	0	258	41	0	20
1786949744.632589443	33	0	258	41	0	20
1786949744.854985420	33	0	258	41	0	20
1786949745.077791695	33	0	258	41	0	20
1786949745.300000938	33	0	258	41	0	20
1786949745.522863190	33	0	258	41	0	20
1786949745.745573712	33	0	258	41	0	20
1786949745.968842023	33	0	258	41	0	20
1786949746.194790370	33	0	258	41	0	20
1786949746.417637027	33	0	258	41	0	20
1786949746.640491042	33	0	258	41	0	20
1786949746.866902179	33	0	258	41	0	20
1786949747.089767509	33	0	258	41	0	20
1786949747.311461007	33	0	258	41	0	20
1786949747.533730039	33	0	258	41	0	20
1786949747.756812527	33	0	258	41	0	20
1786949747.982732765	33	0	258	41	0	20
1786949748.205544028	33	0	258	41	0	20
1786949748.427581427	33	0	258	41	0	20
1786949748.651280268	33	0	258	41	0	20
1786949748.873884567	33	0	258	41	0	20
1786949749.096711302	33	0	258	41	0	20
1786949749.318234128	33	0	258	41	0	20
1786949749.540915589	33	0	258	41	0	20
1786949749.763841807	33	0	258	41	0	20
1786949749.985560084	33	0	258	41	0	20
1786949750.207822838	33	0	258	41	0	20
1786949750.429849197	33	0	258	41	0	20
1786949750.655363144	33	0	258	41	0	20
1786949750.878163941	33	0	258	41	0	20
1786949751.099926898	33	0	258	41	0	20
1786949751.321666999	33	0	258	41	0	20
1786949751.544686072	33	0	258	41	0	20
1786949751.767744347	33	0	258	41	0	20
1786949751.990253166	33	0	258	41	0	20
1786949752.212072861	33	0	258	41	0	20
1786949752.434944346	33	0	258	41	0	20
1786949752.657312032	33	0	258	41	0	20
1786949752.883151546	33	0	258	41	0	20
1786949753.104883673	33	0	258	41	0	20
1786949753.326958558	33	0	258	41	0	20
1786949753.549253173	33	0	258	41	0	20
1786949753.771930496	33	0	258	41	0	20
1786949753.994118903	33	0	258	41	0	20
1786949754.217055747	33	0	258	41	0	20
1786949754.439089068	33	0	258	41	0	20
1786949754.661796967	33	0	258	41	0	20
1786949754.886979824	33	0	258	41	0	20
1786949755.108226229	33	0	258	41	0	20
1786949755.329917273	33	0	258	41	0	20
1786949755.552379221	33	0	258	41	0	20
1786949755.775030602	33	0	258	41	0	20
1786949756.002639253	33	0	258	41	0	20
1786949756.224441199	33	0	258	41	0	20
1786949756.446144119	33	0	258	41	0	20
1786949756.668897515	33	0	258	41	0	20
1786949756.890873342	33	0	258	41	0	20
1786949757.112528858	33	0	258	41	0	20
1786949757.338788080	33	0	258	41	0	20
1786949757.566172633	33	0	258	41	0	20
1786949757.788557730	33	0	258	41	0	20
1786949758.010789904	33	0	258	41	0	20
1786949758.232049405	33	0	258	41	0	20
1786949758.462306432	33	0	258	41	0	20
1786949758.685006918	33	0	258	41	0	20
1786949758.907864161	33	0	258	41	0	20
1786949759.130470334	33	0	258	41	0	20
1786949759.381089582	33	0	0	41	0	0
